,precision,recall,f1-score,support
accuracy,0.7686862656318242,0.7686862656318242,0.7686862656318242,0.7686862656318242
case,0.8186463361632118,0.7609825436408977,0.7886494766514074,400.8
control,0.713284333585239,0.7788149576770599,0.7444774445658137,305.6
macro avg,0.7659653348742255,0.7698987506589787,0.7665634606086106,706.4
weighted avg,0.7730711658638499,0.7686862656318242,0.7695376625730299,706.4
