,precision,recall,f1-score,support
accuracy,0.8527801707730465,0.8527801707730465,0.8527801707730465,0.8527801707730465
case,0.8839447591788658,0.8522955112219451,0.8677956537983489,400.8
control,0.8153397946384088,0.8534104789456766,0.83389252100733,305.6
macro avg,0.8496422769086373,0.852852995083811,0.8508440874028395,706.4
weighted avg,0.854262539861183,0.8527801707730465,0.8531284440633641,706.4
