,precision,recall,f1-score,support
accuracy,0.7644324601951721,0.7644324601951721,0.7644324601951721,0.7644324601951721
case,0.812467254108121,0.7645940594059406,0.786121786653096,100.2
control,0.7144338399905739,0.7641831852358167,0.7363793609076628,76.4
macro avg,0.7634505470493474,0.7643886223208787,0.7612505737803794,176.6
weighted avg,0.7700571740939692,0.7644324601951721,0.7646110929393766,176.6
