,precision,recall,f1-score,support
accuracy,0.571945701357466,0.571945701357466,0.571945701357466,0.571945701357466
case,0.6355146828831039,0.5711999999999999,0.6015577900181472,125.0
control,0.5062139317279504,0.5729166666666666,0.5374208642327011,96.0
macro avg,0.5708643073055272,0.5720583333333333,0.5694893271254242,221.0
weighted avg,0.5793478407523585,0.571945701357466,0.5736974059665507,221.0
