,precision,recall,f1-score,support
accuracy,0.5339366515837105,0.5339366515837105,0.5339366515837105,0.5339366515837105
case,0.5968104222284839,0.5408000000000001,0.5673085824642775,125.0
control,0.46801672248919957,0.525,0.4947561978910615,96.0
macro avg,0.5324135723588418,0.5329,0.5310323901776696,221.0
weighted avg,0.5408638377263514,0.5339366515837105,0.5357926145048715,221.0
