,precision,recall,f1-score,support
accuracy,0.5006227529532614,0.5006227529532614,0.5006227529532614,0.5006227529532614
case,0.5647107912168152,0.5151485148514852,0.53726691099538,100.2
control,0.4322800887056206,0.48174982911825015,0.4542732413230765,76.4
macro avg,0.498495439961218,0.4984491719848677,0.49577007615922836,176.6
weighted avg,0.5074255905139583,0.5006227529532614,0.5013271968336077,176.6
