,precision,recall,f1-score,support
accuracy,0.5185520361990951,0.5185520361990951,0.5185520361990951,0.5185520361990951
case,0.5757534799803439,0.5664,0.5707680686593364,125.0
control,0.44683350888280315,0.45625,0.4511481962519377,96.0
macro avg,0.5112934944315736,0.511325,0.5109581324556369,221.0
weighted avg,0.5197520445714574,0.5185520361990951,0.5188064951249007,221.0
