,precision,recall,f1-score,support
accuracy,0.6721405932580308,0.6721405932580308,0.6721405932580308,0.6721405932580308
case,0.7301700904678061,0.6696620947630922,0.6986031049020605,400.8
control,0.6091881926156472,0.6753948355298404,0.6405794585419018,305.6
macro avg,0.6696791415417266,0.6725284651464662,0.6695912817219811,706.4
weighted avg,0.6778324022494818,0.6721405932580308,0.6735008815814072,706.4
