,precision,recall,f1-score,support
accuracy,0.7417116076014382,0.7417116076014382,0.7417116076014382,0.7417116076014382
case,0.7825062941875451,0.7584356435643564,0.7694617761636795,100.2
control,0.6940300516063733,0.7195488721804512,0.7053613342995407,76.4
macro avg,0.7382681728969592,0.7389922578724037,0.7374115552316101,176.6
weighted avg,0.7441929708684576,0.7417116076014382,0.7417615548179097,176.6
