,precision,recall,f1-score,support
accuracy,0.6545900765713965,0.6545900765713965,0.6545900765713965,0.6545900765713965
case,0.7138990438995052,0.6547244389027431,0.6819288298432968,400.8
control,0.5924386034949333,0.6544819457837779,0.6207183745723936,305.6
macro avg,0.6531688236972192,0.6546031923432605,0.6513236022078452,706.4
weighted avg,0.6613637549320808,0.6545900765713965,0.6554387808174441,706.4
