,precision,recall,f1-score,support
accuracy,0.9122313890636331,0.9122313890636331,0.9122313890636331,0.9122313890636331
case,0.939814974940143,0.9031882793017456,0.9211147910891462,400.8
control,0.8792576968437246,0.9240951462552234,0.9010872208251641,305.6
macro avg,0.9095363358919337,0.9136417127784846,0.9111010059571552,706.4
weighted avg,0.9136163889156755,0.9122313890636331,0.912449511235628,706.4
