,precision,recall,f1-score,support
accuracy,0.5424242424242424,0.5424242424242424,0.5424242424242424,0.5424242424242424
case,0.5970175910656275,0.5987920792079209,0.5966521752499409,100.2
control,0.4708720419787177,0.46893369788106626,0.46811677601806734,76.4
macro avg,0.5339448165221726,0.5338628885444935,0.532384475634004,176.6
weighted avg,0.5424587381753799,0.5424242424242424,0.5409571845051934,176.6
