,precision,recall,f1-score,support
accuracy,0.5076923076923077,0.5076923076923077,0.5076923076923077,0.5076923076923077
case,0.5656375304072935,0.5536,0.5591760485200609,125.0
control,0.43611130487854444,0.4479166666666667,0.4414786272722558,96.0
macro avg,0.500874417642919,0.5007583333333334,0.5003273378961584,221.0
weighted avg,0.5093727446572486,0.5076923076923077,0.508049566892055,221.0
