,precision,recall,f1-score,support
accuracy,0.7349126861838726,0.7349126861838726,0.7349126861838726,0.7349126861838726
case,0.7902341149199144,0.7326138613861386,0.758677259085863,100.2
control,0.6770769557553737,0.7379015721120984,0.7042517720842496,76.4
macro avg,0.733655535337644,0.7352577167491186,0.7314645155850563,176.6
weighted avg,0.741293895362827,0.7349126861838726,0.7351443827135867,176.6
