,precision,recall,f1-score,support
accuracy,0.4904977375565611,0.4904977375565611,0.4904977375565611,0.4904977375565611
case,0.5562399105319459,0.488,0.5197021569212458,125.0
control,0.42577856370959816,0.49375,0.45709462100014076,96.0
macro avg,0.49100923712077205,0.49087499999999995,0.48839838896069326,221.0
weighted avg,0.4995689182471252,0.4904977375565611,0.4925061232179603,221.0
