,precision,recall,f1-score,support
accuracy,0.6183494877209291,0.6183494877209291,0.6183494877209291,0.6183494877209291
case,0.683858133978769,0.6087830423940149,0.6440965306454327,400.8
control,0.5515601902541607,0.6309011036108433,0.588526260539086,305.6
macro avg,0.617709162116465,0.619842073002429,0.6163113955922593,706.4
weighted avg,0.6266249014599724,0.6183494877209291,0.6200553562784761,706.4
