,precision,recall,f1-score,support
accuracy,0.6429769484435292,0.6429769484435292,0.6429769484435292,0.6429769484435292
case,0.7027968422145313,0.6456620947630922,0.6714144481254081,400.8
control,0.5803782885194748,0.6393699774991963,0.6070228131631685,305.6
macro avg,0.6415875653670031,0.6425160361311443,0.6392186306442883,706.4
weighted avg,0.6498265031892112,0.6429769484435292,0.6435710705871205,706.4
