,precision,recall,f1-score,support
accuracy,0.7360875706214689,0.7360875706214689,0.7360875706214689,0.7360875706214689
case,0.7820748299319729,0.7444950495049505,0.7618332456477808,100.2
control,0.6846826540975173,0.7248462064251538,0.7029914160986198,76.4
macro avg,0.7333787420147451,0.7346706279650521,0.7324123308732002,176.6
weighted avg,0.7399091983642117,0.7360875706214689,0.7364073982626186,176.6
