,precision,recall,f1-score,support
accuracy,0.5514830508474576,0.5514830508474576,0.5514830508474576,0.5514830508474576
case,0.6091026440235302,0.5766336633663366,0.5912971941678739,100.2
control,0.48612211318093673,0.5181476418318522,0.500258126648599,76.4
macro avg,0.5476123786022334,0.5473906525990945,0.5457776604082364,176.6
weighted avg,0.5558860577797742,0.5514830508474576,0.5519814743298911,176.6
