,precision,recall,f1-score,support
accuracy,0.5446648690292758,0.5446648690292758,0.5446648690292758,0.5446648690292758
case,0.6127285820616105,0.5450693069306931,0.5757777393489221,100.2
control,0.4752117882117882,0.54419002050581,0.5063604369486722,76.4
macro avg,0.5439701851366994,0.5446296637182515,0.5410690881487972,176.6
weighted avg,0.5532494667631834,0.5446648690292758,0.5457407697501943,176.6
