,precision,recall,f1-score,support
accuracy,0.8323843715816341,0.8323843715816341,0.8323843715816341,0.8323843715816341
case,0.8617380851162615,0.8393254364089776,0.850341384676185,400.8
control,0.7962969876507795,0.8232936890603236,0.8095073449614176,305.6
macro avg,0.8290175363835205,0.8313095627346506,0.8299243648188014,706.4
weighted avg,0.8334317602837084,0.8323843715816341,0.8326754838144674,706.4
