,precision,recall,f1-score,support
accuracy,0.5049773755656108,0.5049773755656108,0.5049773755656108,0.5049773755656108
case,0.5742568368357396,0.49119999999999997,0.5272864656371841,125.0
control,0.4404041416202181,0.5229166666666667,0.4764459404840564,96.0
macro avg,0.5073304892279789,0.5070583333333334,0.5018662030606202,221.0
weighted avg,0.5161126796380471,0.5049773755656108,0.5052018936249657,221.0
