,precision,recall,f1-score,support
accuracy,0.6950763510183474,0.6950763510183474,0.6950763510183474,0.6950763510183474
case,0.7350398161027897,0.7235511221945137,0.7291315066618453,400.8
control,0.6448533556833491,0.6577606343083682,0.6510771803915987,305.6
macro avg,0.6899465858930693,0.6906558782514409,0.690104343526722,706.4
weighted avg,0.6960264575399364,0.6950763510183474,0.6953589805950535,706.4
