,precision,recall,f1-score,support
accuracy,0.49592760180995477,0.49592760180995477,0.49592760180995477,0.49592760180995477
case,0.5591897688311143,0.5184,0.5376508461235734,125.0
control,0.4259325897646242,0.4666666666666666,0.4450017713856694,96.0
macro avg,0.49256117929786924,0.49253333333333327,0.49132630875462135,221.0
weighted avg,0.5013042973814172,0.49592760180995477,0.49740509420122603,221.0
