,precision,recall,f1-score,support
accuracy,0.8397478072372191,0.8397478072372191,0.8397478072372191,0.8397478072372191
case,0.875300169476227,0.8368291770573567,0.8556198746729011,400.8
control,0.7976411023328497,0.8435679845708777,0.8199454669438181,305.6
macro avg,0.8364706359045384,0.840198580814117,0.8377826708083596,706.4
weighted avg,0.84170298626984,0.8397478072372191,0.8401878820241506,706.4
