,precision,recall,f1-score,support
accuracy,0.569658448895737,0.569658448895737,0.569658448895737,0.569658448895737
case,0.6253119930881963,0.6047524752475247,0.6132905698551852,100.2
control,0.5034168451788589,0.5234107997265892,0.5112924219654207,76.4
macro avg,0.5643644191335275,0.564081637487057,0.5622914959103029,176.6
weighted avg,0.572581318718356,0.569658448895737,0.5692139704691881,176.6
