,precision,recall,f1-score,support
accuracy,0.8029414475239511,0.8029414475239511,0.8029414475239511,0.8029414475239511
case,0.8475788421226212,0.7959014962593516,0.8208039265022107,400.8
control,0.7524863739616967,0.8121761491481839,0.781040286437191,305.6
macro avg,0.8000326080421589,0.8040388227037678,0.8009221064697009,706.4
weighted avg,0.806441176027357,0.8029414475239511,0.8036016171305971,706.4
