,precision,recall,f1-score,support
accuracy,0.5212669683257919,0.5212669683257919,0.5212669683257919,0.5212669683257919
case,0.5867501256668349,0.5264,0.552952044617551,125.0
control,0.4541401821368349,0.5145833333333333,0.48059670450559555,96.0
macro avg,0.5204451539018349,0.5204916666666667,0.5167743745615733,221.0
weighted avg,0.5291458063053869,0.5212669683257919,0.5215216706322672,221.0
