,precision,recall,f1-score,support
accuracy,0.7182797680820288,0.7182797680820288,0.7182797680820288,0.7182797680820288
case,0.7761902396058581,0.7110336658354115,0.7391582824930337,400.8
control,0.6637686469777093,0.7277317047037395,0.6907181935565012,305.6
macro avg,0.7199794432917838,0.7193826852695755,0.7149382380247674,706.4
weighted avg,0.7275460407827267,0.7182797680820288,0.7182090407715653,706.4
