,precision,recall,f1-score,support
accuracy,0.8069042476890343,0.8069042476890343,0.8069042476890343,0.8069042476890343
case,0.8496669363219895,0.8018977556109725,0.8249561691411532,400.8
control,0.7580342086183842,0.813498339226401,0.7846221062221304,305.6
macro avg,0.8038505724701869,0.8076980474186868,0.8047891376816418,706.4
weighted avg,0.8100324151506779,0.8069042476890343,0.8075046810697426,706.4
