,precision,recall,f1-score,support
accuracy,0.6401472927543665,0.6401472927543665,0.6401472927543665,0.6401472927543665
case,0.7118661927144935,0.6162556109725685,0.660078157907757,400.8
control,0.5716552722408175,0.6714668381013608,0.6170626660632009,305.6
macro avg,0.6417607324776554,0.6438612245369646,0.6385704119854789,706.4
weighted avg,0.65120706257131,0.6401472927543665,0.6414713959372156,706.4
