,precision,recall,f1-score,support
accuracy,0.5255328710837185,0.5255328710837185,0.5255328710837185,0.5255328710837185
case,0.5897140280853036,0.538950495049505,0.562838432056766,100.2
control,0.45659113826120923,0.5079630895420368,0.48056286958494915,76.4
macro avg,0.5231525831732563,0.5234567922957709,0.5217006508208575,176.6
weighted avg,0.532130799155773,0.5255328710837185,0.5272427214812898,176.6
