,precision,recall,f1-score,support
accuracy,0.6827747817154597,0.6827747817154597,0.6827747817154597,0.6827747817154597
case,0.7276958548939974,0.7064752475247525,0.7157773251686758,100.2
control,0.6307075144206926,0.6514354066985646,0.6392385653868471,76.4
macro avg,0.679201684657345,0.6789553271116585,0.6775079452777614,176.6
weighted avg,0.6857325222352576,0.6827747817154597,0.6827191626210166,176.6
