,precision,recall,f1-score,support
accuracy,0.5595146379044684,0.5595146379044684,0.5595146379044684,0.5595146379044684
case,0.6372637773020099,0.523009900990099,0.5739385071617923,100.2
control,0.49202040204020403,0.6074846206425153,0.5432780501841014,76.4
macro avg,0.5646420896711069,0.5652472608163072,0.5586082786729468,176.6
weighted avg,0.5744411581954565,0.5595146379044684,0.5606603346733146,176.6
