,precision,recall,f1-score,support
accuracy,0.5375565610859728,0.5375565610859728,0.5375565610859728,0.5375565610859728
case,0.590182836713891,0.5968,0.5934218969308154,125.0
control,0.4672873732144248,0.4604166666666667,0.4637546993344765,96.0
macro avg,0.528735104964158,0.5286083333333333,0.528588298132646,221.0
weighted avg,0.5367983819810913,0.5375565610859728,0.5370958744455279,221.0
