,precision,recall,f1-score,support
accuracy,0.6124016812850852,0.6124016812850852,0.6124016812850852,0.6124016812850852
case,0.6704258730029067,0.6232593516209477,0.6459536372666358,400.8
control,0.5476806344069433,0.5981635058394943,0.5717777494006384,305.6
macro avg,0.609053253704925,0.610711428730221,0.6088656933336372,706.4
weighted avg,0.6173252877612767,0.6124016812850852,0.6138640512848716,706.4
