,precision,recall,f1-score,support
accuracy,0.6993192318017718,0.6993192318017718,0.6993192318017718,0.6993192318017718
case,0.7505152166245599,0.7040985037406484,0.726407520924731,400.8
control,0.6415279692526827,0.6930654666238081,0.6661015801156732,305.6
macro avg,0.6960215929386214,0.6985819851822282,0.6962545505202021,706.4
weighted avg,0.7033693959760895,0.6993192318017718,0.7003170506613305,706.4
