,precision,recall,f1-score,support
accuracy,0.4760180995475113,0.4760180995475113,0.4760180995475113,0.4760180995475113
case,0.5377455105874499,0.5152,0.5256308356935608,125.0
control,0.4030108599716029,0.425,0.4130462267960334,96.0
macro avg,0.4703781852795264,0.47009999999999996,0.4693385312447972,221.0
weighted avg,0.4792182415416521,0.4760180995475113,0.4767253042267616,221.0
