,precision,recall,f1-score,support
accuracy,0.46787330316742076,0.46787330316742076,0.46787330316742076,0.46787330316742076
case,0.5317272284407835,0.4928,0.5114032302840913,125.0
control,0.39753732039970646,0.4354166666666667,0.41549760802608615,96.0
macro avg,0.46463227442024496,0.46410833333333323,0.46345041915508867,221.0
weighted avg,0.47343658965370927,0.46787330316742076,0.4697428694842339,221.0
