,precision,recall,f1-score,support
accuracy,0.7145672829994864,0.7145672829994864,0.7145672829994864,0.7145672829994864
case,0.7558786549707602,0.7364554455445544,0.7454211602933407,100.2
control,0.6650585908344528,0.6856117566643882,0.674279374483689,76.4
macro avg,0.7104686229026066,0.7110336011044713,0.7098502673885149,176.6
weighted avg,0.7165656777654321,0.7145672829994864,0.7146867078374648,176.6
