,precision,recall,f1-score,support
accuracy,0.4868778280542986,0.4868778280542986,0.4868778280542986,0.4868778280542986
case,0.5506333927304115,0.5072,0.5273507132612232,125.0
control,0.41733115442734314,0.4604166666666667,0.4371484686202905,96.0
macro avg,0.4839822735788773,0.48380833333333334,0.4822495909407568,221.0
weighted avg,0.49272834803767596,0.4868778280542986,0.4881678377610895,221.0
