,precision,recall,f1-score,support
accuracy,0.6206599897277864,0.6206599897277864,0.6206599897277864,0.6206599897277864
case,0.6768840871114546,0.634950495049505,0.6537289416343165,100.2
control,0.5592676878029029,0.6021531100478469,0.5782178156727806,76.4
macro avg,0.6180758874571788,0.6185518025486759,0.6159733786535485,176.6
weighted avg,0.6260240625713089,0.6206599897277864,0.6210220802121518,176.6
