,precision,recall,f1-score,support
accuracy,0.5886188699808872,0.5886188699808872,0.5886188699808872,0.5886188699808872
case,0.6503471747149838,0.5948092269326684,0.6213212018570927,400.8
control,0.522039638100294,0.580497160612879,0.5497001970315901,305.6
macro avg,0.586193406407639,0.5876531937727736,0.5855106994443415,706.4
weighted avg,0.5948394052109662,0.5886188699808872,0.5903375052399573,706.4
