,precision,recall,f1-score,support
accuracy,0.7383474576271187,0.7383474576271187,0.7383474576271187,0.7383474576271187
case,0.7708943273154777,0.7663960396039604,0.7683678978563686,100.2
control,0.6973637481543945,0.7016404647983595,0.6991021833411232,76.4
macro avg,0.7341290377349361,0.73401825220116,0.7337350405987458,176.6
weighted avg,0.7391026717852679,0.7383474576271187,0.7383946921170633,176.6
