,precision,recall,f1-score,support
accuracy,0.47564843348741653,0.47564843348741653,0.47564843348741653,0.47564843348741653
case,0.5399955383133175,0.5128712871287128,0.5257317106546315,100.2
control,0.3998979018656096,0.42658920027341074,0.41245445702135236,76.4
macro avg,0.46994672008946364,0.46973024370106187,0.469093083837992,176.6
weighted avg,0.4793970156655094,0.47564843348741653,0.47678303507208897,176.6
