,precision,recall,f1-score,support
accuracy,0.5278055983564458,0.5278055983564458,0.5278055983564458,0.5278055983564458
case,0.5802295754037615,0.6046732673267327,0.592007021345408,100.2
control,0.4520460054928866,0.4269993164730007,0.4388771192450971,76.4
macro avg,0.516137790448324,0.5158362918998667,0.5154420702952525,176.6
weighted avg,0.5247510176877789,0.5278055983564458,0.5257469155161308,176.6
