,precision,recall,f1-score,support
accuracy,0.7247945474434129,0.7247945474434129,0.7247945474434129,0.7247945474434129
case,0.7544104581625104,0.7654600997506235,0.7591095048475142,400.8
control,0.6874914343692387,0.6714539804993035,0.6780726125500987,305.6
macro avg,0.7209509462658745,0.7184570401249635,0.7185910586988065,706.4
weighted avg,0.7254595760212272,0.7247945474434129,0.7240527991597995,706.4
