,precision,recall,f1-score,support
accuracy,0.8355065292041143,0.8355065292041143,0.8355065292041143,0.8355065292041143
case,0.8762682447500769,0.8268466334164588,0.8508109404635323,400.8
control,0.7886507863861191,0.8468659594985535,0.8166858457352488,305.6
macro avg,0.8324595155680979,0.8368562964575063,0.8337483930993905,706.4
weighted avg,0.8383633898188178,0.8355065292041143,0.8360474191920861,706.4
