,precision,recall,f1-score,support
accuracy,0.5049773755656108,0.5049773755656108,0.5049773755656108,0.5049773755656108
case,0.5648278011783824,0.5471999999999999,0.5468848049340146,125.0
control,0.4308100150205413,0.45,0.4295351865808478,96.0
macro avg,0.49781890809946183,0.49860000000000004,0.4882099957574312,221.0
weighted avg,0.506611930268189,0.5049773755656108,0.49590940510639464,221.0
