,precision,recall,f1-score,support
accuracy,0.5565610859728507,0.5565610859728507,0.5565610859728507,0.5565610859728507
case,0.6038341846498143,0.6272,0.6150133300007526,125.0
control,0.4897694717206912,0.4645833333333333,0.4763879136478802,96.0
macro avg,0.5468018281852528,0.5458916666666667,0.5457006218243163,221.0
weighted avg,0.5542857120652178,0.5565610859728507,0.5547959545714505,221.0
