,precision,recall,f1-score,support
accuracy,0.5288135593220339,0.5288135593220339,0.5288135593220339,0.5288135593220339
case,0.5867560982105103,0.581089108910891,0.5785701215810887,100.2
control,0.4566685402525093,0.4608680792891319,0.4517459997105272,76.4
macro avg,0.5217123192315098,0.5209785941000116,0.5151580606458079,176.6
weighted avg,0.5305224651232103,0.5288135593220339,0.5235911618112384,176.6
