,precision,recall,f1-score,support
accuracy,0.5592760180995475,0.5592760180995475,0.5592760180995475,0.5592760180995475
case,0.6080154024457916,0.6208,0.6139933866114744,125.0
control,0.4931666002851204,0.47916666666666663,0.48556178696097396,96.0
macro avg,0.5505910013654559,0.5499833333333333,0.5497775867862242,221.0
weighted avg,0.5581263300140067,0.5592760180995475,0.5582040944556009,221.0
