,precision,recall,f1-score,support
accuracy,0.8289913491551502,0.8289913491551502,0.8289913491551502,0.8289913491551502
case,0.8634939791540666,0.8298416458852869,0.846294215293355,400.8
control,0.7877782333772869,0.8278709953926926,0.8072721048380164,305.6
macro avg,0.8256361062656767,0.8288563206389897,0.8267831600656856,706.4
weighted avg,0.830737540681875,0.8289913491551502,0.8294134438642946,706.4
