,precision,recall,f1-score,support
accuracy,0.5076923076923077,0.5076923076923077,0.5076923076923077,0.5076923076923077
case,0.5694608550191522,0.5344,0.5504336615146609,125.0
control,0.43777391203348204,0.4729166666666666,0.4535695592010856,96.0
macro avg,0.5036173835263171,0.5036583333333333,0.5020016103578733,221.0
weighted avg,0.5122574770706259,0.5076923076923077,0.5083569473874969,221.0
