,precision,recall,f1-score,support
accuracy,0.46515837104072394,0.46515837104072394,0.46515837104072394,0.46515837104072394
case,0.5286817019297837,0.5008,0.5143271251170314,125.0
control,0.39183948076391206,0.41875,0.40481000515188426,96.0
macro avg,0.46026059134684794,0.45977499999999993,0.45956856513445776,221.0
weighted avg,0.4692389271246992,0.46515837104072394,0.46675407753036113,221.0
