,precision,recall,f1-score,support
accuracy,0.7030067595994727,0.7030067595994727,0.7030067595994727,0.7030067595994727
case,0.7490380515407962,0.7155461346633417,0.7315984454520436,400.8
control,0.6498509689511512,0.6865552341155041,0.6672698628282068,305.6
macro avg,0.6994445102459736,0.7010506843894229,0.6994341541401251,706.4
weighted avg,0.7061225030689016,0.7030067595994727,0.7037673533487432,706.4
