,precision,recall,f1-score,support
accuracy,0.5593990755007704,0.5593990755007704,0.5593990755007704,0.5593990755007704
case,0.6213779547414048,0.5709702970297029,0.5920864971005342,100.2
control,0.49488919561383327,0.5446001367053999,0.5156455970245999,76.4
macro avg,0.5581335751776191,0.5577852168675514,0.553866047062567,176.6
weighted avg,0.5666949542177304,0.5593990755007704,0.5589543719942714,176.6
