,precision,recall,f1-score,support
accuracy,0.6237279171057535,0.6237279171057535,0.6237279171057535,0.6237279171057535
case,0.6864751618499639,0.6202605985037406,0.6516460315902171,400.8
control,0.5577721910749345,0.6282845815921997,0.5908878553045772,305.6
macro avg,0.6221236764624491,0.6242725900479702,0.6212669434473972,706.4
weighted avg,0.6307975783444679,0.6237279171057535,0.6253597952752586,706.4
