,precision,recall,f1-score,support
accuracy,0.793882302030284,0.793882302030284,0.793882302030284,0.793882302030284
case,0.8299973870207016,0.8008990024937657,0.8150835217999368,400.8
control,0.7505877442512376,0.7846865959498552,0.7671080354574589,305.6
macro avg,0.7902925656359696,0.7927927992218106,0.791095778628698,706.4
weighted avg,0.7956467567352512,0.793882302030284,0.7943287284703965,706.4
