,precision,recall,f1-score,support
accuracy,0.6941769388803287,0.6941769388803287,0.6941769388803287,0.6941769388803287
case,0.7397744863831821,0.7125742574257425,0.7255977182152067,100.2
control,0.6398950585018697,0.669958988380041,0.6541726289942739,76.4
macro avg,0.6898347724425259,0.6912666229028919,0.6898851736047403,176.6
weighted avg,0.6965720177058771,0.6941769388803287,0.6947208103029515,176.6
