,precision,recall,f1-score,support
accuracy,0.4868778280542986,0.4868778280542986,0.4868778280542986,0.4868778280542986
case,0.5522652878075364,0.4928,0.5207211809273053,125.0
control,0.4201404164726658,0.4791666666666667,0.4476110603022967,96.0
macro avg,0.48620285214010117,0.4859833333333333,0.484166120614801,221.0
weighted avg,0.4948716785399003,0.4868778280542986,0.4889629384838627,221.0
