,precision,recall,f1-score,support
accuracy,0.5413585002568053,0.5413585002568053,0.5413585002568053,0.5413585002568053
case,0.5989894147688795,0.578950495049505,0.5884950469128156,100.2
control,0.47162866754231036,0.49196855775803144,0.481222084894259,76.4
macro avg,0.5353090411555949,0.5354595264037683,0.5348585659035374,176.6
weighted avg,0.5439071482810547,0.5413585002568053,0.5421139028120351,176.6
