,precision,recall,f1-score,support
accuracy,0.5244221879815101,0.5244221879815101,0.5244221879815101,0.5244221879815101
case,0.5882976967157166,0.5390495049504951,0.5619491432095503,100.2
control,0.45568185052628324,0.5054340396445659,0.47861514267365807,76.4
macro avg,0.521989773621,0.5222417722975305,0.5202821429416041,176.6
weighted avg,0.5309353147169431,0.5244221879815101,0.5258600805711612,176.6
