,precision,recall,f1-score,support
accuracy,0.614926810477658,0.614926810477658,0.614926810477658,0.614926810477658
case,0.6837469578159862,0.6027326732673267,0.6379877999557706,100.2
control,0.5492966193518158,0.6305878332194121,0.5850536197761645,76.4
macro avg,0.616521788583901,0.6166602532433695,0.6115207098659676,176.6
weighted avg,0.6255546534122183,0.614926810477658,0.6151475388703498,176.6
