,precision,recall,f1-score,support
accuracy,0.6390145489660257,0.6390145489660257,0.6390145489660257,0.6390145489660257
case,0.7054203815161543,0.6262518703241896,0.6625370409444212,400.8
control,0.5730905618713132,0.6557419907853852,0.6107971691953435,305.6
macro avg,0.6392554716937339,0.6409969305547873,0.6366671050698823,706.4
weighted avg,0.6481710634242723,0.6390145489660257,0.640155286458528,706.4
