,precision,recall,f1-score,support
accuracy,0.46787330316742076,0.46787330316742076,0.46787330316742076,0.46787330316742076
case,0.5345792722547109,0.44480000000000003,0.48332676575209377,125.0
control,0.408025507183444,0.4979166666666667,0.446965932925659,96.0
macro avg,0.4713023897190774,0.4713583333333333,0.46514634933887644,221.0
weighted avg,0.4796056910472827,0.46787330316742076,0.4675320148410632,221.0
