,precision,recall,f1-score,support
accuracy,0.715735747303544,0.715735747303544,0.715735747303544,0.715735747303544
case,0.7540125637602273,0.7403960396039604,0.7462766203659735,100.2
control,0.6705790533750077,0.6830827067669173,0.6755472547052107,76.4
macro avg,0.7122958085676175,0.7117393731854389,0.7109119375355921,176.6
weighted avg,0.7178551396181669,0.715735747303544,0.7157134966554443,176.6
