,precision,recall,f1-score,support
accuracy,0.49321266968325794,0.49321266968325794,0.49321266968325794,0.49321266968325794
case,0.5587686803586629,0.488,0.5194878898570368,125.0
control,0.42944789603004613,0.5,0.46054791314811244,96.0
macro avg,0.4941082881943545,0.49399999999999994,0.49001790150257457,221.0
weighted avg,0.50259313603492,0.49321266968325794,0.49388500404682534,221.0
