,precision,recall,f1-score,support
accuracy,0.4986425339366516,0.4986425339366516,0.4986425339366516,0.4986425339366516
case,0.5638555418524054,0.5024,0.5313192037514539,125.0
control,0.4323628847927913,0.49375,0.460988049120853,96.0
macro avg,0.49810921332259833,0.49807500000000005,0.4961536264361534,221.0
weighted avg,0.5067365596002653,0.4986425339366516,0.5007681139571657,221.0
