,precision,recall,f1-score,support
accuracy,0.49502262443438916,0.49502262443438916,0.49502262443438916,0.49502262443438916
case,0.5563422278149807,0.5424,0.5461115423139995,125.0
control,0.4164903054033238,0.4333333333333333,0.42095215150560145,96.0
macro avg,0.48641626660915216,0.48786666666666667,0.4835318469098005,221.0
weighted avg,0.49559207147326545,0.49502262443438916,0.49174366214383564,221.0
