,precision,recall,f1-score,support
accuracy,0.724812177696928,0.724812177696928,0.724812177696928,0.724812177696928
case,0.7717881574808806,0.7365586034912719,0.7505684379395495,400.8
control,0.6785351282788417,0.7093689060323582,0.6895517524049511,305.6
macro avg,0.7251616428798611,0.7229637547618151,0.7200600951722503,706.4
weighted avg,0.7314393479502675,0.724812177696928,0.7241770008541495,706.4
