,precision,recall,f1-score,support
accuracy,0.8346534653465346,0.8346534653465346,0.8346534653465346,0.8346534653465346
case,0.8713603420967985,0.8313403990024938,0.8508535474386607,400.8
control,0.7914375202906659,0.8390035358405659,0.814491472582651,305.6
macro avg,0.8313989311937322,0.8351719674215298,0.8326725100106558,706.4
weighted avg,0.8367866067430632,0.8346534653465346,0.8351227671180818,706.4
