,precision,recall,f1-score,support
accuracy,0.48235294117647054,0.48235294117647054,0.48235294117647054,0.48235294117647054
case,0.5417164733458422,0.552,0.5465087405895496,125.0
control,0.4013339202077592,0.3916666666666667,0.39602746357943464,96.0
macro avg,0.47152519677680066,0.4718333333333334,0.47126810208449205,221.0
weighted avg,0.4807358167790731,0.48235294117647054,0.48114130804216926,221.0
