,precision,recall,f1-score,support
accuracy,0.5004524886877828,0.5004524886877828,0.5004524886877828,0.5004524886877828
case,0.5571346554411861,0.5696,0.5630439352891917,125.0
control,0.4226204702203854,0.4104166666666667,0.4160755620932283,96.0
macro avg,0.4898775628307857,0.49000833333333327,0.48955974869121005,221.0
weighted avg,0.49870315416880207,0.5004524886877828,0.4992024700094972,221.0
