,precision,recall,f1-score,support
accuracy,0.6404289761230271,0.6404289761230271,0.6404289761230271,0.6404289761230271
case,0.7134176535472359,0.6132917705735661,0.6591364606849804,400.8
control,0.5715603115408238,0.6760184292296153,0.6190425529014405,305.6
macro avg,0.6424889825440298,0.6446550999015908,0.6390895067932105,706.4
weighted avg,0.6520484276465947,0.6404289761230271,0.6417918182584339,706.4
