,precision,recall,f1-score,support
accuracy,0.539027991782229,0.539027991782229,0.539027991782229,0.539027991782229
case,0.5964375805538393,0.5867128712871288,0.5902133398984521,100.2
control,0.4667286300197692,0.47614490772385504,0.4698103761476869,76.4
macro avg,0.5315831052868043,0.5314288895054918,0.5300118580230695,176.6
weighted avg,0.5403144694966704,0.539027991782229,0.5381948946707109,176.6
