,precision,recall,f1-score,support
accuracy,0.8346578729099134,0.8346578729099134,0.8346578729099134,0.8346578729099134
case,0.8639315284028537,0.8413167082294265,0.8523713797694249,400.8
control,0.7989337810728566,0.8259037822779385,0.812038351817194,305.6
macro avg,0.8314326547378552,0.8336102452536824,0.8322048657933095,706.4
weighted avg,0.835806942391667,0.8346578729099134,0.8349244032690576,706.4
