,precision,recall,f1-score,support
accuracy,0.4914027149321266,0.4914027149321266,0.4914027149321266,0.4914027149321266
case,0.5479653954423869,0.5711999999999999,0.5585840596294327,125.0
control,0.4099538744312666,0.3875,0.3974096838356274,96.0
macro avg,0.47895963493682664,0.47935,0.47799687173252997,221.0
weighted avg,0.48801468948280513,0.4914027149321266,0.48857166109456696,221.0
