,precision,recall,f1-score,support
accuracy,0.7296124149039752,0.7296124149039752,0.7296124149039752,0.7296124149039752
case,0.7598368431594072,0.7669563591022444,0.7627520575370871,400.8
control,0.6913677824313544,0.6805764491588986,0.6848693065280382,305.6
macro avg,0.7256023127953808,0.7237664041305715,0.7238106820325626,706.4
weighted avg,0.7302037788290912,0.7296124149039752,0.7290655105851913,706.4
