,precision,recall,f1-score,support
accuracy,0.6093477144324602,0.6093477144324602,0.6093477144324602,0.6093477144324602
case,0.6821684550649979,0.5789306930693069,0.6251959594492424,100.2
control,0.5432875470762948,0.6492822966507177,0.5906280803595976,76.4
macro avg,0.6127280010706464,0.6141064948600123,0.60791201990442,176.6
weighted avg,0.6221065713151674,0.6093477144324602,0.6102426351560888,176.6
