,precision,recall,f1-score,support
accuracy,0.5288071391884952,0.5288071391884952,0.5288071391884952,0.5288071391884952
case,0.5930315639627736,0.544990099009901,0.5674348867985964,100.2
control,0.4590834244599756,0.5077922077922078,0.48167419449527876,76.4
macro avg,0.5260574942113745,0.5263911534010545,0.5245545406469376,176.6
weighted avg,0.5351043491701046,0.5288071391884952,0.5302988516939365,176.6
