,precision,recall,f1-score,support
accuracy,0.5095022624434389,0.5095022624434389,0.5095022624434389,0.5095022624434389
case,0.5747169864315962,0.5104,0.5379520010401821,125.0
control,0.4436490201231651,0.5083333333333334,0.47151327856766045,96.0
macro avg,0.5091830032773806,0.5093666666666666,0.5047326398039214,221.0
weighted avg,0.5177824852297438,0.5095022624434389,0.509091741504607,221.0
