,precision,recall,f1-score,support
accuracy,0.8012393266845909,0.8012393266845909,0.8012393266845909,0.8012393266845909
case,0.8348329961151799,0.8103753117206983,0.8223387203431282,400.8
control,0.7602993141722522,0.7892424729454623,0.7743795158480496,305.6
macro avg,0.7975661551437161,0.7998088923330803,0.7983591180955889,706.4
weighted avg,0.8025854697549336,0.8012393266845909,0.8015924600065141,706.4
