,precision,recall,f1-score,support
accuracy,0.5221719457013575,0.5221719457013575,0.5221719457013575,0.5221719457013575
case,0.5804335059210161,0.5631999999999999,0.5690984176575162,125.0
control,0.4522437138907727,0.46875,0.4569691178947936,96.0
macro avg,0.5163386099058943,0.515975,0.513033767776155,221.0
weighted avg,0.524749252369417,0.5221719457013575,0.5203906675343426,221.0
