,precision,recall,f1-score,support
accuracy,0.4805429864253393,0.4805429864253393,0.4805429864253393,0.4805429864253393
case,0.5410263030445102,0.544,0.5423796174956064,125.0
control,0.4002403596918371,0.3979166666666667,0.3989103580911199,96.0
macro avg,0.47063333136817354,0.47095833333333337,0.47064498779336317,221.0
weighted avg,0.47987041814923137,0.4805429864253393,0.48005812924750363,221.0
