,precision,recall,f1-score,support
accuracy,0.706969559764556,0.706969559764556,0.706969559764556,0.706969559764556
case,0.7557511354247224,0.7170935162094763,0.7345930459328845,400.8
control,0.6536130792002348,0.6936869173899067,0.6713583007500326,305.6
macro avg,0.7046821073124786,0.7053902167996915,0.7029756733414585,706.4
weighted avg,0.711565057313741,0.706969559764556,0.7072379720182034,706.4
