,precision,recall,f1-score,support
accuracy,0.5468733949666154,0.5468733949666154,0.5468733949666154,0.5468733949666154
case,0.6021298870696461,0.5767326732673268,0.586780382586759,100.2
control,0.4837772177786944,0.5077922077922078,0.49290348908386045,76.4
macro avg,0.5429535524241702,0.5422624405297672,0.5398419358353097,176.6
weighted avg,0.550962276713751,0.5468733949666154,0.5461674838168652,176.6
