,precision,recall,f1-score,support
accuracy,0.8074700185518349,0.8074700185518349,0.8074700185518349,0.8074700185518349
case,0.8424824041726373,0.8128740648379053,0.8273821900855853,400.8
control,0.7651805794930674,0.8003642987249545,0.7823341705601429,305.6
macro avg,0.8038314918328522,0.8066191817814298,0.8048581803228642,706.4
weighted avg,0.809038065619385,0.8074700185518349,0.8078964331862449,706.4
