,precision,recall,f1-score,support
accuracy,0.6228732504978544,0.6228732504978544,0.6228732504978544,0.6228732504978544
case,0.6844927315957555,0.6222543640897755,0.651821617149292,400.8
control,0.5573261490572252,0.6236729883210115,0.5885649119351892,305.6
macro avg,0.6209094403264903,0.6229636762053936,0.6201932645422407,706.4
weighted avg,0.6294779500697538,0.6228732504978544,0.6244580746664863,706.4
