,precision,recall,f1-score,support
accuracy,0.7303864920390344,0.7303864920390344,0.7303864920390344,0.7303864920390344
case,0.7700365720121194,0.7525346534653465,0.7604836325896697,100.2
control,0.6825309101291779,0.7015037593984962,0.6909273685611009,76.4
macro avg,0.7262837410706486,0.7270192064319214,0.7257055005753853,176.6
weighted avg,0.7322274899583677,0.7303864920390344,0.7303810520574117,176.6
