,precision,recall,f1-score,support
accuracy,0.7021443246019518,0.7021443246019518,0.7021443246019518,0.7021443246019518
case,0.7382009114325342,0.7365544554455445,0.7372496657542577,100.2
control,0.6554187619212761,0.656971975393028,0.6559976906978422,76.4
macro avg,0.6968098366769052,0.6967632154192863,0.69662367822605,176.6
weighted avg,0.702391252697397,0.7021443246019518,0.7021096852349211,176.6
