,precision,recall,f1-score,support
accuracy,0.48597285067873297,0.48597285067873297,0.48597285067873297,0.48597285067873297
case,0.5526773213129517,0.4896,0.5186882570009993,125.0
control,0.41844213256436386,0.48125,0.4471847122500347,96.0
macro avg,0.4855597269386577,0.48542500000000005,0.48293648462551697,221.0
weighted avg,0.494367013078271,0.48597285067873297,0.48762789367026355,221.0
