,precision,recall,f1-score,support
accuracy,0.5232344632768362,0.5232344632768362,0.5232344632768362,0.5232344632768362
case,0.5936874591733927,0.5047920792079208,0.5438404395461671,100.2
control,0.45802048145991064,0.5471975393028025,0.4971182157732471,76.4
macro avg,0.5258539703166517,0.5259948092553616,0.5204793276597071,176.6
weighted avg,0.535003367863941,0.5232344632768362,0.5236799648796892,176.6
