,precision,recall,f1-score,support
accuracy,0.6276911179584166,0.6276911179584166,0.6276911179584166,0.6276911179584166
case,0.7090355667108044,0.58435536159601,0.6400684390133097,400.8
control,0.557012761745064,0.6845515911282545,0.6137561574258006,305.6
macro avg,0.6330241642279341,0.6344534763621322,0.6269122982195551,706.4
weighted avg,0.6432714299970155,0.6276911179584166,0.628681723074607,706.4
