,precision,recall,f1-score,support
accuracy,0.6246789933230611,0.6246789933230611,0.6246789933230611,0.6246789933230611
case,0.6857903986257645,0.6225,0.6499852365978986,100.0
control,0.5645858662613982,0.627435064935065,0.5916605075378755,76.5
macro avg,0.6251881324435814,0.6249675324675326,0.620822872067887,176.5
weighted avg,0.63324592484278,0.6246789933230611,0.6247204529233443,176.5
