,precision,recall,f1-score,support
accuracy,0.7112132419231401,0.7112132419231401,0.7112132419231401,0.7112132419231401
case,0.7527116351461617,0.7320311720698254,0.7420127585566132,400.8
control,0.6606778128733245,0.6839151398264225,0.6717965591620011,305.6
macro avg,0.7066947240097431,0.7079731559481239,0.7069046588593071,706.4
weighted avg,0.7128978823666428,0.7112132419231401,0.7116358063175768,706.4
