,precision,recall,f1-score,support
accuracy,0.8162510868650605,0.8162510868650605,0.8162510868650605,0.8162510868650605
case,0.8499625792719016,0.82135536159601,0.8353469126738062,400.8
control,0.7755605327718775,0.8095360548591021,0.7920883353779562,305.6
macro avg,0.8127615560218896,0.8154457082275561,0.8137176240258812,706.4
weighted avg,0.8177707420755473,0.8162510868650605,0.8166348315191942,706.4
