,precision,recall,f1-score,support
accuracy,0.7373202362609143,0.7373202362609143,0.7373202362609143,0.7373202362609143
case,0.7832801392934633,0.7425346534653465,0.7618753776055376,100.2
control,0.6855234188953243,0.7303485987696514,0.706546529215787,76.4
macro avg,0.7344017790943939,0.736441626117499,0.7342109534106622,176.6
weighted avg,0.7409666284831594,0.7373202362609143,0.7379565492989136,176.6
