,precision,recall,f1-score,support
accuracy,0.5266692347200822,0.5266692347200822,0.5266692347200822,0.5266692347200822
case,0.5868287760600002,0.556950495049505,0.5709457258122818,100.2
control,0.4573025000661749,0.4870471633629528,0.4710296916192339,76.4
macro avg,0.5220656380630875,0.5219988292062289,0.520987708715758,176.6
weighted avg,0.5307991247903215,0.5266692347200822,0.5277034556572135,176.6
