,precision,recall,f1-score,support
accuracy,0.534841628959276,0.534841628959276,0.534841628959276,0.534841628959276
case,0.5905237317466175,0.5791999999999999,0.584685961347349,125.0
control,0.46556690876967377,0.4770833333333333,0.4711022242362448,96.0
macro avg,0.5280453202581457,0.5281416666666667,0.5278940927917969,221.0
weighted avg,0.5362438448426058,0.534841628959276,0.5353464194348332,221.0
