,precision,recall,f1-score,support
accuracy,0.7112031330251669,0.7112031330251669,0.7112031330251669,0.7112031330251669
case,0.7601428888133805,0.7165346534653466,0.7372598615203657,100.2
control,0.6563244145469735,0.7042720437457279,0.678935872691147,76.4
macro avg,0.708233651680177,0.7104033486055373,0.7080978671057563,176.6
weighted avg,0.7152447434462437,0.7112031330251669,0.7120225400534101,176.6
