,precision,recall,f1-score,support
accuracy,0.8168184604781805,0.8168184604781805,0.8168184604781805,0.8168184604781805
case,0.8554199416743765,0.8148728179551121,0.834642742102276,400.8
control,0.7714624166313643,0.8193678345655202,0.7946789191390681,305.6
macro avg,0.8134411791528704,0.8171203262603163,0.8146608306206721,706.4
weighted avg,0.8190985692156831,0.8168184604781805,0.8173542606193507,706.4
