,precision,recall,f1-score,support
accuracy,0.5194570135746607,0.5194570135746607,0.5194570135746607,0.5194570135746607
case,0.5808292427560099,0.5408000000000001,0.5595395568644397,125.0
control,0.45132524737887697,0.4916666666666666,0.47006506089832956,96.0
macro avg,0.5160772450674435,0.5162333333333333,0.5148023088813847,221.0
weighted avg,0.5245741135424137,0.5194570135746607,0.5206728074854959,221.0
