,precision,recall,f1-score,support
accuracy,0.5504558294812532,0.5504558294812532,0.5504558294812532,0.5504558294812532
case,0.6062225992420214,0.588930693069307,0.5971921918069905,100.2
control,0.48277618175450987,0.5001025290498975,0.49096147006547614,76.4
macro avg,0.5444993904982656,0.5445166110596021,0.5440768309362333,176.6
weighted avg,0.5528280180580757,0.5504558294812532,0.5512172075891658,176.6
