,precision,recall,f1-score,support
accuracy,0.5185520361990951,0.5185520361990951,0.5185520361990951,0.5185520361990951
case,0.575573101867754,0.568,0.5716126000928292,125.0
control,0.446382790233345,0.4541666666666667,0.4500541181960956,96.0
macro avg,0.5109779460505496,0.5110833333333333,0.5108333591444624,221.0
weighted avg,0.5194542334654768,0.5185520361990951,0.5188089156489992,221.0
