,precision,recall,f1-score,support
accuracy,0.698186488013431,0.698186488013431,0.698186488013431,0.698186488013431
case,0.7508425685260365,0.7020860349127183,0.7252268448060121,400.8
control,0.6395597601580828,0.6930226079502839,0.6647318962283644,305.6
macro avg,0.6952011643420597,0.697554321431501,0.6949793705171882,706.4
weighted avg,0.7026930378165666,0.698186488013431,0.6990629655445532,706.4
