,precision,recall,f1-score,support
accuracy,0.4948831535695942,0.4948831535695942,0.4948831535695942,0.4948831535695942
case,0.5604915024742808,0.49893069306930693,0.5272629325088822,100.2
control,0.4279500254931391,0.4894736842105263,0.4560907711284485,76.4
macro avg,0.49422076398370995,0.4942021886399166,0.4916768518186654,176.6
weighted avg,0.503166631520022,0.4948831535695942,0.4965021008587998,176.6
