,precision,recall,f1-score,support
accuracy,0.5339366515837105,0.5339366515837105,0.5339366515837105,0.5339366515837105
case,0.5984632837186642,0.5408000000000001,0.5651655097235843,125.0
control,0.4672047013956959,0.525,0.491729521549955,96.0
macro avg,0.53283399255718,0.5329,0.5284475156367696,221.0
weighted avg,0.5414459809901351,0.5339366515837105,0.5332657139558539,221.0
