,precision,recall,f1-score,support
accuracy,0.5149321266968325,0.5149321266968325,0.5149321266968325,0.5149321266968325
case,0.5726062824594329,0.5696,0.5702000197297028,125.0
control,0.4396996736389259,0.44375,0.4405358318332578,96.0
macro avg,0.5061529780491794,0.506675,0.5053679257814803,221.0
weighted avg,0.5148730949174933,0.5149321266968325,0.5138753046253647,221.0
