,precision,recall,f1-score,support
accuracy,0.8137035152321384,0.8137035152321384,0.8137035152321384,0.8137035152321384
case,0.8429109685674125,0.8258478802992519,0.8341983004031382,400.8
control,0.7774819713133742,0.7977777777777778,0.7873582846118892,305.6
macro avg,0.8101964699403933,0.8118128290385147,0.8107782925075137,706.4
weighted avg,0.8146060697364756,0.8137035152321384,0.8139345277756673,706.4
