,precision,recall,f1-score,support
accuracy,0.7066512583461736,0.7066512583461736,0.7066512583461736,0.7066512583461736
case,0.7480346572556804,0.7305346534653465,0.7381508847558163,100.2
control,0.6583543005091019,0.6754272043745728,0.6652418588170097,76.4
macro avg,0.7031944788823912,0.7029809289199596,0.701696371786413,176.6
weighted avg,0.7092679328942637,0.7066512583461736,0.7066024568280687,176.6
