,precision,recall,f1-score,support
accuracy,0.5254750898818695,0.5254750898818695,0.5254750898818695,0.5254750898818695
case,0.5929627647326919,0.5005940594059406,0.5386721663558233,100.2
control,0.46639469935522565,0.557552973342447,0.5037885990834725,76.4
macro avg,0.5296787320439588,0.5290735163741938,0.5212303827196478,176.6
weighted avg,0.5381888011698622,0.5254750898818695,0.5236924581940288,176.6
