,precision,recall,f1-score,support
accuracy,0.5131221719457013,0.5131221719457013,0.5131221719457013,0.5131221719457013
case,0.5795199102806005,0.5056,0.5376555391060256,125.0
control,0.44922306947888113,0.5229166666666667,0.4811384553880604,96.0
macro avg,0.5143714898797408,0.5142583333333334,0.509396997247043,221.0
weighted avg,0.52292037762465,0.5131221719457013,0.5131051316991266,221.0
