,precision,recall,f1-score,support
accuracy,0.5294117647058824,0.5294117647058824,0.5294117647058824,0.5294117647058824
case,0.5959321167933609,0.5232,0.5565544744078681,125.0
control,0.46398070071254666,0.5375,0.4974763216294161,96.0
macro avg,0.5299564087529538,0.53035,0.5270153980186422,221.0
weighted avg,0.5386138546044099,0.5294117647058824,0.5308915664136084,221.0
