,precision,recall,f1-score,support
accuracy,0.5857976287309021,0.5857976287309021,0.5857976287309021,0.5857976287309021
case,0.6523905576412182,0.577361596009975,0.6125274063344828,400.8
control,0.5187485869762771,0.596871316832744,0.5550188444522185,305.6
macro avg,0.5855695723087476,0.5871164564213596,0.5837731253933507,706.4
weighted avg,0.5945764769322133,0.5857976287309021,0.5876470015840042,706.4
