,precision,recall,f1-score,support
accuracy,0.617231638418079,0.617231638418079,0.617231638418079,0.617231638418079
case,0.684860229030782,0.6168910891089109,0.6451300259781657,100.2
control,0.5515469592784692,0.6181134654818865,0.578599799538347,76.4
macro avg,0.6182035941546256,0.6175022772953987,0.6118649127582565,176.6
weighted avg,0.6272422060660825,0.617231638418079,0.6162801523942824,176.6
