,precision,recall,f1-score,support
accuracy,0.6217514124293786,0.6217514124293786,0.6217514124293786,0.6217514124293786
case,0.678395692938507,0.6309108910891089,0.6521910803483125,100.2
control,0.5621424829341832,0.6100478468899522,0.5833098595934124,76.4
macro avg,0.620269087936345,0.6204793689895306,0.6177504699708625,176.6
weighted avg,0.6281477209055815,0.6217514124293786,0.6223478431429053,176.6
