,precision,recall,f1-score,support
accuracy,0.6426916588866496,0.6426916588866496,0.6426916588866496,0.6426916588866496
case,0.6951379854556424,0.6750536159600997,0.6773279112371684,400.8
control,0.5931546806851519,0.6,0.5879274701392448,305.6
macro avg,0.6441463330703971,0.6375268079800499,0.6326276906882067,706.4
weighted avg,0.6509874029058554,0.6426916588866496,0.6386921444083037,706.4
