,precision,recall,f1-score,support
accuracy,0.7055451154180574,0.7055451154180574,0.7055451154180574,0.7055451154180574
case,0.7469454588155517,0.7275411471321696,0.7369968042723174,400.8
control,0.6547839766375156,0.6767170256080574,0.6654129426313012,305.6
macro avg,0.7008647177265337,0.7021290863701135,0.7012048734518094,706.4
weighted avg,0.707078464760344,0.7055451154180574,0.7060259395584427,706.4
