,precision,recall,f1-score,support
accuracy,0.6999036979969183,0.6999036979969183,0.6999036979969183,0.6999036979969183
case,0.751532299937958,0.7066534653465346,0.7267844762176718,100.2
control,0.6451411888346825,0.6910457963089541,0.6650029221371319,76.4
macro avg,0.6983367443863202,0.6988496308277444,0.6958936991774018,176.6
weighted avg,0.7055149469641215,0.6999036979969183,0.7000631055744295,176.6
