,precision,recall,f1-score,support
accuracy,0.5122171945701357,0.5122171945701357,0.5122171945701357,0.5122171945701357
case,0.5755441897758139,0.5248,0.5487972103297927,125.0
control,0.4447986172637924,0.4958333333333333,0.46874044722598407,96.0
macro avg,0.5101714035198032,0.5103166666666666,0.5087688287778884,221.0
weighted avg,0.5187497329380127,0.5122171945701357,0.5140214218322107,221.0
