,precision,recall,f1-score,support
accuracy,0.47239819004524886,0.47239819004524886,0.47239819004524886,0.47239819004524886
case,0.5372731810935389,0.49119999999999997,0.5130367528717587,125.0
control,0.4026446516680668,0.4479166666666667,0.4239184068179792,96.0
macro avg,0.469958916380803,0.46955833333333336,0.46847757984486893,221.0
weighted avg,0.4787920099403927,0.47239819004524886,0.47432471114704,221.0
