,precision,recall,f1-score,support
accuracy,0.5628659476117103,0.5628659476117103,0.5628659476117103,0.5628659476117103
case,0.6136447770803155,0.622990099009901,0.6165434122686517,100.2
control,0.49525929954564507,0.4843814080656186,0.4874530622186025,76.4
macro avg,0.5544520383129803,0.5536857535377598,0.5519982372436271,176.6
weighted avg,0.5624596216425884,0.5628659476117103,0.5606323377667337,176.6
