,precision,recall,f1-score,support
accuracy,0.5131221719457013,0.5131221719457013,0.5131221719457013,0.5131221719457013
case,0.580078039346219,0.5072,0.5393733115011293,125.0
control,0.4477684407997585,0.5208333333333333,0.4800248675066328,96.0
macro avg,0.5139232400729888,0.5140166666666667,0.5096990895038811,221.0
weighted avg,0.5226041865839557,0.5131221719457013,0.5135929919379091,221.0
