,precision,recall,f1-score,support
accuracy,0.7970008534645452,0.7970008534645452,0.7970008534645452,0.7970008534645452
case,0.836227661870619,0.7989052369077306,0.8170305274177402,400.8
control,0.7509428211985434,0.7945269473909782,0.77197713783371,305.6
macro avg,0.7935852415345812,0.7967160921493545,0.7945038326257251,706.4
weighted avg,0.7993380743784579,0.7970008534645452,0.7975376517894304,706.4
