,precision,recall,f1-score,support
accuracy,0.5285067873303168,0.5285067873303168,0.5285067873303168,0.5285067873303168
case,0.598813163990734,0.504,0.547225382242377,125.0
control,0.4646669482254019,0.5604166666666666,0.5079913281199777,96.0
macro avg,0.531740056108068,0.5322083333333334,0.5276083551811774,221.0
weighted avg,0.5405415046537572,0.5285067873303168,0.5301825352027827,221.0
