,precision,recall,f1-score,support
accuracy,0.48416289592760176,0.48416289592760176,0.48416289592760176,0.48416289592760176
case,0.5453893428894055,0.5184,0.5253881523227417,125.0
control,0.4086546780373254,0.4395833333333333,0.41766179462127495,96.0
macro avg,0.47702201046336545,0.47899166666666665,0.4715249734720083,221.0
weighted avg,0.48599328937899966,0.48416289592760176,0.47859299241622216,221.0
