,precision,recall,f1-score,support
accuracy,0.4995475113122172,0.4995475113122172,0.4995475113122172,0.4995475113122172
case,0.5557118343595457,0.5664,0.5602038775132681,125.0
control,0.4237054659859959,0.4125,0.4169478616169006,96.0
macro avg,0.4897086501727708,0.48945,0.48857586956508425,221.0
weighted avg,0.49836970149139737,0.4995475113122172,0.4979750199293256,221.0
