,precision,recall,f1-score,support
accuracy,0.5164355418592707,0.5164355418592707,0.5164355418592707,0.5164355418592707
case,0.5751476414670504,0.5727524752475247,0.5732983619490172,100.2
control,0.43946876635658827,0.4428571428571429,0.44035605296937697,76.4
macro avg,0.5073082039118193,0.5078048090523338,0.5068272074591971,176.6
weighted avg,0.5164337235589496,0.5164355418592707,0.5157156437408549,176.6
