,precision,recall,f1-score,support
accuracy,0.7587955829481253,0.7587955829481253,0.7587955829481253,0.7587955829481253
case,0.794959453859812,0.7745148514851484,0.7841619864594553,100.2
control,0.7158422183224944,0.7382775119617225,0.7262872426380412,76.4
macro avg,0.7554008360911533,0.7563961817234355,0.7552246145487483,176.6
weighted avg,0.7607595921641865,0.7587955829481253,0.7591173383094277,176.6
