,precision,recall,f1-score,support
accuracy,0.8909957487047775,0.8909957487047775,0.8909957487047775,0.8909957487047775
case,0.90958609962371,0.897208229426434,0.9032776612143968,400.8
control,0.8677518213290352,0.8828522447230258,0.8751124311202547,305.6
macro avg,0.8886689604763726,0.89003023707473,0.8891950461673257,706.4
weighted avg,0.8914915059131593,0.8909957487047775,0.8910938040468848,706.4
