,precision,recall,f1-score,support
accuracy,0.980188002612483,0.980188002612483,0.980188002612483,0.980188002612483
case,0.9893266009658415,0.9755523690773067,0.9823751374286414,400.8
control,0.9687050617317936,0.9862637951355406,0.9773800395435192,305.6
macro avg,0.9790158313488175,0.9809080821064237,0.9798775884860802,706.4
weighted avg,0.9804028468048667,0.980188002612483,0.980213747868072,706.4
