,precision,recall,f1-score,support
accuracy,0.4886877828054298,0.4886877828054298,0.4886877828054298,0.4886877828054298
case,0.5441237112292661,0.4688,0.4941657528776431,125.0
control,0.4339289030981198,0.5145833333333333,0.4637780171105817,96.0
macro avg,0.48902630716369294,0.49169166666666664,0.4789718849941124,221.0
weighted avg,0.49625628326279525,0.4886877828054298,0.48096565046299194,221.0
