,precision,recall,f1-score,support
accuracy,0.621648690292758,0.621648690292758,0.621648690292758,0.621648690292758
case,0.7002529942937089,0.5787128712871288,0.6330712745141248,100.2
control,0.5530794147267897,0.6778537252221463,0.6086793270411823,76.4
macro avg,0.6266662045102492,0.6282832982546376,0.6208753007776536,176.6
weighted avg,0.6365757964794424,0.621648690292758,0.6225381927984049,176.6
