,precision,recall,f1-score,support
accuracy,0.5158371040723981,0.5158371040723981,0.5158371040723981,0.5158371040723981
case,0.5715389705882353,0.5728,0.5716169306217623,125.0
control,0.4432586143365307,0.4416666666666667,0.4417509824828582,96.0
macro avg,0.5073987924623831,0.5072333333333333,0.5066839565523102,221.0
weighted avg,0.5158153769223365,0.5158371040723981,0.5152045730591615,221.0
