,precision,recall,f1-score,support
accuracy,0.7687030945101795,0.7687030945101795,0.7687030945101795,0.7687030945101795
case,0.8062593314325769,0.7804463840399002,0.7927572670384286,400.8
control,0.7242346917622153,0.7532904746598093,0.7379938809824658,305.6
macro avg,0.7652470115973962,0.7668684293498547,0.7653755740104472,706.4
weighted avg,0.7707691601123748,0.7687030945101795,0.7690656186610424,706.4
