,precision,recall,f1-score,support
accuracy,0.5122171945701357,0.5122171945701357,0.5122171945701357,0.5122171945701357
case,0.5710212913667129,0.5504,0.5601137217827772,125.0
control,0.44200649558043353,0.4625,0.4515528179319017,96.0
macro avg,0.5065138934735732,0.5064500000000001,0.5058332698573393,221.0
weighted avg,0.5149786651428088,0.5122171945701357,0.5129560440918991,221.0
