,precision,recall,f1-score,support
accuracy,0.4886877828054299,0.4886877828054299,0.4886877828054299,0.4886877828054299
case,0.5514040060468632,0.5104,0.5277675520537259,125.0
control,0.4189269020947915,0.4604166666666666,0.4361018501052717,96.0
macro avg,0.48516545407082734,0.48540833333333333,0.4819347010794989,221.0
weighted avg,0.49385739075546553,0.4886877828054299,0.48794896659195397,221.0
