,precision,recall,f1-score,support
accuracy,0.8357858084472956,0.8357858084472956,0.8357858084472956,0.8357858084472956
case,0.8730075687780021,0.8318354114713216,0.8518435685384093,400.8
control,0.7922600843800047,0.8409621772206151,0.8157760873866315,305.6
macro avg,0.8326338265790033,0.8363987943459683,0.8338098279625203,706.4
weighted avg,0.8380744089934726,0.8357858084472956,0.8362409375334596,706.4
