,precision,recall,f1-score,support
accuracy,0.5130392912172572,0.5130392912172572,0.5130392912172572,0.5130392912172572
case,0.5687162493863525,0.5888514851485148,0.5782653611762025,100.2
control,0.43348607388822363,0.4136021872863978,0.42279818650125633,76.4
macro avg,0.501101161637288,0.5012268362174563,0.5005317738387294,176.6
weighted avg,0.5102253445927538,0.5130392912172572,0.5110150626702815,176.6
