,precision,recall,f1-score,support
accuracy,0.7440613764766307,0.7440613764766307,0.7440613764766307,0.7440613764766307
case,0.7846349133451376,0.7565742574257426,0.7698558030147009,100.2
control,0.6968445003758672,0.7278195488721805,0.7113407919173707,76.4
macro avg,0.7407397068605024,0.7421969031489615,0.7405982974660358,176.6
weighted avg,0.7467066510799805,0.7440613764766307,0.7445306382647147,176.6
