,precision,recall,f1-score,support
accuracy,0.6073025311434421,0.6073025311434421,0.6073025311434421,0.6073025311434421
case,0.6698011892932658,0.607283042394015,0.6369154476328219,400.8
control,0.5412394272637202,0.6073459766420229,0.5722915232452189,305.6
macro avg,0.605520308278493,0.6073145095180189,0.6046034854390204,706.4
weighted avg,0.6141850310254389,0.6073025311434421,0.6089551365420788,706.4
