,precision,recall,f1-score,support
accuracy,0.736696170628799,0.736696170628799,0.736696170628799,0.736696170628799
case,0.7902498810090434,0.7340399002493766,0.7589796935035148,400.8
control,0.6827537334630093,0.7401478624236579,0.7078817410458829,305.6
macro avg,0.7365018072360263,0.7370938813365173,0.7334307172746988,706.4
weighted avg,0.7437389999248065,0.736696170628799,0.7368778022676509,706.4
