,precision,recall,f1-score,support
accuracy,0.4801938880328711,0.4801938880328711,0.4801938880328711,0.4801938880328711
case,0.54310756935796,0.520930693069307,0.5308262189077608,100.2
control,0.4044616251753985,0.42652084757347913,0.4140525924617854,76.4
macro avg,0.47378459726667926,0.473725770321393,0.4724394056847731,176.6
weighted avg,0.48314157407867003,0.4801938880328711,0.48036848376290486,176.6
