,precision,recall,f1-score,support
accuracy,0.4778280542986425,0.4778280542986425,0.4778280542986425,0.4778280542986425
case,0.5419836069311332,0.4944,0.5170328812358016,125.0
control,0.4094433852673423,0.45625,0.43151925936013297,96.0
macro avg,0.4757134960992378,0.47532499999999994,0.4742760702979673,221.0
weighted avg,0.484409573991206,0.4778280542986425,0.47988669254772837,221.0
