,precision,recall,f1-score,support
accuracy,0.6455701078582434,0.6455701078582434,0.6455701078582434,0.6455701078582434
case,0.7078939316675166,0.6428316831683168,0.6704268725457316,100.2
control,0.5860591683090872,0.6493848257006152,0.6124580432414817,76.4
macro avg,0.6469765499883019,0.6461082544344661,0.6414424578936067,176.6
weighted avg,0.6552193988328898,0.6455701078582434,0.6453169103711158,176.6
