,precision,recall,f1-score,support
accuracy,0.7061116876560177,0.7061116876560177,0.7061116876560177,0.7061116876560177
case,0.7473931914188584,0.7280274314214463,0.7374160545398394,400.8
control,0.6556727991836007,0.6773834779813565,0.6661324352296905,305.6
macro avg,0.7015329953012295,0.7027054547014014,0.701774244884765,706.4
weighted avg,0.7077140008374744,0.7061116876560177,0.7065747367224355,706.4
