,precision,recall,f1-score,support
accuracy,0.5074088341037493,0.5074088341037493,0.5074088341037493,0.5074088341037493
case,0.5701435252378648,0.5327722772277228,0.5503055232740018,100.2
control,0.43665247297739923,0.4739234449760765,0.453915699431329,76.4
macro avg,0.503397999107632,0.5033478611018996,0.5021106113526654,176.6
weighted avg,0.5123963127004221,0.5074088341037493,0.5086551018084202,176.6
