,precision,recall,f1-score,support
accuracy,0.5221719457013575,0.5221719457013575,0.5221719457013575,0.5221719457013575
case,0.5817608561373268,0.5536,0.5669056019338492,125.0
control,0.45271249791880486,0.48125,0.46608769146410367,96.0
macro avg,0.5172366770280659,0.517425,0.5164966466989764,221.0
weighted avg,0.5257036507573354,0.5221719457013575,0.5231113964809281,221.0
