,precision,recall,f1-score,support
accuracy,0.6047894196199282,0.6047894196199282,0.6047894196199282,0.6047894196199282
case,0.6661379954626041,0.606970297029703,0.6333405963312058,100.2
control,0.5418212115722452,0.6018796992481203,0.5681351822949346,76.4
macro avg,0.6039796035174246,0.6044249981389116,0.6007378893130702,176.6
weighted avg,0.6123687977062765,0.6047894196199282,0.6051488185340725,176.6
