,precision,recall,f1-score,support
accuracy,0.49321266968325783,0.49321266968325783,0.49321266968325783,0.49321266968325783
case,0.5504691650369624,0.5599999999999999,0.5544151898867475,125.0
control,0.4159033948507632,0.40625,0.4100036733184248,96.0
macro avg,0.4831862799438628,0.4831250000000001,0.4822094316025861,221.0
weighted avg,0.49201525581580796,0.49321266968325783,0.4916843953593313,221.0
