,precision,recall,f1-score,support
accuracy,0.7239551069635495,0.7239551069635495,0.7239551069635495,0.7239551069635495
case,0.7735238787491816,0.7270324189526185,0.7491799409866249,400.8
control,0.6683049083757864,0.7199142826529519,0.6926975747784392,305.6
macro avg,0.7209143935624839,0.7234733508027851,0.720938757882532,706.4
weighted avg,0.7280029659189282,0.7239551069635495,0.7247450672567028,706.4
