,precision,recall,f1-score,support
accuracy,0.4914027149321266,0.4914027149321266,0.4914027149321266,0.4914027149321266
case,0.5574957482700846,0.488,0.5203263685371846,125.0
control,0.4265980202571905,0.4958333333333333,0.45852437696969267,96.0
macro avg,0.4920468842636375,0.49191666666666667,0.48942537275343867,221.0
weighted avg,0.5006351967350717,0.4914027149321266,0.4934802545531157,221.0
