,precision,recall,f1-score,support
accuracy,0.7202747817154597,0.7202747817154597,0.7202747817154597,0.7202747817154597
case,0.7594045722318918,0.7426138613861386,0.7508663229567751,100.2
control,0.6715803218873394,0.6909432672590567,0.6810551735055829,76.4
macro avg,0.7154924470596156,0.7167785643225977,0.715960748231179,176.6
weighted avg,0.7214283525977082,0.7202747817154597,0.7206811173661629,176.6
