,precision,recall,f1-score,support
accuracy,0.7352753324705195,0.7352753324705195,0.7352753324705195,0.7352753324705195
case,0.7972182151399815,0.7200249376558603,0.7540216928881165,400.8
control,0.6776006607666503,0.7552448301725062,0.7109953926794048,305.6
macro avg,0.7374094379533158,0.7376348839141833,0.7325085427837607,706.4
weighted avg,0.7454640731696198,0.7352753324705195,0.7354118143787476,706.4
