,precision,recall,f1-score,support
accuracy,0.8612715419660137,0.8612715419660137,0.8612715419660137,0.8612715419660137
case,0.887150994543252,0.8657655860349127,0.8762859031042547,400.8
control,0.8293226399829029,0.8553841208614592,0.8420889855620274,305.6
macro avg,0.8582368172630774,0.860574853448186,0.859187444333141,706.4
weighted avg,0.8621351074322771,0.8612715419660137,0.8614911458566299,706.4
