,precision,recall,f1-score,support
accuracy,0.48144796380090493,0.48144796380090493,0.48144796380090493,0.48144796380090493
case,0.548820956209477,0.4848,0.5124483684749006,125.0
control,0.4125689677976737,0.4770833333333334,0.44016481657491086,96.0
macro avg,0.48069496200357537,0.48094166666666666,0.4763065925249057,221.0
weighted avg,0.4896345721029924,0.48144796380090493,0.48104917850929424,221.0
