,precision,recall,f1-score,support
accuracy,0.847108037392165,0.847108037392165,0.847108037392165,0.847108037392165
case,0.8740741004265381,0.8537855361596011,0.8636745215697754,400.8
control,0.8141742813797705,0.8383692274724097,0.825882979128556,305.6
macro avg,0.8441241909031543,0.8460773818160053,0.8447787503491657,706.4
weighted avg,0.8481656222206881,0.847108037392165,0.8473238255818485,706.4
