,precision,recall,f1-score,support
accuracy,0.6350517488009424,0.6350517488009424,0.6350517488009424,0.6350517488009424
case,0.6985199574522436,0.6277468827930175,0.6611835601271654,400.8
control,0.5691206579642276,0.644630879674274,0.6044683381769145,305.6
macro avg,0.6338203077082356,0.6361888812336457,0.6328259491520399,706.4
weighted avg,0.6425399821236804,0.6350517488009424,0.6366480567962705,706.4
