,precision,recall,f1-score,support
accuracy,0.5004524886877828,0.5004524886877828,0.5004524886877828,0.5004524886877828
case,0.5594875010935976,0.5471999999999999,0.5529471923587249,125.0
control,0.42750970930426374,0.4395833333333333,0.4330682118484809,96.0
macro avg,0.49349860519893063,0.4933916666666667,0.4930077021036029,221.0
weighted avg,0.5021577815832987,0.5004524886877828,0.5008730650782569,221.0
