,precision,recall,f1-score,support
accuracy,0.530316742081448,0.530316742081448,0.530316742081448,0.530316742081448
case,0.5852466995791474,0.5856,0.5852659139957224,125.0
control,0.45830531890553167,0.4583333333333333,0.45811345809104403,96.0
macro avg,0.5217760092423396,0.5219666666666667,0.5216896860433832,221.0
weighted avg,0.5301047423634591,0.530316742081448,0.5300322679918802,221.0
