,precision,recall,f1-score,support
accuracy,0.5004524886877828,0.5004524886877828,0.5004524886877828,0.5004524886877828
case,0.5571470839356513,0.5711999999999999,0.5640539221068482,125.0
control,0.42201118738876175,0.4083333333333333,0.4150148348048358,96.0
macro avg,0.4895791356622065,0.4897666666666666,0.48953437845584197,221.0
weighted avg,0.4984455180148305,0.5004524886877828,0.499312961106879,221.0
