,precision,recall,f1-score,support
accuracy,0.5572290703646636,0.5572290703646636,0.5572290703646636,0.5572290703646636
case,0.6175023773334496,0.5747524752475248,0.5942733019468938,100.2
control,0.4907081015808531,0.5341421736158578,0.5103906103748914,76.4
macro avg,0.5541052394571514,0.5544473244316912,0.5523319561608926,176.6
weighted avg,0.5626439114572944,0.5572290703646636,0.5580042694518716,176.6
