,precision,recall,f1-score,support
accuracy,0.7256544229898505,0.7256544229898505,0.7256544229898505,0.7256544229898505
case,0.7701687893393335,0.7365374064837905,0.7527700967888722,400.8
control,0.6734573800288264,0.7114154076931319,0.6916407901555365,305.6
macro avg,0.7218130846840799,0.7239764070884612,0.7222054434722043,706.4
weighted avg,0.7283359560921794,0.7256544229898505,0.7263202722203982,706.4
