,precision,recall,f1-score,support
accuracy,0.5330316742081449,0.5330316742081449,0.5330316742081449,0.5330316742081449
case,0.5887734669452221,0.5776,0.5828906362157524,125.0
control,0.4637924397089074,0.475,0.46901586620540703,96.0
macro avg,0.5262829533270648,0.5263,0.5259532512105798,221.0
weighted avg,0.5344830659737914,0.5330316742081449,0.5334246727723444,221.0
