,precision,recall,f1-score,support
accuracy,0.514027149321267,0.514027149321267,0.514027149321267,0.514027149321267
case,0.5762696284047216,0.5456,0.5554268471782872,125.0
control,0.4408061761670843,0.4729166666666666,0.450326673739328,96.0
macro avg,0.5085379022859029,0.5092583333333334,0.5028767604588076,221.0
weighted avg,0.5174257758490058,0.514027149321267,0.5097724731957529,221.0
