,precision,recall,f1-score,support
accuracy,0.7463533641499743,0.7463533641499743,0.7463533641499743,0.7463533641499743
case,0.7819421768263783,0.7664356435643565,0.7739088789719742,100.2
control,0.7026004583651643,0.7199248120300752,0.710888253740418,76.4
macro avg,0.7422713175957714,0.7431802277972158,0.742398566356196,176.6
weighted avg,0.7475946996946559,0.7463533641499743,0.7466529833895658,176.6
