,precision,recall,f1-score,support
accuracy,0.5367360041088854,0.5367360041088854,0.5367360041088854,0.5367360041088854
case,0.594160413643525,0.5787722772277227,0.5860414468879716,100.2
control,0.46599966631707357,0.4815105946684894,0.4732185397755148,76.4
macro avg,0.5300800399802993,0.5301414359481061,0.5296299933317432,176.6
weighted avg,0.5387291261289089,0.5367360041088854,0.5372592952676793,176.6
