,precision,recall,f1-score,support
accuracy,0.7179185927067283,0.7179185927067283,0.7179185927067283,0.7179185927067283
case,0.7529222100054975,0.7504950495049505,0.7513615396453467,100.2
control,0.6730645815831393,0.6751196172248803,0.6735493638116858,76.4
macro avg,0.7129933957943184,0.7128073333649155,0.7124554517285162,176.6
weighted avg,0.718385050040888,0.7179185927067283,0.7177200888634755,176.6
