,precision,recall,f1-score,support
accuracy,0.5084488957370313,0.5084488957370313,0.5084488957370313,0.5084488957370313
case,0.5750207482570195,0.511009900990099,0.5407423352354516,100.2
control,0.4410691399959424,0.5051948051948052,0.47057626700704525,76.4
macro avg,0.5080449441264809,0.508102353092452,0.5056593011212484,176.6
weighted avg,0.5170833747049833,0.5084488957370313,0.5103710261918358,176.6
