,precision,recall,f1-score,support
accuracy,0.5167420814479639,0.5167420814479639,0.5167420814479639,0.5167420814479639
case,0.5729094926458764,0.5791999999999999,0.5731165499917718,125.0
control,0.4418716409614736,0.4354166666666666,0.4341140613593912,96.0
macro avg,0.507390566803675,0.5073083333333333,0.5036153056755814,221.0
weighted avg,0.5159880729096652,0.5167420814479639,0.512735378459154,221.0
