,precision,recall,f1-score,support
accuracy,0.8609810434705956,0.8609810434705956,0.8609810434705956,0.8609810434705956
case,0.8845872685704812,0.8682543640897755,0.8763096153417959,400.8
control,0.8314965844097253,0.8514368370298939,0.8412956316821194,305.6
macro avg,0.8580419264901031,0.8598456005598347,0.8588026235119578,706.4
weighted avg,0.8616181109784646,0.8609810434705956,0.861162458074635,706.4
