,precision,recall,f1-score,support
accuracy,0.7134827363756207,0.7134827363756207,0.7134827363756207,0.7134827363756207
case,0.7545166482831756,0.7340286783042395,0.7440590118667714,400.8
control,0.6631057265573224,0.6865123754419801,0.6745075603885624,305.6
macro avg,0.7088111874202491,0.7102705268731098,0.7092832861276668,706.4
weighted avg,0.7149665235567235,0.7134827363756207,0.7139729365055205,706.4
