,precision,recall,f1-score,support
accuracy,0.5095022624434389,0.5095022624434389,0.5095022624434389,0.5095022624434389
case,0.5708290425877076,0.5424,0.5555486260015831,125.0
control,0.4377761111367572,0.4666666666666666,0.45096945306546365,96.0
macro avg,0.5043025768622325,0.5045333333333334,0.5032590395335234,221.0
weighted avg,0.5130322940841273,0.5095022624434389,0.5101205689795584,221.0
