,precision,recall,f1-score,support
accuracy,0.6268456671648549,0.6268456671648549,0.6268456671648549,0.6268456671648549
case,0.6907013570957441,0.6197743142144638,0.653293174352988,400.8
control,0.5606808751566026,0.6361234329797493,0.5959989836561245,305.6
macro avg,0.6256911161261733,0.6279488735971066,0.6246460790045563,706.4
weighted avg,0.63445384423021,0.6268456671648549,0.6285067490532421,706.4
