,precision,recall,f1-score,support
accuracy,0.4868778280542987,0.4868778280542987,0.4868778280542987,0.4868778280542987
case,0.5510203741917354,0.504,0.5247254040004388,125.0
control,0.41841474571479964,0.4645833333333333,0.4384419410741991,96.0
macro avg,0.4847175599532676,0.4842916666666667,0.481583672537319,221.0
weighted avg,0.49341792924247824,0.4868778280542987,0.4872448047202623,221.0
