,precision,recall,f1-score,support
accuracy,0.5266968325791855,0.5266968325791855,0.5266968325791855,0.5266968325791855
case,0.5810251683800071,0.5871999999999999,0.5839030386040659,125.0
control,0.4540577861881577,0.44791666666666663,0.4506985266204541,96.0
macro avg,0.5175414772840824,0.5175583333333333,0.51730078261226,221.0
weighted avg,0.5258719163871676,0.5266968325791855,0.526040445163221,221.0
