,precision,recall,f1-score,support
accuracy,0.597894196199281,0.597894196199281,0.597894196199281,0.597894196199281
case,0.6456333143020946,0.6484950495049505,0.6453740693822962,100.2
control,0.5370573687738658,0.5311346548188653,0.5310922566313099,76.4
macro avg,0.5913453415379802,0.589814852161908,0.5882331630068032,176.6
weighted avg,0.5986521250035332,0.597894196199281,0.5960186130295425,176.6
