,precision,recall,f1-score,support
accuracy,0.7361295983908387,0.7361295983908387,0.7361295983908387,0.7361295983908387
case,0.7820749796700932,0.7465511221945137,0.7619062527010587,400.8
control,0.6881607113123246,0.722526518804243,0.7017928760056042,305.6
macro avg,0.735117845491209,0.7345388204993784,0.7318495643533315,706.4
weighted avg,0.7414587547512874,0.7361295983908387,0.7358918722900334,706.4
