,precision,recall,f1-score,support
accuracy,0.6794619928094504,0.6794619928094504,0.6794619928094504,0.6794619928094504
case,0.7197074031661598,0.7145940594059406,0.7167089371980676,100.2
control,0.6286055843021787,0.6332535885167464,0.6302741033473035,76.4
macro avg,0.6741564937341693,0.6739238239613435,0.6734915202726856,176.6
weighted avg,0.6802914573936798,0.6794619928094504,0.6793424136014649,176.6
