,precision,recall,f1-score,support
accuracy,0.5266307139188495,0.5266307139188495,0.5266307139188495,0.5266307139188495
case,0.5839460265235609,0.5651287128712872,0.5678023465506611,100.2
control,0.4623778971280997,0.47645249487354746,0.46012056023034786,76.4
macro avg,0.5231619618258303,0.5207906038724173,0.5139614533905045,176.6
weighted avg,0.53136100675594,0.5266307139188495,0.5211539749014157,176.6
