,precision,recall,f1-score,support
accuracy,0.4886877828054298,0.4886877828054298,0.4886877828054298,0.4886877828054298
case,0.5492281390118794,0.536,0.5425150057246653,125.0
control,0.4140643000971672,0.4270833333333333,0.42045120943202646,96.0
macro avg,0.48164621955452336,0.48154166666666665,0.48148310757834584,221.0
weighted avg,0.490514435229923,0.4886877828054298,0.48949181819483123,221.0
