,precision,recall,f1-score,support
accuracy,0.8216343245008435,0.8216343245008435,0.8216343245008435,0.8216343245008435
case,0.8616656244091855,0.8168678304239402,0.8386414241006296,400.8
control,0.7751264052778476,0.8278774241937212,0.800598893120139,305.6
macro avg,0.8183960148435165,0.8223726273088307,0.8196201586103843,706.4
weighted avg,0.8242256122231243,0.8216343245008435,0.8221844955163707,706.4
