,precision,recall,f1-score,support
accuracy,0.8394725348698368,0.8394725348698368,0.8394725348698368,0.8394725348698368
case,0.8759860575233966,0.8353403990024937,0.8550943009919283,400.8
control,0.7967974087223882,0.8449094610521805,0.8200320397913596,305.6
macro avg,0.8363917331228924,0.840124930027337,0.837563170391644,706.4
weighted avg,0.8417330868862762,0.8394725348698368,0.8399247137393667,706.4
