,precision,recall,f1-score,support
accuracy,0.5095022624434389,0.5095022624434389,0.5095022624434389,0.5095022624434389
case,0.5721047001127215,0.528,0.5487077882719371,125.0
control,0.44115008694609337,0.4854166666666666,0.46178429249342534,96.0
macro avg,0.5066273935294074,0.5067083333333333,0.5052460403826812,221.0
weighted avg,0.515219438284684,0.5095022624434389,0.5109491656713165,221.0
