,precision,recall,f1-score,support
accuracy,0.7216860131986489,0.7216860131986489,0.7216860131986489,0.7216860131986489
case,0.7563289825388237,0.7519850374064838,0.7539662519492911,400.8
control,0.6774531222553783,0.6819414979106396,0.6794055619475423,305.6
macro avg,0.716891052397101,0.7169632676585617,0.7166859069484167,706.4
weighted avg,0.7222048439252937,0.7216860131986489,0.7217109637808051,706.4
