,precision,recall,f1-score,support
accuracy,0.5413456599897277,0.5413456599897277,0.5413456599897277,0.5413456599897277
case,0.59569372760896,0.6009108910891089,0.5962654992532974,100.2
control,0.469545918976659,0.4632604237867396,0.46366174636259105,76.4
macro avg,0.5326198232928095,0.5320856574379242,0.5299636228079442,176.6
weighted avg,0.5411302113276626,0.5413456599897277,0.5388964696790877,176.6
