,precision,recall,f1-score,support
accuracy,0.5549627632254751,0.5549627632254751,0.5549627632254751,0.5549627632254751
case,0.6101713544266736,0.5986930693069307,0.6034517978524695,100.2
control,0.4859857053737805,0.4974367737525632,0.4903978739673159,76.4
macro avg,0.5480785299002271,0.548064921529747,0.5469248359098927,176.6
weighted avg,0.5564535845384468,0.5549627632254751,0.5545841119087613,176.6
