,precision,recall,f1-score,support
accuracy,0.4624434389140271,0.4624434389140271,0.4624434389140271,0.4624434389140271
case,0.5248923008759074,0.5072,0.5155850046050123,125.0
control,0.38712051424922705,0.4041666666666667,0.3951249000699496,96.0
macro avg,0.4560064075625673,0.45568333333333333,0.45535495233748086,221.0
weighted avg,0.46504573292947615,0.4624434389140271,0.4632584433590122,221.0
