,precision,recall,f1-score,support
accuracy,0.502262443438914,0.502262443438914,0.502262443438914,0.502262443438914
case,0.5613318333435889,0.5488,0.5548029439889636,125.0
control,0.42921757767665697,0.4416666666666667,0.43511992250718834,96.0
macro avg,0.49527470551012287,0.49523333333333336,0.49496143324807595,221.0
weighted avg,0.503942835406822,0.502262443438914,0.5028139391824006,221.0
