,precision,recall,f1-score,support
accuracy,0.5945878274268106,0.5945878274268106,0.5945878274268106,0.5945878274268106
case,0.6645800593403849,0.588891089108911,0.6205882285726212,100.2
control,0.5285351869275023,0.6016062884483937,0.5594838006758174,76.4
macro avg,0.5965576231339437,0.5952486887786523,0.5900360146242193,176.6
weighted avg,0.6056915734239325,0.5945878274268106,0.5942369861296525,176.6
