,precision,recall,f1-score,support
accuracy,0.49321266968325794,0.49321266968325794,0.49321266968325794,0.49321266968325794
case,0.5522711332456887,0.5408000000000001,0.5458211519476401,125.0
control,0.4204317447719209,0.43125,0.4249530774317748,96.0
macro avg,0.48635143900880473,0.486025,0.48538711468970747,221.0
weighted avg,0.4950015346326492,0.49321266968325794,0.4933173729724226,221.0
