,precision,recall,f1-score,support
accuracy,0.7361967128916281,0.7361967128916281,0.7361967128916281,0.7361967128916281
case,0.7772280517596628,0.7505742574257426,0.7634317171711262,100.2
control,0.6872345738199397,0.7171907040328093,0.7015602344155697,76.4
macro avg,0.7322313127898012,0.733882480729276,0.7324959757933479,176.6
weighted avg,0.738283773184918,0.7361967128916281,0.7366914478414728,176.6
