,precision,recall,f1-score,support
accuracy,0.6183502890960889,0.6183502890960889,0.6183502890960889,0.6183502890960889
case,0.6838787286462041,0.6087880299251871,0.644148376546617,400.8
control,0.5514800468444376,0.6308946748098146,0.5885162732724869,305.6
macro avg,0.6176793877453209,0.6198413523675008,0.6163323249095519,706.4
weighted avg,0.6266019420296662,0.6183502890960889,0.6200808365173394,706.4
