,precision,recall,f1-score,support
accuracy,0.5708076527991782,0.5708076527991782,0.5708076527991782,0.5708076527991782
case,0.6237990954281256,0.6228118811881188,0.6211164783147041,100.2
control,0.5033319171805615,0.5028366370471634,0.5005034418681836,76.4
macro avg,0.5635655063043435,0.5628242591176411,0.5608099600914439,176.6
weighted avg,0.5717117676714452,0.5708076527991782,0.5689005658334634,176.6
