,precision,recall,f1-score,support
accuracy,0.7191640986132511,0.7191640986132511,0.7191640986132511,0.7191640986132511
case,0.7564678178963893,0.7465544554455446,0.7508929383047993,100.2
control,0.6734374967980441,0.6830827067669173,0.6774005869925843,76.4
macro avg,0.7149526573472167,0.7148185811062309,0.7141467626486918,176.6
weighted avg,0.7205268396151121,0.7191640986132511,0.7191227112244821,176.6
