,precision,recall,f1-score,support
accuracy,0.8439974997095016,0.8439974997095016,0.8439974997095016,0.8439974997095016
case,0.8705569216265132,0.8518054862842893,0.8610495719772209,400.8
control,0.8109651166408675,0.833753348333869,0.8221576846492245,305.6
macro avg,0.8407610191336904,0.8427794173090792,0.8416036283132226,706.4
weighted avg,0.8447787701452356,0.8439974997095016,0.8442262579524371,706.4
