,precision,recall,f1-score,support
accuracy,0.7222521847490293,0.7222521847490293,0.7222521847490293,0.7222521847490293
case,0.7633079609409854,0.7405261845386534,0.7512927610908722,400.8
control,0.6733797447431549,0.6982963677274189,0.6850244321133907,305.6
macro avg,0.7183438528420701,0.7194112761330361,0.7181585966021313,706.4
weighted avg,0.7244058675437419,0.7222521847490293,0.7226228266106532,706.4
