,precision,recall,f1-score,support
accuracy,0.5855418592706728,0.5855418592706728,0.5855418592706728,0.5855418592706728
case,0.6530110528966364,0.5710693069306931,0.6067568121446577,100.2
control,0.5226224305057044,0.6047846889952153,0.558344639118425,76.4
macro avg,0.5878167417011705,0.5879269979629542,0.5825507256315413,176.6
weighted avg,0.5966230112758427,0.5855418592706728,0.5857660591802256,176.6
