,precision,recall,f1-score,support
accuracy,0.7080954918640388,0.7080954918640388,0.7080954918640388,0.7080954918640388
case,0.7623937361975731,0.705581047381546,0.7328201003971533,400.8
control,0.6481997665185363,0.7113789778206365,0.6782422939987118,305.6
macro avg,0.7052967513580547,0.7084800126010913,0.7055311971979326,706.4
weighted avg,0.7129894996237559,0.7080954918640388,0.7092108689846622,706.4
