,precision,recall,f1-score,support
accuracy,0.46877828054298637,0.46877828054298637,0.46877828054298637,0.46877828054298637
case,0.5289724492757528,0.5472,0.5377896089469013,125.0
control,0.38419386181487375,0.36666666666666664,0.3750223359516188,96.0
macro avg,0.45658315554531337,0.4569333333333333,0.45640597244926007,221.0
weighted avg,0.4660822031389005,0.46877828054298637,0.46708527316614507,221.0
