,precision,recall,f1-score,support
accuracy,0.5526450950179763,0.5526450950179763,0.5526450950179763,0.5526450950179763
case,0.6145641585044285,0.5869306930693069,0.5966605220473344,100.2
control,0.47670238671182064,0.5083048530416951,0.4876038555304004,76.4
macro avg,0.5456332726081246,0.5476177730555011,0.5421321887888675,176.6
weighted avg,0.5549287532164908,0.5526450950179763,0.5493470270456162,176.6
