,precision,recall,f1-score,support
accuracy,0.7113315356959424,0.7113315356959424,0.7113315356959424,0.7113315356959424
case,0.7487164783831691,0.7426138613861386,0.7452931307099677,100.2
control,0.6636308256040306,0.6703007518796993,0.6664185401337767,76.4
macro avg,0.7061736519935999,0.7064573066329188,0.7058558354218721,176.6
weighted avg,0.7119146421493356,0.7113315356959424,0.7111750352514546,176.6
