,precision,recall,f1-score,support
accuracy,0.5277734976887519,0.5277734976887519,0.5277734976887519,0.5277734976887519
case,0.589525073367909,0.5570099009900991,0.5711555863240829,100.2
control,0.45690606660364724,0.4896103896103896,0.47070857635709773,76.4
macro avg,0.5232155699857781,0.5233101453002443,0.5209320813405902,176.6
weighted avg,0.5321649518921288,0.5277734976887519,0.52766843077398,176.6
