,precision,recall,f1-score,support
accuracy,0.8326732673267326,0.8326732673267326,0.8326732673267326,0.8326732673267326
case,0.8670499188077223,0.8328354114713218,0.8495502650754705,400.8
control,0.7916993803530652,0.832463302260795,0.8115030381133069,305.6
macro avg,0.8293746495803938,0.8326493568660582,0.8305266515943887,706.4
weighted avg,0.8344532589159176,0.8326732673267326,0.8330904465643517,706.4
