,precision,recall,f1-score,support
accuracy,0.5004524886877828,0.5004524886877828,0.5004524886877828,0.5004524886877828
case,0.5593366269594091,0.5488,0.5537211412137657,125.0
control,0.42707997373659223,0.4375,0.4318728456348683,96.0
macro avg,0.4932083003480006,0.49315,0.49279699342431693,221.0
weighted avg,0.5018857730707647,0.5004524886877828,0.5007915648537017,221.0
