,precision,recall,f1-score,support
accuracy,0.5058823529411764,0.5058823529411764,0.5058823529411764,0.5058823529411764
case,0.5662344344568022,0.5392,0.5520947366404056,125.0
control,0.4354675013171542,0.4625,0.44824236097166914,96.0
macro avg,0.5008509678869781,0.50085,0.5001685488060373,221.0
weighted avg,0.5094306987943307,0.5058823529411764,0.5069823924585111,221.0
