,precision,recall,f1-score,support
accuracy,0.49411764705882355,0.49411764705882355,0.49411764705882355,0.49411764705882355
case,0.5553851204187543,0.5232,0.5385751538229984,125.0
control,0.42448189655557017,0.45625,0.43954270830834863,96.0
macro avg,0.4899335084871622,0.48972499999999997,0.48905893106567355,221.0
weighted avg,0.498522181546059,0.49411764705882355,0.49555653495690616,221.0
