,precision,recall,f1-score,support
accuracy,0.6299493931586603,0.6299493931586603,0.6299493931586603,0.6299493931586603
case,0.6905548824603696,0.6302381546134663,0.6589994342085792,400.8
control,0.5648882788492852,0.6295574841958642,0.5954520095136415,305.6
macro avg,0.6277215806548273,0.6298978194046653,0.6272257218611104,706.4
weighted avg,0.636189268548484,0.6299493931586603,0.6315105159820978,706.4
