,precision,recall,f1-score,support
accuracy,0.8519287096657864,0.8519287096657864,0.8519287096657864,0.8519287096657864
case,0.880806361577289,0.8547942643391522,0.8675753795166902,400.8
control,0.8166546656921876,0.8481817207757419,0.8320761806443713,305.6
macro avg,0.8487305136347383,0.8514879925574471,0.8498257800805307,706.4
weighted avg,0.8530570510727262,0.8519287096657864,0.8522173287223751,706.4
