,precision,recall,f1-score,support
accuracy,0.5300012840267078,0.5300012840267078,0.5300012840267078,0.5300012840267078
case,0.601749406682993,0.5070495049504951,0.549870922747248,100.2
control,0.46461973585420785,0.5601503759398496,0.507534454389028,76.4
macro avg,0.5331845712686005,0.5335999404451723,0.528702688568138,176.6
weighted avg,0.5424329786360595,0.5300012840267078,0.5315493717640244,176.6
