,precision,recall,f1-score,support
accuracy,0.6489219500663138,0.6489219500663138,0.6489219500663138,0.6489219500663138
case,0.711966174305501,0.6437082294264339,0.6743380066673451,400.8
control,0.5855799632524028,0.6558062787956713,0.6169351571430364,305.6
macro avg,0.6487730687789519,0.6497572541110526,0.6456365819051908,706.4
weighted avg,0.6572959521026871,0.6489219500663138,0.6494977196011902,706.4
