,precision,recall,f1-score,support
accuracy,0.5617231638418079,0.5617231638418079,0.5617231638418079,0.5617231638418079
case,0.620517094325449,0.5888514851485148,0.6036594681844814,100.2
control,0.4934560356129333,0.526179084073821,0.5085442754540908,76.4
macro avg,0.5569865649691912,0.5575152846111678,0.556101871819286,176.6
weighted avg,0.5655636807100194,0.5617231638418079,0.5625109325621784,176.6
