,precision,recall,f1-score,support
accuracy,0.48325791855203615,0.48325791855203615,0.48325791855203615,0.48325791855203615
case,0.5514077530092696,0.45280000000000004,0.4951772896161854,125.0
control,0.4239151040241779,0.5229166666666666,0.46671336775424993,96.0
macro avg,0.4876614285167237,0.48785833333333334,0.4809453286852177,221.0
weighted avg,0.49602633082570036,0.48325791855203615,0.4828128710698243,221.0
