,precision,recall,f1-score,support
accuracy,0.4877828054298642,0.4877828054298642,0.4877828054298642,0.4877828054298642
case,0.5500788084021575,0.52,0.5319488331794321,125.0
control,0.4156823115310974,0.4458333333333333,0.4269965761146862,96.0
macro avg,0.4828805599666275,0.48291666666666666,0.47947270464705916,221.0
weighted avg,0.49169842967083727,0.4877828054298642,0.48635871246352436,221.0
