,precision,recall,f1-score,support
accuracy,0.7553736517719568,0.7553736517719568,0.7553736517719568,0.7553736517719568
case,0.7909005689765631,0.7744356435643565,0.7822295422067228,100.2
control,0.7120697249389233,0.7303827751196172,0.7206061322361782,76.4
macro avg,0.7514851469577432,0.7524092093419869,0.7514178372214505,176.6
weighted avg,0.7568150003674223,0.7553736517719568,0.7555772906435786,176.6
