,precision,recall,f1-score,support
accuracy,0.8439983010846612,0.8439983010846612,0.8439983010846612,0.8439983010846612
case,0.8689623797412388,0.853791770573566,0.8612997230349382,400.8
control,0.81260566286589,0.8311496839172827,0.8217571525203121,305.6
macro avg,0.8407840213035642,0.8424707272454244,0.8415284377776251,706.4
weighted avg,0.8445801670926283,0.8439983010846612,0.8441932002776309,706.4
