,precision,recall,f1-score,support
accuracy,0.5049773755656108,0.5049773755656108,0.5049773755656108,0.5049773755656108
case,0.5649682008946408,0.5392,0.5513117467965883,125.0
control,0.4348249412097173,0.4604166666666666,0.4467105367150155,96.0
macro avg,0.4998965710521791,0.49980833333333335,0.4990111417558019,221.0
weighted avg,0.5084353822079772,0.5049773755656108,0.505874117077896,221.0
