,precision,recall,f1-score,support
accuracy,0.726216988352012,0.726216988352012,0.726216988352012,0.726216988352012
case,0.7720840570782765,0.7350274314214464,0.7527781428899397,400.8
control,0.6732160470638686,0.7146383799421407,0.6929148688035657,305.6
macro avg,0.7226500520710726,0.7248329056817936,0.7228465058467527,706.4
weighted avg,0.7293068545603794,0.726216988352012,0.7268827144503883,706.4
