,precision,recall,f1-score,support
accuracy,0.7655624036979969,0.7655624036979969,0.7655624036979969,0.7655624036979969
case,0.8121173469387756,0.7644158415841584,0.7869048335612009,100.2
control,0.7140666314395905,0.7671565276828435,0.7389624243369305,76.4
macro avg,0.763091989189183,0.765786184633501,0.7629336289490657,176.6
weighted avg,0.7697178680281314,0.7655624036979969,0.7661542792397485,176.6
