,precision,recall,f1-score,support
accuracy,0.6126476630713918,0.6126476630713918,0.6126476630713918,0.6126476630713918
case,0.6891031156665831,0.584930693069307,0.6301804435753647,100.2
control,0.5449229550406021,0.6491797676008202,0.5901701447869397,76.4
macro avg,0.6170130353535926,0.6170552303350636,0.6101752941811522,176.6
weighted avg,0.6267553191619843,0.6126476630713918,0.6128461103123188,176.6
