,precision,recall,f1-score,support
accuracy,0.4687782805429864,0.4687782805429864,0.4687782805429864,0.4687782805429864
case,0.5379641780353014,0.44639999999999996,0.4844750973716949,125.0
control,0.4070844160194049,0.4979166666666667,0.4453197995493431,96.0
macro avg,0.4725242970273532,0.47215833333333335,0.46489744846051895,221.0
weighted avg,0.4811114307342785,0.4687782805429864,0.4674664612135692,221.0
