,precision,recall,f1-score,support
accuracy,0.5429864253393666,0.5429864253393666,0.5429864253393666,0.5429864253393666
case,0.5882986708371096,0.6432,0.6143391015043763,125.0
control,0.46897273982302445,0.4125,0.4385681485044873,96.0
macro avg,0.5286357053300671,0.52785,0.5264536250044318,221.0
weighted avg,0.5364647822518057,0.5429864253393666,0.5379861083460534,221.0
