,precision,recall,f1-score,support
accuracy,0.5368387262455059,0.5368387262455059,0.5368387262455059,0.5368387262455059
case,0.6046517983633,0.541069306930693,0.5696814186760812,100.2
control,0.467519857576668,0.5317156527682844,0.49623115610387136,76.4
macro avg,0.5360858279699839,0.5363924798494887,0.5329562873899764,176.6
weighted avg,0.5453496898927307,0.5368387262455059,0.5378255387247128,176.6
