,precision,recall,f1-score,support
accuracy,0.5131221719457013,0.5131221719457013,0.5131221719457013,0.5131221719457013
case,0.5630795642954529,0.624,0.5917285309485434,125.0
control,0.4285895129530579,0.36875,0.3959691398486277,96.0
macro avg,0.49583453862425547,0.496375,0.49384883539858554,221.0
weighted avg,0.5046585465177611,0.5131221719457013,0.50669277734858,221.0
