,precision,recall,f1-score,support
accuracy,0.7723633755524479,0.7723633755524479,0.7723633755524479,0.7723633755524479
case,0.8239684753930142,0.7624551122194514,0.7915826205559578,400.8
control,0.7165488060179043,0.7853059037822779,0.7488788996538565,305.6
macro avg,0.7702586407054592,0.7738805080008646,0.7702307601049071,706.4
weighted avg,0.7774858861198697,0.7723633755524479,0.7731139279769075,706.4
