,precision,recall,f1-score,support
accuracy,0.4850678733031675,0.4850678733031675,0.4850678733031675,0.4850678733031675
case,0.5447886657980889,0.5328,0.5380206881275423,125.0
control,0.4114193696802392,0.4229166666666667,0.4162236824782249,96.0
macro avg,0.4781040177391641,0.4778583333333334,0.4771221853028836,221.0
weighted avg,0.48685449191884195,0.4850678733031675,0.48511339155589306,221.0
