,precision,recall,f1-score,support
accuracy,0.9917907128632735,0.9917907128632735,0.9917907128632735,0.9917907128632735
case,0.9905937177787871,0.9950087281795511,0.9927862730725426,400.8
control,0.993433568073568,0.9875709846780243,0.9904760365131752,305.6
macro avg,0.9920136429261776,0.9912898564287878,0.9916311547928588,706.4
weighted avg,0.9918221447802548,0.9917907128632735,0.9917865961784242,706.4
