,precision,recall,f1-score,support
accuracy,0.6783708844376951,0.6783708844376951,0.6783708844376951,0.6783708844376951
case,0.7482833404193185,0.6561658354114713,0.6972591363521647,400.8
control,0.6129022033578531,0.7074381227900997,0.654813017585153,305.6
macro avg,0.6805927718885859,0.6818019791007854,0.6760360769686589,706.4
weighted avg,0.689707307937834,0.6783708844376951,0.6789041669514624,706.4
