,precision,recall,f1-score,support
accuracy,0.5288777606574216,0.5288777606574216,0.5288777606574216,0.5288777606574216
case,0.5766635802000637,0.6407524752475247,0.6068650799302048,100.2
control,0.447036093521956,0.3822282980177717,0.4118000544590016,76.4
macro avg,0.5118498368610098,0.5114903866326482,0.5093325671946032,176.6
weighted avg,0.5205852985389228,0.5288777606574216,0.5224604771193677,176.6
