,precision,recall,f1-score,support
accuracy,0.9784861325115563,0.9784861325115563,0.9784861325115563,0.9784861325115563
case,0.9860792079207921,0.9760396039603961,0.9809526946602671,100.2
control,0.9692146765071483,0.9816814764183185,0.9752788166869729,76.4
macro avg,0.9776469422139702,0.9788605401893573,0.9781157556736201,176.6
weighted avg,0.9787779683031594,0.9784861325115563,0.9784982902101718,176.6
