,precision,recall,f1-score,support
accuracy,0.5230769230769231,0.5230769230769231,0.5230769230769231,0.5230769230769231
case,0.5825761279466415,0.5488,0.5650088144176,125.0
control,0.45563967643132014,0.4895833333333333,0.4718024298569847,96.0
macro avg,0.5191079021889808,0.5191916666666667,0.5184056221372924,221.0
weighted avg,0.5274363119037869,0.5230769230769231,0.5245209731605002,221.0
