,precision,recall,f1-score,support
accuracy,0.6149396507447354,0.6149396507447354,0.6149396507447354,0.6149396507447354
case,0.6689368699895928,0.6348514851485149,0.6508639021011176,100.2
control,0.5532910227027874,0.5889610389610389,0.5699078599160787,76.4
macro avg,0.6111139463461901,0.6119062620547769,0.6103858810085983,176.6
weighted avg,0.6189369299152776,0.6149396507447354,0.6158270407864624,176.6
