,precision,recall,f1-score,support
accuracy,0.5198061119671289,0.5198061119671289,0.5198061119671289,0.5198061119671289
case,0.5806724319490773,0.5627920792079208,0.5709482717533552,100.2
control,0.44503978714505027,0.46353383458646624,0.45339567262216074,76.4
macro avg,0.5128561095470638,0.5131629568971935,0.512171972187758,176.6
weighted avg,0.5219986165602937,0.5198061119671289,0.520072117448077,176.6
