,precision,recall,f1-score,support
accuracy,0.908256291730868,0.908256291730868,0.908256291730868,0.908256291730868
case,0.9073212246796635,0.9341188118811881,0.9203320101086165,100.2
control,0.910650444212088,0.8744019138755981,0.8918032392318105,76.4
macro avg,0.9089858344458758,0.9042603628783932,0.9060676246702135,176.6
weighted avg,0.9087907622442476,0.908256291730868,0.9079902376427829,176.6
