,precision,recall,f1-score,support
accuracy,0.8870353526651735,0.8870353526651735,0.8870353526651735,0.8870353526651735
case,0.8973421867354293,0.9051870324189526,0.9009434085576917,400.8
control,0.8748158077210256,0.8631801135754849,0.8684339959196716,305.6
macro avg,0.8860789972282275,0.8841835729972187,0.8846887022386817,706.4
weighted avg,0.887582129522659,0.8870353526651735,0.8868826036219133,706.4
