,precision,recall,f1-score,support
accuracy,0.4923076923076922,0.4923076923076922,0.4923076923076922,0.4923076923076922
case,0.5435287595287595,0.6384000000000001,0.5870881755060859,125.0
control,0.39096751213286035,0.30208333333333337,0.3406734785886297,96.0
macro avg,0.46724813583080993,0.4702416666666666,0.4638808270473578,221.0
weighted avg,0.47725781043370824,0.4923076923076922,0.48004830716185154,221.0
