,precision,recall,f1-score,support
accuracy,0.6216358500256806,0.6216358500256806,0.6216358500256806,0.6216358500256806
case,0.6826343139089958,0.6264950495049505,0.6510294126985785,100.2
control,0.5591460073572749,0.61473000683527,0.5831140156363094,76.4
macro avg,0.6208901606331354,0.6206125281701103,0.6170717141674439,176.6
weighted avg,0.6291476227341545,0.6216358500256806,0.6217315563495913,176.6
