,precision,recall,f1-score,support
accuracy,0.6104198805149637,0.6104198805149637,0.6104198805149637,0.6104198805149637
case,0.66742226385899,0.6252980049875312,0.6444360222739756,400.8
control,0.5480909376808313,0.59099324975892,0.5670999573940414,305.6
macro avg,0.6077566007699107,0.6081456273732255,0.6057679898340085,706.4
weighted avg,0.6158072312402723,0.6104198805149637,0.6109652485095898,706.4
