,precision,recall,f1-score,support
accuracy,0.6409955483609875,0.6409955483609875,0.6409955483609875,0.6409955483609875
case,0.7049298369952915,0.6332306733167082,0.6664800920645751,400.8
control,0.5755770453429918,0.6511603985856638,0.6104337532767754,305.6
macro avg,0.6402534411691416,0.642195535951186,0.6384569226706752,706.4
weighted avg,0.6489677982911007,0.6409955483609874,0.6422366553008582,706.4
