,precision,recall,f1-score,support
accuracy,0.5402714932126698,0.5402714932126698,0.5402714932126698,0.5402714932126698
case,0.6100437823648328,0.5184,0.5603080880470959,125.0
control,0.47582355218502315,0.56875,0.5179967615144381,96.0
macro avg,0.542933667274928,0.543575,0.539152424780767,221.0
weighted avg,0.5517399719699834,0.5402714932126698,0.5419285072908282,221.0
