,precision,recall,f1-score,support
accuracy,0.54128145865434,0.54128145865434,0.54128145865434,0.54128145865434
case,0.6051342421233186,0.5528514851485149,0.572254149601906,100.2
control,0.4766685910566507,0.5258373205741627,0.4948816347679653,76.4
macro avg,0.5409014165899847,0.5393444028613388,0.5335678921849356,176.6
weighted avg,0.549575717567424,0.54128145865434,0.5388498536995714,176.6
