,precision,recall,f1-score,support
accuracy,0.5601809954751131,0.5601809954751131,0.5601809954751131,0.5601809954751131
case,0.6394590338739274,0.5088,0.5664611278915052,125.0
control,0.49546764813288624,0.6270833333333334,0.5534064344788079,96.0
macro avg,0.5674633410034069,0.5679416666666667,0.5599337811851566,221.0
weighted avg,0.5769107396153756,0.5601809954751131,0.5607903108434557,221.0
