,precision,recall,f1-score,support
accuracy,0.5393665158371042,0.5393665158371042,0.5393665158371042,0.5393665158371042
case,0.6039359994568317,0.5408,0.56938671379577,125.0
control,0.47373986030720455,0.5375,0.5024768721862795,96.0
macro avg,0.5388379298820182,0.53915,0.5359317929910248,221.0
weighted avg,0.5473802105049574,0.5393665158371042,0.5403218052233216,221.0
