,precision,recall,f1-score,support
accuracy,0.6135292161348874,0.6135292161348874,0.6135292161348874,0.6135292161348874
case,0.667298453966336,0.6407331670822943,0.6521425651127364,400.8
control,0.5516138843561544,0.577959927140255,0.5625263653206637,305.6
macro avg,0.6094561691612452,0.6093465471112747,0.6073344652167,706.4
weighted avg,0.6172621139214819,0.6135292161348874,0.6133549548063674,706.4
