,precision,recall,f1-score,support
accuracy,0.5334296353364151,0.5334296353364151,0.5334296353364151,0.5334296353364151
case,0.5977942211521692,0.5588118811881188,0.5748682189668813,100.2
control,0.4603855880811273,0.499419002050581,0.47617180506867945,76.4
macro avg,0.5290899046166482,0.5291154416193499,0.5255200120177804,176.6
weighted avg,0.5383533494882673,0.5334296353364151,0.532328945507371,176.6
