,precision,recall,f1-score,support
accuracy,0.5221719457013575,0.5221719457013575,0.5221719457013575,0.5221719457013575
case,0.600414274287816,0.46240000000000003,0.5191109250562529,125.0
control,0.4626946569223881,0.6,0.5208087844271287,96.0
macro avg,0.5315544656051021,0.5312,0.5199598547416908,221.0
weighted avg,0.5405903681019288,0.5221719457013575,0.5198484567286695,221.0
