,precision,recall,f1-score,support
accuracy,0.48144796380090493,0.48144796380090493,0.48144796380090493,0.48144796380090493
case,0.543825972266036,0.5216000000000001,0.5323332732365487,125.0
control,0.4071452224520825,0.4291666666666667,0.4177035996639458,96.0
macro avg,0.4754855973590593,0.4753833333333334,0.47501843645024716,221.0
weighted avg,0.4844533388626897,0.48144796380090493,0.48253938788374373,221.0
