,precision,recall,f1-score,support
accuracy,0.5357344632768362,0.5357344632768362,0.5357344632768362,0.5357344632768362
case,0.5928749631766871,0.5727920792079207,0.5816222781052823,100.2
control,0.46668689671117275,0.48701298701298706,0.475545663154742,76.4
macro avg,0.5297809299439299,0.5299025331104539,0.5285839706300122,176.6
weighted avg,0.5382834654292337,0.5357344632768362,0.5357573718482735,176.6
