,precision,recall,f1-score,support
accuracy,0.7151832544646612,0.7151832544646612,0.7151832544646612,0.7151832544646612
case,0.7764379314053452,0.6991122194513716,0.7354946984668802,400.8
control,0.6518819179684907,0.736267009536055,0.6912525042132882,305.6
macro avg,0.7141599246869179,0.7176896144937132,0.7133736013400842,706.4
weighted avg,0.7225542928287162,0.7151832544646612,0.7163541172448429,706.4
