,precision,recall,f1-score,support
accuracy,0.47330316742081446,0.47330316742081446,0.47330316742081446,0.47330316742081446
case,0.5376813865332458,0.4976,0.5165937085122158,125.0
control,0.40219025192174096,0.4416666666666667,0.4207380012209816,96.0
macro avg,0.4699358192274934,0.46963333333333324,0.4686658548665986,221.0
weighted avg,0.4788255090549451,0.47330316742081446,0.4749550302318606,221.0
