,precision,recall,f1-score,support
accuracy,0.6546417565485362,0.6546417565485362,0.6546417565485362,0.6546417565485362
case,0.7132324509076422,0.6547326732673268,0.6821023231535702,100.2
control,0.5924519718279547,0.654647983595352,0.6212192136918382,76.4
macro avg,0.6528422113677984,0.6546903284313393,0.6516607684227042,176.6
weighted avg,0.6610096963627574,0.6546417565485362,0.6557507904989273,176.6
