,precision,recall,f1-score,support
accuracy,0.6701511794238914,0.6701511794238914,0.6701511794238914,0.6701511794238914
case,0.7248173893770666,0.6736371571072319,0.6981521136810198,400.8
control,0.6096905900187664,0.6655651987570985,0.636243045533023,305.6
macro avg,0.6672539896979165,0.6696011779321652,0.6671975796070215,706.4
weighted avg,0.6750093412293091,0.6701511794238914,0.6713710913576088,706.4
