,precision,recall,f1-score,support
accuracy,0.6919630085226248,0.6919630085226248,0.6919630085226248,0.6919630085226248
case,0.7581409085095759,0.6742069825436409,0.7115571272714936,400.8
control,0.6296852581092651,0.7153369763205829,0.6672377859754905,305.6
macro avg,0.6939130833094206,0.6947719794321119,0.689397456623492,706.4
weighted avg,0.7025848119895782,0.6919630085226248,0.6923730298402451,706.4
