,precision,recall,f1-score,support
accuracy,0.6522406266050333,0.6522406266050333,0.6522406266050333,0.6522406266050333
case,0.7112365310502129,0.6547128712871287,0.6813396649509554,100.2
control,0.5884223703886625,0.6489747095010253,0.6167024399205199,76.4
macro avg,0.6498294507194378,0.651843790394077,0.6490210524357376,176.6
weighted avg,0.6581201733720735,0.6522406266050333,0.653389170004586,176.6
