,precision,recall,f1-score,support
accuracy,0.5547511312217195,0.5547511312217195,0.5547511312217195,0.5547511312217195
case,0.6063206845206709,0.6064,0.6060560396367126,125.0
control,0.4880286698518791,0.4875,0.48732203469045576,96.0
macro avg,0.547174677186275,0.54695,0.5466890371635842,221.0
weighted avg,0.5549359179677116,0.5547511312217195,0.5544792773071169,221.0
