,precision,recall,f1-score,support
accuracy,0.5601809954751131,0.5601809954751131,0.5601809954751131,0.5601809954751131
case,0.6061600411972854,0.6368,0.6207918992231443,125.0
control,0.4930724293627519,0.4604166666666667,0.47568207959512304,96.0
macro avg,0.5496162352800187,0.5486083333333334,0.5482369894091337,221.0
weighted avg,0.5570360107171262,0.5601809954751131,0.5577577694299768,221.0
