,precision,recall,f1-score,support
accuracy,0.7038498062675551,0.7038498062675551,0.7038498062675551,0.7038498062675551
case,0.753212197269581,0.711073566084788,0.731491054680403,400.8
control,0.6470231283851029,0.6943597985642345,0.6698015222369785,305.6
macro avg,0.7001176628273419,0.7027166823245112,0.7006462884586908,706.4
weighted avg,0.7072708437186731,0.7038498062675551,0.704805448282988,706.4
