,precision,recall,f1-score,support
accuracy,0.6554327225518991,0.6554327225518991,0.6554327225518991,0.6554327225518991
case,0.7005365909590372,0.6861284289276808,0.6932217671433907,400.8
control,0.5990754172514773,0.6151848280295724,0.606973949688151,305.6
macro avg,0.6498060041052572,0.6506566284786267,0.6500978584157708,706.4
weighted avg,0.656644338053838,0.6554327225518991,0.6559081441343736,706.4
