,precision,recall,f1-score,support
accuracy,0.5685156651258346,0.5685156651258346,0.5685156651258346,0.5685156651258346
case,0.6253237096677282,0.6007920792079208,0.6125309739984097,100.2
control,0.5002929127067058,0.5260765550239234,0.5125349336327323,76.4
macro avg,0.5628083111872171,0.5634343171159222,0.562532953815571,176.6
weighted avg,0.5712471385358426,0.5685156651258346,0.5693013176795733,176.6
