,precision,recall,f1-score,support
accuracy,0.6454866461222394,0.6454866461222394,0.6454866461222394,0.6454866461222394
case,0.7136444743381987,0.6288514851485149,0.6676498638473919,100.2
control,0.5789548374911677,0.66742993848257,0.6191400779931503,76.4
macro avg,0.6462996559146832,0.6481407118155424,0.6433949709202711,176.6
weighted avg,0.6554062142477397,0.6454866461222394,0.6466520713194123,176.6
