,precision,recall,f1-score,support
accuracy,0.6939371962287285,0.6939371962287285,0.6939371962287285,0.6939371962287285
case,0.7466906889875664,0.6971034912718205,0.7207594468026814,400.8
control,0.6353345767581289,0.6898060645023036,0.6610957827064483,305.6
macro avg,0.6910126328728475,0.6934547778870621,0.6909276147545649,706.4
weighted avg,0.6985208131926733,0.6939371962287285,0.6949456744438953,706.4
