,precision,recall,f1-score,support
accuracy,0.5212669683257919,0.5212669683257919,0.5212669683257919,0.5212669683257919
case,0.5753032507577464,0.5888,0.5814619843912867,125.0
control,0.4467938536302829,0.4333333333333334,0.4391637915008498,96.0
macro avg,0.5110485521940146,0.5110666666666667,0.5103128879460682,221.0
weighted avg,0.5194801642227397,0.5212669683257919,0.5196491947194227,221.0
