,precision,recall,f1-score,support
accuracy,0.49502262443438916,0.49502262443438916,0.49502262443438916,0.49502262443438916
case,0.560251239180892,0.504,0.5285324281431208,125.0
control,0.4271928600500029,0.4833333333333334,0.4518940408795111,96.0
macro avg,0.49372204961544747,0.49366666666666664,0.49021323451131604,221.0
weighted avg,0.5024521242643067,0.49502262443438916,0.49524154498788764,221.0
