,precision,recall,f1-score,support
accuracy,0.5221719457013575,0.5221719457013575,0.5221719457013575,0.5221719457013575
case,0.5793376812889008,0.5584,0.56802222298298,125.0
control,0.4541252168883748,0.475,0.4636554004040797,96.0
macro avg,0.5167314490886378,0.5166999999999999,0.5158388116935299,221.0
weighted avg,0.5249467465266814,0.5221719457013575,0.522686408650064,221.0
