,precision,recall,f1-score,support
accuracy,0.4895927601809955,0.4895927601809955,0.4895927601809955,0.4895927601809955
case,0.5511464786313413,0.5248,0.5371194792677055,125.0
control,0.41767443269850385,0.44375,0.4296966032710946,96.0
macro avg,0.4844104556649226,0.48427499999999996,0.48340804126940007,221.0
weighted avg,0.49316767134829875,0.4895927601809955,0.4904561485180465,221.0
