,precision,recall,f1-score,support
accuracy,0.6882806896634625,0.6882806896634625,0.6882806896634625,0.6882806896634625
case,0.7491724646276501,0.6781521197007481,0.7115235180599072,400.8
control,0.6247493979584435,0.7015621986499518,0.6605627276874128,305.6
macro avg,0.6869609312930468,0.68985715917535,0.68604312287366,706.4
weighted avg,0.6953448236780464,0.6882806896634625,0.6894774528092567,706.4
