,precision,recall,f1-score,support
accuracy,0.6469425534216715,0.6469425534216715,0.6469425534216715,0.6469425534216715
case,0.7002059612759398,0.6606758104738155,0.6795385977613585,400.8
control,0.5862522944298633,0.6289360334297653,0.6064677867148325,305.6
macro avg,0.6432291278529015,0.6448059219517905,0.6430031922380954,706.4
weighted avg,0.6509084660213944,0.6469425534216715,0.6479262925026592,706.4
