,precision,recall,f1-score,support
accuracy,0.5786787365177195,0.5786787365177195,0.5786787365177195,0.5786787365177195
case,0.6438831598614045,0.5787524752475248,0.6085032321737213,100.2
control,0.5113038778427262,0.578298017771702,0.5416922748479052,76.4
macro avg,0.5775935188520653,0.5785252465096133,0.5750977535108133,176.6
weighted avg,0.5865250738332948,0.5786787365177195,0.579659736980917,176.6
