,precision,recall,f1-score,support
accuracy,0.5583654340010272,0.5583654340010272,0.5583654340010272,0.5583654340010272
case,0.6096489382888549,0.6146930693069307,0.611425149838548,100.2
control,0.49022006247830613,0.48410799726589193,0.4861163677935226,76.4
macro avg,0.5499345003835805,0.5494005332864114,0.5487707588160353,176.6
weighted avg,0.5579766034232249,0.5583654340010272,0.5572949318262389,176.6
