,precision,recall,f1-score,support
accuracy,0.5413328197226502,0.5413328197226502,0.5413328197226502,0.5413328197226502
case,0.6093744797080797,0.5470693069306931,0.5735752380867973,100.2
control,0.4719129250766344,0.5344155844155843,0.4980482139645225,76.4
macro avg,0.5406437023923572,0.5407424456731388,0.53581172602566,176.6
weighted avg,0.5499352945905973,0.5413328197226502,0.5407833619948745,176.6
