,precision,recall,f1-score,support
accuracy,0.6528971715463736,0.6528971715463736,0.6528971715463736,0.6528971715463736
case,0.7068678964637598,0.6636932668329176,0.6842192055406761,400.8
control,0.5922023375157232,0.6387463837994214,0.6141491392001501,305.6
macro avg,0.6495351169897415,0.6512198253161696,0.6491841723704131,706.4
weighted avg,0.6572631156576301,0.6528971715463736,0.6539046223509771,706.4
