,precision,recall,f1-score,support
accuracy,0.5031674208144796,0.5031674208144796,0.5031674208144796,0.5031674208144796
case,0.5708121601182579,0.4896,0.525508536978071,125.0
control,0.4394813294643515,0.5208333333333333,0.4754201783958993,96.0
macro avg,0.5051467447913047,0.5052166666666666,0.5004643576869852,221.0
weighted avg,0.5137634734993665,0.5031674208144796,0.5037506979559512,221.0
