,precision,recall,f1-score,support
accuracy,0.733013050394477,0.733013050394477,0.733013050394477,0.733013050394477
case,0.7799304834066259,0.7375211970074813,0.7581303234607647,400.8
control,0.6787126155431296,0.7270973963355833,0.7020688856912164,305.6
macro avg,0.7293215494748778,0.7323092966715323,0.7300996045759905,706.4
weighted avg,0.7361412907921194,0.733013050394477,0.7338775571193578,706.4
