,precision,recall,f1-score,support
accuracy,0.623725913667854,0.623725913667854,0.623725913667854,0.623725913667854
case,0.6824868717702254,0.6382231920199501,0.6551415205153492,400.8
control,0.5648881732577623,0.6046973106182364,0.5788248931199732,305.6
macro avg,0.6236875225139938,0.6214602513190932,0.6169832068176613,706.4
weighted avg,0.6316096522457858,0.623725913667854,0.6221281798759751,706.4
