,precision,recall,f1-score,support
accuracy,0.497737556561086,0.497737556561086,0.497737556561086,0.497737556561086
case,0.5595408150512584,0.5328,0.5452929937818565,125.0
control,0.4254594309718617,0.4520833333333333,0.4377900369507396,96.0
macro avg,0.4925001230115601,0.49244166666666667,0.49154151536629803,221.0
weighted avg,0.5012973178945974,0.497737556561086,0.4985948767873441,221.0
