,precision,recall,f1-score,support
accuracy,0.6601630713918849,0.6601630713918849,0.6601630713918849,0.6601630713918849
case,0.7167256613066566,0.6667128712871287,0.6899823409602847,100.2
control,0.5981578638720302,0.6516062884483937,0.6227847057924547,76.4
macro avg,0.6574417625893434,0.6591595798677613,0.6563835233763697,176.6
weighted avg,0.6654582085678976,0.6601630713918849,0.660918064213578,176.6
