,precision,recall,f1-score,support
accuracy,0.5423921417565485,0.5423921417565485,0.5423921417565485,0.5423921417565485
case,0.6069578336444752,0.552950495049505,0.5754861892746155,100.2
control,0.47409995221184775,0.5290840738209159,0.49684920767468965,76.4
macro avg,0.5405288929281615,0.5410172844352104,0.5361676984746526,176.6
weighted avg,0.5495051881464411,0.5423921417565485,0.5413614557233016,176.6
