,precision,recall,f1-score,support
accuracy,0.49592760180995477,0.49592760180995477,0.49592760180995477,0.49592760180995477
case,0.5560915501025306,0.5311999999999999,0.5422962587797787,125.0
control,0.4255977381529867,0.45,0.4362852881286406,96.0
macro avg,0.49084464412775863,0.4906,0.48929077345420957,221.0
weighted avg,0.49940645531901834,0.49592760180995477,0.4962462443792843,221.0
