,precision,recall,f1-score,support
accuracy,0.5330316742081449,0.5330316742081449,0.5330316742081449,0.5330316742081449
case,0.5888111888111889,0.5856,0.5868374619045416,125.0
control,0.4606326707000864,0.4645833333333333,0.4621202426916713,96.0
macro avg,0.5247219297556376,0.5250916666666667,0.5244788522981063,221.0
weighted avg,0.5331318325276331,0.5330316742081449,0.5326616562736114,221.0
