,precision,recall,f1-score,support
accuracy,0.603665896250642,0.603665896250642,0.603665896250642,0.603665896250642
case,0.6640893092145104,0.6186336633663366,0.6388232487688063,100.2
control,0.5372934534943873,0.5838687628161312,0.5575428128327464,76.4
macro avg,0.600691381354449,0.601251213091234,0.5981830308007764,176.6
weighted avg,0.6092407701351756,0.603665896250642,0.6036994632695024,176.6
