,precision,recall,f1-score,support
accuracy,0.6568471497089006,0.6568471497089006,0.6568471497089006,0.6568471497089006
case,0.7159435280296067,0.6561758104738155,0.6842887556225553,400.8
control,0.5937012401204141,0.6577392049716061,0.6235914091417011,305.6
macro avg,0.6548223840750105,0.6569575077227109,0.6539400823821282,706.4
weighted avg,0.6630620686638176,0.6568471497089006,0.658028884725514,706.4
