,precision,recall,f1-score,support
accuracy,0.5764499881797164,0.5764499881797164,0.5764499881797164,0.5764499881797164
case,0.6386352194602637,0.5833528678304238,0.6096315071352836,400.8
control,0.5097502355550704,0.5674124075859852,0.5369181390156129,305.6
macro avg,0.574192727507667,0.5753826377082045,0.5732748230754482,706.4
weighted avg,0.5828795533566034,0.5764499881797164,0.5781722039766559,706.4
