,precision,recall,f1-score,support
accuracy,0.6851637409795208,0.6851637409795208,0.6851637409795208,0.6851637409795208
case,0.7400611718149396,0.6861147132169576,0.7120225762684166,400.8
control,0.6243437589585241,0.6839194256937748,0.6527238693070452,305.6
macro avg,0.6822024653867318,0.6850170694553662,0.6823732227877308,706.4
weighted avg,0.690000062964208,0.6851637409795208,0.6863684373412435,706.4
