,precision,recall,f1-score,support
accuracy,0.6857295118423214,0.6857295118423214,0.6857295118423214,0.6857295118423214
case,0.7408902140359104,0.6866259351620948,0.7126198387676319,400.8
control,0.6247368623590608,0.6845730204650167,0.6531667401668484,305.6
macro avg,0.6828135381974856,0.6855994778135557,0.6828932894672401,706.4
weighted avg,0.6906425470828941,0.6857295118423214,0.6868964399989951,706.4
