,precision,recall,f1-score,support
accuracy,0.5311697483307654,0.5311697483307654,0.5311697483307654,0.5311697483307654
case,0.5937389586455801,0.550930693069307,0.5714592432460972,100.2
control,0.4614638945792362,0.5051264524948735,0.4822344138747229,76.4
macro avg,0.527601426612408,0.5280285727820903,0.5268468285604101,176.6
weighted avg,0.5365244179886586,0.5311697483307654,0.5328912590458924,176.6
