,precision,recall,f1-score,support
accuracy,0.4751131221719457,0.4751131221719457,0.4751131221719457,0.4751131221719457
case,0.5399606469583723,0.4944,0.515973003550124,125.0
control,0.40508318816552924,0.45,0.42616849561287473,96.0
macro avg,0.4725219175619507,0.47219999999999995,0.47107074958149936,221.0
weighted avg,0.4813713435913455,0.4751131221719457,0.47696290055475776,221.0
