,precision,recall,f1-score,support
accuracy,0.6257077144379756,0.6257077144379756,0.6257077144379756,0.6257077144379756
case,0.7056518713976626,0.5863254364089776,0.6393568408577965,400.8
control,0.5558601646589677,0.6774006214507662,0.6097347181192712,305.6
macro avg,0.630756018028315,0.6318630289298719,0.6245457794885338,706.4
weighted avg,0.6408548658071302,0.6257077144379756,0.6265352212778982,706.4
