,precision,recall,f1-score,support
accuracy,0.603633795582948,0.603633795582948,0.603633795582948,0.603633795582948
case,0.6602595259525953,0.6266534653465347,0.6417797918009687,100.2
control,0.53860549997086,0.5735475051264525,0.5539438025959207,76.4
macro avg,0.5994325129617277,0.6001004852364936,0.5978617971984447,176.6
weighted avg,0.6076331265489415,0.603633795582948,0.6037590647834208,176.6
