,precision,recall,f1-score,support
accuracy,0.5122171945701357,0.5122171945701357,0.5122171945701357,0.5122171945701357
case,0.5557357904109752,0.6944,0.61699961977272,125.0
control,0.40364307168492763,0.275,0.3260371157138079,96.0
macro avg,0.4796894310479514,0.48469999999999996,0.47151836774326394,221.0
weighted avg,0.48966836508201333,0.5122171945701357,0.4906086677833283,221.0
