,precision,recall,f1-score,support
accuracy,0.5379558294812532,0.5379558294812532,0.5379558294812532,0.5379558294812532
case,0.5924355139403044,0.5947524752475248,0.5934958016242896,100.2
control,0.4658083247258539,0.46336295283663703,0.46444564084988677,76.4
macro avg,0.5291219193330791,0.5290577140420809,0.5289707212370882,176.6
weighted avg,0.5376596075312208,0.5379558294812532,0.5376915405212621,176.6
