,precision,recall,f1-score,support
accuracy,0.6899687864375268,0.6899687864375268,0.6899687864375268,0.6899687864375268
case,0.7727079990790936,0.642715710723192,0.7008430738183543,400.8
control,0.6175683644581658,0.7519897139183542,0.6775224180596146,305.6
macro avg,0.6951381817686297,0.6973527123207731,0.6891827459389844,706.4
weighted avg,0.7056002785346829,0.6899687864375268,0.6907477789593918,706.4
