,precision,recall,f1-score,support
accuracy,0.4986425339366516,0.4986425339366516,0.4986425339366516,0.4986425339366516
case,0.5547380376478349,0.5568000000000001,0.5540414496154512,125.0
control,0.42579204416247496,0.4229166666666667,0.42204829299071855,96.0
macro avg,0.49026504090515494,0.4898583333333334,0.4880448713030849,221.0
weighted avg,0.49872529839627583,0.4986425339366516,0.49670505578751306,221.0
