,precision,recall,f1-score,support
accuracy,0.9671545968156137,0.9671545968156137,0.9671545968156137,0.9671545968156137
case,0.9487300435413643,0.9960198019801979,0.9717638701229958,100.2
control,0.9945205479452055,0.9293233082706767,0.9607421263315352,76.4
macro avg,0.9716252957432848,0.9626715551254372,0.9662529982272655,176.6
weighted avg,0.9685495450296937,0.9671545968156137,0.9669948275793134,176.6
