,precision,recall,f1-score,support
accuracy,0.7919041074483814,0.7919041074483814,0.7919041074483814,0.7919041074483814
case,0.8311265807119861,0.7984077306733167,0.8126910560935224,400.8
control,0.7511281997641047,0.7833472624022286,0.7645195833429492,305.6
macro avg,0.7911273902380455,0.7908774965377726,0.7886053197182358,706.4
weighted avg,0.7965126078818333,0.7919041074483814,0.7918546329839189,706.4
