,precision,recall,f1-score,support
accuracy,0.5565610859728507,0.5565610859728507,0.5565610859728507,0.5565610859728507
case,0.608215069982921,0.6064,0.6070350199429524,125.0
control,0.490076181253165,0.4916666666666666,0.49050498119899305,96.0
macro avg,0.549145625618043,0.5490333333333334,0.5487700005709727,221.0
weighted avg,0.5568968196749727,0.5565610859728507,0.5564156365971601,221.0
