,precision,recall,f1-score,support
accuracy,0.518650487930149,0.518650487930149,0.518650487930149,0.518650487930149
case,0.587736167247645,0.5047920792079208,0.5420714215321005,100.2
control,0.45307609687761075,0.5366028708133971,0.49055721432136556,76.4
macro avg,0.5204061320626279,0.5206974750106589,0.5163143179267331,176.6
weighted avg,0.5294862863352946,0.518650487930149,0.5198376196184524,176.6
