,precision,recall,f1-score,support
accuracy,0.5176470588235293,0.5176470588235293,0.5176470588235293,0.5176470588235293
case,0.5621700718968399,0.6624000000000001,0.6078211599641481,125.0
control,0.42931977583140374,0.32916666666666666,0.3717998772935565,96.0
macro avg,0.4957449238641217,0.49578333333333335,0.4898105186288523,221.0
weighted avg,0.5044613460041617,0.5176470588235293,0.5052960778990947,221.0
