,precision,recall,f1-score,support
accuracy,0.6240241397021058,0.6240241397021058,0.6240241397021058,0.6240241397021058
case,0.6860731730429614,0.6287722772277228,0.6532612207677188,100.2
control,0.5609747471108266,0.6178742310321257,0.5855249969185737,76.4
macro avg,0.623523960076894,0.6233232541299243,0.6193931088431462,176.6
weighted avg,0.6319839372163216,0.6240241397021058,0.6239554448966499,176.6
