,precision,recall,f1-score,support
accuracy,0.5084809964047252,0.5084809964047252,0.5084809964047252,0.5084809964047252
case,0.555988520079149,0.6606930693069307,0.6032730068233826,100.2
control,0.4109925692565832,0.30905673274094325,0.3515289027332046,76.4
macro avg,0.483490544667866,0.484874901023937,0.4774009547782936,176.6
weighted avg,0.4932754291262432,0.5084809964047252,0.4943236815837692,176.6
