,precision,recall,f1-score,support
accuracy,0.5312217194570136,0.5312217194570136,0.5312217194570136,0.5312217194570136
case,0.5692642819390565,0.7056,0.6299266857927505,125.0
control,0.44091904618220407,0.30416666666666664,0.35935577885183184,96.0
macro avg,0.5050916640606302,0.5048833333333332,0.4946412323222911,221.0
weighted avg,0.5135125053206953,0.5312217194570136,0.5123936221442066,221.0
