,precision,recall,f1-score,support
accuracy,0.9991505423306393,0.9991505423306393,0.9991505423306393,0.9991505423306393
case,0.999003734444982,0.9995012468827931,0.9992515582172347,400.8
control,0.9993464052287582,0.9986928104575163,0.9990180032733225,305.6
macro avg,0.9991750698368701,0.9990970286701547,0.9991347807452785,706.4
weighted avg,0.9991528782465476,0.9991505423306393,0.999150486979692,706.4
