,precision,recall,f1-score,support
accuracy,0.4995475113122172,0.4995475113122172,0.4995475113122172,0.4995475113122172
case,0.5690835817004041,0.4800000000000001,0.5190065061622071,125.0
control,0.4357550557083264,0.525,0.4748681874194853,96.0
macro avg,0.5024193187043652,0.5025000000000001,0.4969373467908462,221.0
weighted avg,0.5111671179210401,0.4995475113122172,0.4998332998305271,221.0
