,precision,recall,f1-score,support
accuracy,0.9476197154316808,0.9476197154316808,0.9476197154316808,0.9476197154316808
case,0.9462361963451158,0.962571072319202,0.9542601890249752,400.8
control,0.9499395419580352,0.9280102860816457,0.9387088171604635,305.6
macro avg,0.9480878691515755,0.9452906792004239,0.9464845030927194,706.4
weighted avg,0.9478360598227308,0.9476197154316808,0.9475314008044233,706.4
