,precision,recall,f1-score,support
accuracy,0.9241229950595221,0.9241229950595221,0.9241229950595221,0.9241229950595221
case,0.9316895969259875,0.935133416458853,0.9332843751172464,400.8
control,0.9148106932907798,0.909662487945998,0.912001525081694,305.6
macro avg,0.9232501451083838,0.9223979522024255,0.9226429500994702,706.4
weighted avg,0.9243818661302402,0.9241229950595221,0.924078662330676,706.4
