,precision,recall,f1-score,support
accuracy,0.9997171145685997,0.9997171145685997,0.9997171145685997,0.9997171145685997
case,0.9995024875621891,1.0,0.9997509339975095,400.8
control,1.0,0.9993464052287582,0.9996726677577742,305.6
macro avg,0.9997512437810945,0.9996732026143791,0.9997118008776418,706.4
weighted avg,0.9997178182637028,0.9997171145685997,0.9997170592176522,706.4
