,precision,recall,f1-score,support
accuracy,0.5220916795069337,0.5220916795069337,0.5220916795069337,0.5220916795069337
case,0.5811618239280401,0.562990099009901,0.5714249181239254,100.2
control,0.45040508338341156,0.4685577580314423,0.45871294546181973,76.4
macro avg,0.5157834536557258,0.5157739285206716,0.5150689317928725,176.6
weighted avg,0.5246081849576693,0.5220916795069337,0.5226481946210477,176.6
