,precision,recall,f1-score,support
accuracy,0.9909411915767847,0.9909411915767847,0.9909411915767847,0.9909411915767847
case,0.9882531886541024,0.9960198019801979,0.9920886699507389,100.2
control,0.9947359307359307,0.9842447026657553,0.9894022418312387,76.4
macro avg,0.9914945596950167,0.9901322523229767,0.9907454558909887,176.6
weighted avg,0.9910475753283446,0.9909411915767847,0.9909291869284559,176.6
