,precision,recall,f1-score,support
accuracy,0.5085972850678733,0.5085972850678733,0.5085972850678733,0.5085972850678733
case,0.57111953562365,0.5216000000000001,0.5449550470462114,125.0
control,0.4421847515659584,0.4916666666666666,0.4653166582131204,96.0
macro avg,0.5066521435948041,0.5066333333333333,0.505135852629666,221.0
weighted avg,0.5151116656257388,0.5085972850678733,0.5103609957883981,221.0
