,precision,recall,f1-score,support
accuracy,0.9388097072419106,0.9388097072419106,0.9388097072419106,0.9388097072419106
case,0.9198330306238169,0.9780198019801979,0.9479241928015067,100.2
control,0.9683441724515894,0.8872863978127136,0.9258045565473617,76.4
macro avg,0.9440886015377032,0.9326530998964557,0.9368643746744343,176.6
weighted avg,0.9407907202763661,0.9388097072419106,0.9383625419964163,176.6
