,precision,recall,f1-score,support
accuracy,0.490497737556561,0.490497737556561,0.490497737556561,0.490497737556561
case,0.5603991401483011,0.4544,0.4980011428515234,125.0
control,0.4314563398900688,0.5375,0.47588760930562246,96.0
macro avg,0.4959277400191849,0.49595,0.486944376078573,221.0
weighted avg,0.5043877879999286,0.490497737556561,0.4883952640261547,221.0
