,precision,recall,f1-score,support
accuracy,0.5212669683257919,0.5212669683257919,0.5212669683257919,0.5212669683257919
case,0.5717975679333275,0.616,0.592747061590507,125.0
control,0.4417713248638838,0.39791666666666664,0.4181215777979553,96.0
macro avg,0.5067844463986056,0.5069583333333333,0.505434319694231,221.0
weighted avg,0.5153155799936597,0.5212669683257919,0.5168916478163669,221.0
