,precision,recall,f1-score,support
accuracy,0.546606334841629,0.546606334841629,0.546606334841629,0.546606334841629
case,0.5831836680708681,0.6976,0.6349065113392491,125.0
control,0.4698016075366659,0.35,0.40010066877249334,96.0
macro avg,0.526492637803767,0.5237999999999999,0.5175035900558712,221.0
weighted avg,0.5339317322732056,0.546606334841629,0.5329094032559525,221.0
