,precision,recall,f1-score,support
accuracy,0.5122171945701357,0.5122171945701357,0.5122171945701357,0.5122171945701357
case,0.5577470791756506,0.664,0.6062060804470673,125.0
control,0.41848127006581304,0.3145833333333333,0.3590459087036274,96.0
macro avg,0.48811417462073176,0.4892916666666666,0.4826259945753472,221.0
weighted avg,0.4972515240872144,0.5122171945701357,0.49884238593407976,221.0
