,precision,recall,f1-score,support
accuracy,0.5062275295326143,0.5062275295326143,0.5062275295326143,0.5062275295326143
case,0.5851483868536107,0.45516831683168313,0.5054348942264475,100.2
control,0.4444350578826549,0.573069036226931,0.49702980871583635,76.4
macro avg,0.5147917223681329,0.5141186765293071,0.501232351471142,176.6
weighted avg,0.5242930402783669,0.5062275295326143,0.501839978695012,176.6
