,precision,recall,f1-score,support
accuracy,0.6868618549430824,0.6868618549430824,0.6868618549430824,0.6868618549430824
case,0.7870394889777963,0.6182281795511222,0.6896531154621195,400.8
control,0.6106212027609326,0.7768627450980392,0.6818813832311543,305.6
macro avg,0.6988303458693645,0.6975454623245807,0.6857672493466368,706.4
weighted avg,0.7107162276013286,0.6868618549430824,0.686293228141939,706.4
