,precision,recall,f1-score,support
accuracy,0.6285374935798664,0.6285374935798664,0.6285374935798664,0.6285374935798664
case,0.6774269215094502,0.6726930693069307,0.6712869281727929,100.2
control,0.5730112765188325,0.5705058099794942,0.5666305607011799,76.4
macro avg,0.6252190990141413,0.6215994396432125,0.6189587444369865,176.6
weighted avg,0.6322631129538462,0.6285374935798664,0.6260378486451759,176.6
