,precision,recall,f1-score,support
accuracy,0.7882249940898582,0.7882249940898582,0.7882249940898582,0.7882249940898582
case,0.8258506458788967,0.7984039900249377,0.8090511809033034,400.8
control,0.7539941797502021,0.7748633879781421,0.7599965869714523,305.6
macro avg,0.7899224128145493,0.7866336890015398,0.7845238839373778,706.4
weighted avg,0.7947589603693227,0.7882249940898582,0.7878299227062978,706.4
