,precision,recall,f1-score,support
accuracy,0.5334360554699538,0.5334360554699538,0.5334360554699538,0.5334360554699538
case,0.5826798130230167,0.6206732673267327,0.6003261977573905,100.2
control,0.45877676811766727,0.4187286397812714,0.43655620417234875,76.4
macro avg,0.520728290570342,0.519700953554002,0.5184412009648696,176.6
weighted avg,0.529064172598032,0.5334360554699538,0.5295346271150227,176.6
