,precision,recall,f1-score,support
accuracy,0.5176470588235295,0.5176470588235295,0.5176470588235295,0.5176470588235295
case,0.5752681723562104,0.568,0.5657440817209812,125.0
control,0.44617234617234613,0.4520833333333333,0.4403157040789619,96.0
macro avg,0.5107202592642783,0.5100416666666667,0.5030298928999716,221.0
weighted avg,0.5191903474075635,0.5176470588235295,0.5112593565914163,221.0
