,precision,recall,f1-score,support
accuracy,0.6576123663159837,0.6576123663159837,0.6576123663159837,0.6576123663159837
case,0.715069836844219,0.6585469061876248,0.6855550680945723,500.8
control,0.5950055482793687,0.6563804628655011,0.6240892456519,382.4
macro avg,0.6550376925617939,0.657463684526563,0.6548221568732362,883.2
weighted avg,0.6630845403457655,0.6576123663159837,0.6589433967922037,883.2
