,precision,recall,f1-score,support
accuracy,0.5036733854380914,0.5036733854380914,0.5036733854380914,0.5036733854380914
case,0.5614552544736521,0.5494603174603174,0.5529772352451843,125.2
control,0.43215179985575275,0.4433114035087719,0.4349872954060391,95.6
macro avg,0.49680352716470233,0.4963858604845447,0.49398226532561174,220.8
weighted avg,0.5054813652601639,0.5036733854380914,0.5019829032865806,220.8
