,precision,recall,f1-score,support
accuracy,0.6158946935417523,0.6158946935417523,0.6158946935417523,0.6158946935417523
case,0.6735682916117699,0.629447619047619,0.6481235387195049,125.2
control,0.5553618149538709,0.5985964912280701,0.573039409980842,95.6
macro avg,0.6144650532828204,0.6140220551378446,0.6105814743501735,220.8
weighted avg,0.6224402453621231,0.6158946935417523,0.6155426965186634,220.8
