,precision,recall,f1-score,support
accuracy,0.8454483805892773,0.8454483805892773,0.8454483805892773,0.8454483805892773
case,0.8731701027459242,0.8507719228210245,0.8616372815858505,500.8
control,0.8121673057220792,0.838469600244237,0.8248387938526012,382.40000000000003
macro avg,0.8426687042340016,0.8446207615326308,0.8432380377192259,883.1999999999999
weighted avg,0.8467560795122114,0.8454483805892773,0.8457053136449814,883.1999999999999
