,precision,recall,f1-score,support
accuracy,0.517227478403949,0.517227478403949,0.517227478403949,0.517227478403949
case,0.5813225247643949,0.5237968253968254,0.5498149148149147,125.2
control,0.4505797529216501,0.5082236842105263,0.47638609046055896,95.6
macro avg,0.5159511388430225,0.5160102548036758,0.5131005026377369,220.8
weighted avg,0.524713749165062,0.517227478403949,0.5181084993785341,220.8
