,precision,recall,f1-score,support
accuracy,0.7045239473958413,0.7045239473958413,0.7045239473958413,0.7045239473958413
case,0.7646771701553678,0.692020758483034,0.7249753270357214,500.8
control,0.6445997790707868,0.7208526421791769,0.6790464768661549,382.40000000000003
macro avg,0.7046384746130774,0.7064367003311055,0.7020109019509383,883.1999999999999
weighted avg,0.7126778852164626,0.7045239473958413,0.7050946168023106,883.1999999999999
