,precision,recall,f1-score,support
accuracy,0.7554422048539695,0.7554422048539695,0.7554422048539695,0.7554422048539695
case,0.7948545651075241,0.7698412698412699,0.7807689893131303,125.2
control,0.7122591877425288,0.7363815789473684,0.7220500447045637,95.6
macro avg,0.7535568764250264,0.7531114243943191,0.751409517008847,220.8
weighted avg,0.7590450378278,0.7554422048539695,0.755366480178696,220.8
