,precision,recall,f1-score,support
accuracy,0.5235746606334841,0.5235746606334841,0.5235746606334841,0.5235746606334841
case,0.5911827981680636,0.5161142857142857,0.5505011759105474,125.2
control,0.45767614432792963,0.533530701754386,0.49216631127212285,95.6
macro avg,0.5244294712479967,0.5248224937343359,0.5213337435913351,220.8
weighted avg,0.5333832490793196,0.5235746606334841,0.5252062163073996,220.8
