,precision,recall,f1-score,support
accuracy,0.795281777046483,0.795281777046483,0.795281777046483,0.795281777046483
case,0.8288364576599871,0.8066539682539682,0.8166030028987101,125.2
control,0.7579486486195013,0.7803289473684211,0.767539734856808,95.6
macro avg,0.7933925531397442,0.7934914578111947,0.7920713688777591,220.8
weighted avg,0.7981387928668319,0.795281777046483,0.7953703933765338,220.8
