,precision,recall,f1-score,support
accuracy,0.75,0.75,0.75,0.75
case,0.7815497158912045,0.7763568862275448,0.778898334213251,500.8
control,0.7094068752565498,0.7154785176274384,0.7123591495881639,382.4
macro avg,0.7454782955738771,0.7459177019274916,0.7456287419007075,883.2
weighted avg,0.7503133842014108,0.75,0.7500893560502412,883.2
