,precision,recall,f1-score,support
accuracy,0.6333793679506823,0.6333793679506823,0.6333793679506823,0.6333793679506823
case,0.6987220497396377,0.6217980039920159,0.6575214448103709,500.8
control,0.5676367235060086,0.6485284267220757,0.6049003442259875,382.4
macro avg,0.6331793866228231,0.6351632153570458,0.6312108945181792,883.2
weighted avg,0.6419640185911687,0.6333793679506823,0.6347409803804149,883.2
