,precision,recall,f1-score,support
accuracy,0.8524291160841023,0.8524291160841023,0.8524291160841023,0.8524291160841023
case,0.8810570116490055,0.8530371257485031,0.866748558487411,500.8
control,0.8183715904747021,0.851630145038481,0.834580584135166,382.40000000000003
macro avg,0.8497143010618537,0.8523336353934919,0.8506645713112886,883.1999999999999
weighted avg,0.8539158105088499,0.8524291160841023,0.8528212263083824,883.1999999999999
