,precision,recall,f1-score,support
accuracy,0.6383621241858535,0.6383621241858535,0.6383621241858535,0.6383621241858535
case,0.7019480067639037,0.6321780439121756,0.6633545357136861,500.8
control,0.5754296605501052,0.6464218829029569,0.6067095720570499,382.4
macro avg,0.6386888336570045,0.6392999634075662,0.6350320538853681,883.2
weighted avg,0.6471645230890027,0.6383621241858535,0.6388349750889171,883.2
