,precision,recall,f1-score,support
accuracy,0.7085603890480314,0.7085603890480314,0.7085603890480314,0.7085603890480314
case,0.7531125693157541,0.7232542914171656,0.7376410395200129,500.8
control,0.6560229515604158,0.6893469850860525,0.6719586562002109,382.4
macro avg,0.704567760438085,0.7063006382516092,0.704799847860112,883.2
weighted avg,0.7110813501600728,0.7085603890480314,0.7091988989800886,883.2
