,precision,recall,f1-score,support
accuracy,0.830614728686143,0.830614728686143,0.830614728686143,0.830614728686143
case,0.8714074391975375,0.8226826347305389,0.8463416430065092,500.8
control,0.7836303299950318,0.8409990020915068,0.8112984856803852,382.4
macro avg,0.8275188845962846,0.8318408184110229,0.828820064343447,883.2
weighted avg,0.8334018739061284,0.830614728686143,0.8311694700474221,883.2
