,precision,recall,f1-score,support
accuracy,0.5172357054709995,0.5172357054709995,0.5172357054709995,0.5172357054709995
case,0.5864520913631717,0.5095619047619048,0.544748408785123,125.2
control,0.44975314334839583,0.5271710526315789,0.4849253775912327,95.6
macro avg,0.5181026173557838,0.5183664786967419,0.5148368931881778,220.8
weighted avg,0.5272733094626645,0.5172357054709995,0.5188754612185236,220.8
