,precision,recall,f1-score,support
accuracy,0.7472480460715755,0.7472480460715755,0.7472480460715755,0.7472480460715755
case,0.7894773255934576,0.7555809523809524,0.7720373180127179,125.2
control,0.6976044344450039,0.7364035087719298,0.7163206498664272,95.6
macro avg,0.7435408800192308,0.7459922305764412,0.7441789839395725,220.8
weighted avg,0.7497204657071291,0.7472480460715755,0.7479097264493388,220.8
