,precision,recall,f1-score,support
accuracy,0.8097769328133728,0.8097769328133728,0.8097769328133728,0.8097769328133728
case,0.8472764213805977,0.8107009980039921,0.8285502898495529,500.8
control,0.7654308675996928,0.8085779120473529,0.7863662588903917,382.4
macro avg,0.8063536444901453,0.8096394550256724,0.8074582743699723,883.2
weighted avg,0.8118428190116973,0.8097769328133728,0.8102850205276004,883.2
