,precision,recall,f1-score,support
accuracy,0.6120934391702495,0.6120934391702495,0.6120934391702495,0.6120934391702495
case,0.6775986405928474,0.6026363273453094,0.6378846651153288,500.8
control,0.5455058314528932,0.6244788320369636,0.5822903687969467,382.4
macro avg,0.6115522360228702,0.6135575796911364,0.6100875169561378,883.2
weighted avg,0.6204066873363431,0.6120934391702495,0.6138141227796944,883.2
