,precision,recall,f1-score,support
accuracy,0.5515960510078157,0.5515960510078157,0.5515960510078157,0.5515960510078157
case,0.6117391622914576,0.5702222222222223,0.5892154219979465,125.2
control,0.4853231840886667,0.5270394736842106,0.5041607709892102,95.6
macro avg,0.5485311731900622,0.5486308479532164,0.5466880964935783,220.8
weighted avg,0.5570107726037667,0.5515960510078157,0.5524274009882595,220.8
