,precision,recall,f1-score,support
accuracy,0.7236980666392431,0.7236980666392431,0.7236980666392431,0.7236980666392431
case,0.7755970457713599,0.723568253968254,0.7472227765016022,125.2
control,0.6692662272528936,0.7237719298245614,0.6938347795139593,95.6
macro avg,0.7224316365121268,0.7236700918964077,0.7205287780077808,220.8
weighted avg,0.7295483042943842,0.7236980666392431,0.7241228261123445,220.8
