,precision,recall,f1-score,support
accuracy,0.63406828465652,0.63406828465652,0.63406828465652,0.63406828465652
case,0.7011615866083629,0.6197079365079364,0.6569769013655029,125.2
control,0.5679657755756486,0.6525877192982457,0.6064580873634415,95.6
macro avg,0.6345636810920057,0.636147827903091,0.6317174943644722,220.8
weighted avg,0.6434635803981251,0.63406828465652,0.6351515863431657,220.8
