,precision,recall,f1-score,support
accuracy,0.7124062866718253,0.7124062866718253,0.7124062866718253,0.7124062866718253
case,0.7728664881757645,0.6984870259481039,0.7335299304399496,500.8
control,0.6494555998883242,0.7306494607193142,0.6873926554655092,382.4
macro avg,0.7111610440320444,0.714568243333709,0.7104612929527295,883.2
weighted avg,0.7194361068974612,0.7124062866718253,0.7135522693466527,883.2
