,precision,recall,f1-score,support
accuracy,0.5244919786096256,0.5244919786096256,0.5244919786096256,0.5244919786096256
case,0.5904558116793708,0.5334984126984127,0.5586401335838398,125.2
control,0.4551793220350594,0.5126754385964911,0.48061443899468603,95.6
macro avg,0.522817566857215,0.523086925647452,0.5196272862892629,220.8
weighted avg,0.5318828775922111,0.5244919786096256,0.524861298796069,220.8
