,precision,recall,f1-score,support
accuracy,0.6272587282146939,0.6272587282146939,0.6272587282146939,0.6272587282146939
case,0.6944643736186034,0.6149908183632735,0.6498067050851993,500.8
control,0.5631851103694036,0.6432764206526048,0.5982231746852937,382.4
macro avg,0.6288247419940035,0.6291336195079392,0.6240149398852466,883.2
weighted avg,0.6376192327748664,0.6272587282146939,0.6274805506991302,883.2
