,precision,recall,f1-score,support
accuracy,0.7626408885232415,0.7626408885232415,0.7626408885232415,0.7626408885232415
case,0.7992044409407437,0.7779174603174603,0.7881659462847181,125.2
control,0.7181705980664214,0.7426096491228071,0.7298193774997437,95.6
macro avg,0.7586875195035825,0.7602635547201337,0.7589926618922309,220.8
weighted avg,0.7641172616948857,0.7626408885232415,0.7629080086193781,220.8
