,precision,recall,f1-score,support
accuracy,0.7318839983545866,0.7318839983545866,0.7318839983545866,0.7318839983545866
case,0.7688300483308077,0.7540444444444445,0.7612129005104791,125.2
control,0.6861342780484918,0.7029166666666666,0.6942009268249091,95.6
macro avg,0.7274821631896498,0.7284805555555556,0.7277069136676941,220.8
weighted avg,0.7330474481951413,0.7318839983545866,0.7321980534384016,220.8
