,precision,recall,f1-score,support
accuracy,0.5434882764294529,0.5434882764294529,0.5434882764294529,0.5434882764294529
case,0.5986372455437896,0.5908952380952381,0.5932153320219106,125.2
control,0.47444886131982056,0.4810526315789473,0.4757599639209996,95.6
macro avg,0.536543053431805,0.5359739348370927,0.5344876479714551,220.8
weighted avg,0.5448536391335916,0.5434882764294529,0.5424306102278155,220.8
