,precision,recall,f1-score,support
accuracy,0.8303866907857316,0.8303866907857316,0.8303866907857316,0.8303866907857316
case,0.8548442742153786,0.8442467065868264,0.8495029360555144,500.8
control,0.799298893094303,0.8122359985236421,0.805701017903996,382.4
macro avg,0.8270715836548408,0.8282413525552343,0.8276019769797551,883.2
weighted avg,0.8307950625757858,0.8303866907857316,0.8305379883119011,883.2
