,precision,recall,f1-score,support
accuracy,0.510909090909091,0.510909090909091,0.510909090909091,0.510909090909091
case,0.5795719351461764,0.4921269841269841,0.5292626022823107,125.2
control,0.4476824494942373,0.535548245614035,0.4853037554144131,95.6
macro avg,0.5136271923202068,0.5138376148705095,0.5072831788483619,220.8
weighted avg,0.5224699511688276,0.510909090909091,0.5102222623097867,220.8
