,precision,recall,f1-score,support
accuracy,0.6057527044270099,0.6057527044270099,0.6057527044270099,0.6057527044270099
case,0.6687972414959642,0.60344750499002,0.6343676673550629,500.8
control,0.5398597666962874,0.608789796727407,0.5721782545416964,382.4
macro avg,0.6043285040961258,0.6061186508587134,0.6032729609483796,883.2
weighted avg,0.6129735852071179,0.6057527044270099,0.607438831875616,883.2
