,precision,recall,f1-score,support
accuracy,0.6340148087206912,0.6340148087206912,0.6340148087206912,0.6340148087206912
case,0.7048116968315431,0.6167365079365079,0.6554734269021047,125.2
control,0.5677615914650188,0.6567982456140351,0.6067097526330676,95.6
macro avg,0.636286644148281,0.6367673767752715,0.6310915897675862,220.8
weighted avg,0.6454985734288795,0.6340148087206912,0.6343391660593538,220.8
