,precision,recall,f1-score,support
accuracy,0.8319752694178115,0.8319752694178115,0.8319752694178115,0.8319752694178115
case,0.8677033664444032,0.8302722554890221,0.848561487577616,500.8
control,0.789653930166368,0.8342104903421597,0.8113020869818852,382.4
macro avg,0.8286786483053856,0.8322413729155909,0.8299317872797506,883.2
weighted avg,0.8339118120252932,0.8319752694178115,0.8324289945012702,883.2
