,precision,recall,f1-score,support
accuracy,0.5099712052653229,0.5099712052653229,0.5099712052653229,0.5099712052653229
case,0.5738749430759021,0.528736507936508,0.5499466997619573,125.2
control,0.43976974730785423,0.48515350877192975,0.46092209895222325,95.6
macro avg,0.5068223451918783,0.5069450083542189,0.5054343993570903,220.8
weighted avg,0.5158209057463985,0.5099712052653229,0.5114586458110303,220.8
