,precision,recall,f1-score,support
accuracy,0.6976898992021235,0.6976898992021235,0.6976898992021235,0.6976898992021235
case,0.744777275575111,0.7108838323353293,0.7270133170118923,500.8
control,0.6433368412666728,0.6804327915464847,0.6608119056677947,382.4
macro avg,0.6940570584208919,0.695658311940907,0.6939126113398435,883.2
weighted avg,0.7008621478646797,0.6976898992021235,0.6983480878945384,883.2
