,precision,recall,f1-score,support
accuracy,0.7182909456142419,0.7182909456142419,0.7182909456142419,0.7182909456142419
case,0.7774234171121657,0.706463872255489,0.7392978635053378,500.8
control,0.6576224885712479,0.7337853539841155,0.6927130976748863,382.4
macro avg,0.7175229528417069,0.7201246131198022,0.716005480590112,883.2
weighted avg,0.7255551136091156,0.7182909456142419,0.7191278212138681,883.2
