,precision,recall,f1-score,support
accuracy,0.7138009049773756,0.7138009049773756,0.7138009049773756,0.7138009049773756
case,0.7567348977946277,0.7299936507936508,0.742655945946345,125.2
control,0.6633504281890682,0.6926535087719298,0.6770462954116259,95.6
macro avg,0.7100426629918479,0.7113235797827903,0.7098511206789855,220.8
weighted avg,0.7163074759503046,0.7138009049773756,0.7142386923929083,220.8
