,precision,recall,f1-score,support
accuracy,0.8195208129423038,0.8195208129423038,0.8195208129423038,0.8195208129423038
case,0.8572183383136551,0.8178842315369261,0.8370780185685034,500.8
control,0.7751497543008746,0.8216628162891475,0.797713667561388,382.4
macro avg,0.8161840463072648,0.8197735239130367,0.8173958430649456,883.2
weighted avg,0.8216835250346897,0.8195208129423038,0.8200339221477588,883.2
