,precision,recall,f1-score,support
accuracy,0.7139897408567051,0.7139897408567051,0.7139897408567051,0.7139897408567051
case,0.7553502781596324,0.7348327345309381,0.7440300958704377,500.8
control,0.6657846940840518,0.6867469550120979,0.6748984786008337,382.4
macro avg,0.7105674861218422,0.7107898447715181,0.7094642872356358,883.2
weighted avg,0.7165812626498596,0.7139897408567051,0.7140916938314105,883.2
