,precision,recall,f1-score,support
accuracy,0.49821061291649527,0.49821061291649527,0.49821061291649527,0.49821061291649527
case,0.565286447250201,0.49677460317460315,0.5287040175377969,125.2
control,0.4315472902288686,0.5000219298245614,0.46317141877359375,95.6
macro avg,0.49841686873953484,0.4983982664995823,0.49593771815569543,220.8
weighted avg,0.5073876566073656,0.49821061291649527,0.5003485194523728,220.8
