,precision,recall,f1-score,support
accuracy,0.631566850975951,0.631566850975951,0.631566850975951,0.631566850975951
case,0.6937788533035356,0.6377884231536927,0.6600408072200016,500.8
control,0.572335851575991,0.6233907016800405,0.5904822027263943,382.4
macro avg,0.6330573524397634,0.6305895624168665,0.6252615049731979,883.2
weighted avg,0.6411941013955127,0.631566850975951,0.6299289199505073,883.2
