,precision,recall,f1-score,support
accuracy,0.5090333196215548,0.5090333196215548,0.5090333196215548,0.5090333196215548
case,0.569187779550418,0.530120634920635,0.544807968822494,125.2
control,0.44362889580886494,0.48122807017543856,0.45697177513146714,95.6
macro avg,0.5064083376796414,0.5056743525480367,0.5008898719769805,220.8
weighted avg,0.5148161262929025,0.5090333196215548,0.5068141766289294,220.8
