,precision,recall,f1-score,support
accuracy,0.7212421147568706,0.7212421147568706,0.7212421147568706,0.7212421147568706
case,0.8018591600515981,0.6789317365269462,0.7327497536130658,500.8
control,0.6516776911303571,0.7767172911568904,0.7068126957504477,382.4
macro avg,0.7267684255909777,0.7278245138419182,0.7197812246817568,883.2
weighted avg,0.736847701385643,0.7212421147568706,0.7215119282796022,883.2
