,precision,recall,f1-score,support
accuracy,0.7473179761415055,0.7473179761415055,0.7473179761415055,0.7473179761415055
case,0.7914782283969142,0.7571682539682539,0.7728703183440626,125.2
control,0.6975594944003985,0.7345833333333334,0.7141461677457629,95.6
macro avg,0.7445188613986564,0.7458757936507936,0.7435082430449128,220.8
weighted avg,0.750835848229167,0.7473179761415055,0.747419529775024,220.8
