,precision,recall,f1-score,support
accuracy,0.5380213903743316,0.5380213903743316,0.5380213903743316,0.5380213903743316
case,0.5907084591284691,0.5988698412698412,0.5936835888111796,125.2
control,0.46787274895092984,0.4579385964912281,0.46120273375792475,95.6
macro avg,0.5292906040396994,0.5284042188805347,0.5274431612845522,220.8
weighted avg,0.5375111502256054,0.5380213903743316,0.5364035283600866,220.8
