,precision,recall,f1-score,support
accuracy,0.8288045177126518,0.8288045177126518,0.8288045177126518,0.8288045177126518
case,0.8665874291130413,0.8250730538922155,0.845284123889067,500.8
control,0.7846418718204948,0.833682829138928,0.8083702706429022,382.4
macro avg,0.8256146504667681,0.8293779415155719,0.8268271972659846,883.2
weighted avg,0.8311043371589536,0.8288045177126518,0.829301787006816,883.2
