,precision,recall,f1-score,support
accuracy,0.6059807423274214,0.6059807423274214,0.6059807423274214,0.6059807423274214
case,0.6689250579281116,0.6038291417165669,0.6346929321533266,500.8
control,0.5400312666490393,0.6087952647191502,0.5723361660926441,382.4
macro avg,0.6044781622885755,0.6063122032178585,0.6035145491229854,883.2
weighted avg,0.613117471749621,0.6059807423274214,0.6076948087090985,883.2
