,precision,recall,f1-score,support
accuracy,0.5996791443850268,0.5996791443850268,0.5996791443850268,0.5996791443850268
case,0.671461655528353,0.5782603174603175,0.617870028391886,125.2
control,0.5347679834397102,0.6276754385964912,0.5747772818041482,95.6
macro avg,0.6031148194840317,0.6029678780284043,0.5963236550980171,220.8
weighted avg,0.6122785856576625,0.5996791443850268,0.5992259609071888,220.8
