,precision,recall,f1-score,support
accuracy,0.5062895927601809,0.5062895927601809,0.5062895927601809,0.5062895927601809
case,0.5696643056018056,0.5158095238095238,0.5399854559175166,125.2
control,0.44008643945123527,0.4936842105263158,0.4639693983919019,95.6
macro avg,0.5048753725265205,0.5047468671679198,0.5019774271547093,220.8
weighted avg,0.5135570993997101,0.5062895927601809,0.5071005818975366,220.8
