,precision,recall,f1-score,support
accuracy,0.6168572603866721,0.6168572603866721,0.6168572603866721,0.6168572603866721
case,0.6710895413773212,0.6358222222222223,0.6526762601267265,125.2
control,0.5546695412715785,0.5921710526315789,0.5724312290088347,95.6
macro avg,0.6128795413244499,0.6139966374269006,0.6125537445677807,220.8
weighted avg,0.6207052627739063,0.6168572603866721,0.6179112666850177,220.8
