,precision,recall,f1-score,support
accuracy,0.4827601809954751,0.4827601809954751,0.4827601809954751,0.4827601809954751
case,0.5480249719626602,0.4904,0.5157639040566531,125.2
control,0.41532563428353964,0.47302631578947374,0.4404563433676098,95.6
macro avg,0.4816753031230999,0.4817131578947368,0.4781101237121314,220.8
weighted avg,0.490575762130228,0.4827601809954751,0.4831021488844079,220.8
