,precision,recall,f1-score,support
accuracy,0.7214698964349221,0.7214698964349221,0.7214698964349221,0.7214698964349221
case,0.7744277924716678,0.7192439121756486,0.7449894815398992,500.8
control,0.6646357810757857,0.7243339302557653,0.6923224039591539,382.4
macro avg,0.7195317867737268,0.721788921215707,0.7186559427495266,883.2
weighted avg,0.7268815917774478,0.7214698964349221,0.7221924082375657,883.2
