,precision,recall,f1-score,support
accuracy,0.6216028758397688,0.6216028758397688,0.6216028758397688,0.6216028758397688
case,0.6871757869044174,0.6134459081836328,0.6468806853600528,500.8
control,0.5563333630225795,0.6323513731494266,0.5905749073065655,382.4
macro avg,0.6217545749634985,0.6228986406665296,0.6187277963333091,883.2
weighted avg,0.6305322927768169,0.6216028758397688,0.6224914237852975,883.2
