,precision,recall,f1-score,support
accuracy,0.8272190137488918,0.8272190137488918,0.8272190137488918,0.8272190137488918
case,0.868170606447617,0.8198914171656686,0.8431850206259712,500.8
control,0.7806134636528383,0.8368296583872159,0.8075475449284719,382.4
macro avg,0.8243920350502275,0.8283605377764423,0.8253662827772216,883.2
weighted avg,0.8302649172071261,0.8272190137488918,0.8277540041611445,883.2
