,precision,recall,f1-score,support
accuracy,0.5597696421225833,0.5597696421225833,0.5597696421225833,0.5597696421225833
case,0.6194950221118445,0.5830603174603175,0.5994876454876518,125.2
control,0.49240218615579057,0.5295394736842105,0.5088455475100101,95.6
macro avg,0.5559486041338175,0.556299895572264,0.5541665964988309,220.8
weighted avg,0.5644848677727715,0.5597696421225833,0.5601923244610332,220.8
