,precision,recall,f1-score,support
accuracy,0.7178410191500592,0.7178410191500592,0.7178410191500592,0.7178410191500592
case,0.7692359153717885,0.718449500998004,0.7416617216524447,500.8
control,0.663392059882263,0.7170163903052507,0.6877013755326062,382.4
macro avg,0.7163139876270257,0.7177329456516273,0.7146815485925255,883.2
weighted avg,0.7234040976745091,0.7178410191500592,0.718302145630087,883.2
