,precision,recall,f1-score,support
accuracy,0.7726162073220897,0.7726162073220897,0.7726162073220897,0.7726162073220897
case,0.8167764546995322,0.774768253968254,0.7946891072147646,125.2
control,0.7226458607142756,0.7699122807017543,0.7447987502320017,95.6
macro avg,0.7697111577069039,0.7723402673350043,0.7697439287233832,220.8
weighted avg,0.7760500029242124,0.7726162073220897,0.773078169371366,220.8
