,precision,recall,f1-score,support
accuracy,0.610278359971918,0.610278359971918,0.610278359971918,0.610278359971918
case,0.6743671198168608,0.6046219560878243,0.6374974873913076,500.8
control,0.5441334885409066,0.6176698153185789,0.5784854400995425,382.4
macro avg,0.6092503041788837,0.6111458857032016,0.607991463745425,883.2
weighted avg,0.6179787090889366,0.610278359971918,0.6119499810151112,883.2
