,precision,recall,f1-score,support
accuracy,0.8414839374202507,0.8414839374202507,0.8414839374202507,0.8414839374202507
case,0.8762457553019626,0.8390538922155688,0.8572288696017987,500.8
control,0.8002314830782368,0.8446693915492188,0.8218263568561429,382.4
macro avg,0.8382386191900997,0.8418616418823938,0.8395276132289707,883.2
weighted avg,0.8433342307320695,0.8414839374202507,0.8419001916668503,883.2
