,precision,recall,f1-score,support
accuracy,0.7237062937062937,0.7237062937062937,0.7237062937062937,0.7237062937062937
case,0.7633786462809342,0.7460698412698413,0.7537502450470882,125.2
control,0.6768884670591243,0.6945394736842105,0.684302948907642,95.6
macro avg,0.7201335566700292,0.7203046574770259,0.719026596977365,220.8
weighted avg,0.7259644918033126,0.7237062937062937,0.7236720985323372,220.8
