,precision,recall,f1-score,support
accuracy,0.5362525709584534,0.5362525709584534,0.5362525709584534,0.5362525709584534
case,0.5970950062298437,0.5622857142857143,0.5774511012957396,125.2
control,0.4671474624666113,0.5020833333333333,0.4823144034722982,95.6
macro avg,0.5321212343482276,0.5321845238095239,0.5298827523840189,220.8
weighted avg,0.5408304418005303,0.5362525709584534,0.5362757221171562,220.8
