,precision,recall,f1-score,support
accuracy,0.7973324690099055,0.7973324690099055,0.7973324690099055,0.7973324690099055
case,0.8404722630820813,0.7931361277445109,0.8160863214933988,500.8
control,0.7478001908601376,0.8028351537189179,0.774300249942334,382.4
macro avg,0.7941362269711096,0.7979856407317144,0.7951932857178664,883.2
weighted avg,0.8003497623191629,0.7973324690099055,0.797993571031973,883.2
