,precision,recall,f1-score,support
accuracy,0.7554051830522419,0.7554051830522419,0.7554051830522419,0.7554051830522419
case,0.7992385239721196,0.7603682539682539,0.7790551120917277,125.2
control,0.7047830193319158,0.7489254385964912,0.7258294250878539,95.6
macro avg,0.7520107716520177,0.7546468462823726,0.7524422685897908,220.8
weighted avg,0.7583528921162784,0.7554051830522419,0.7560110454695381,220.8
