,precision,recall,f1-score,support
accuracy,0.6401682356015845,0.6401682356015845,0.6401682356015845,0.6401682356015845
case,0.7009134347862485,0.6425828343313373,0.6681064366221597,500.8
control,0.5783055361952988,0.6370798190094733,0.6039315522503201,382.4
macro avg,0.6396094854907737,0.6398313266704053,0.63601899443624,883.2
weighted avg,0.6478369253869417,0.6401682356015845,0.6403092102009695,883.2
