,precision,recall,f1-score,support
accuracy,0.6150371778644379,0.6150371778644379,0.6150371778644379,0.6150371778644379
case,0.6771452386603686,0.6138219560878244,0.6439041648725948,500.8
control,0.5493749376010595,0.6166254288956023,0.5810344589946548,382.4
macro avg,0.613260088130714,0.6152236924917134,0.6124693119336249,883.2
weighted avg,0.6218247166710523,0.6150371778644379,0.6166842591347276,883.2
