,precision,recall,f1-score,support
accuracy,0.5951007815713698,0.5951007815713698,0.5951007815713698,0.5951007815713698
case,0.6627682219879245,0.587936507936508,0.6214040680466606,125.2
control,0.528589622937449,0.6046491228070175,0.5624267989593396,95.6
macro avg,0.5956789224626868,0.5962928153717628,0.5919154335030001,220.8
weighted avg,0.6046939191127257,0.5951007815713698,0.5958432506998306,220.8
