,precision,recall,f1-score,support
accuracy,0.7126322747933567,0.7126322747933567,0.7126322747933567,0.7126322747933567
case,0.7579805296146322,0.7244502994011977,0.7402955527010864,500.8
control,0.6605477492689309,0.6971839842521839,0.6777506558938361,382.4
macro avg,0.7092641394417816,0.7108171418266906,0.7090231042974613,883.2
weighted avg,0.7158014967324694,0.7126322747933567,0.713212505726198,883.2
