,precision,recall,f1-score,support
accuracy,0.6974413821472645,0.6974413821472645,0.6974413821472645,0.6974413821472645
case,0.7406257932075052,0.7173206349206349,0.7286547433555542,125.2
control,0.6453904432356468,0.6714912280701755,0.6580057289955266,95.6
macro avg,0.693008118221576,0.6944059314954052,0.6933302361755403,220.8
weighted avg,0.6994227906978765,0.6974413821472645,0.6980633384075403,220.8
