,precision,recall,f1-score,support
accuracy,0.8301635211101603,0.8301635211101603,0.8301635211101603,0.8301635211101603
case,0.8672751662504836,0.8270810379241518,0.8466831769848268,500.8
control,0.7865378034054383,0.834198187360737,0.8096426670981648,382.4
macro avg,0.826906484827961,0.8306396126424443,0.8281629220414958,883.2
weighted avg,0.8323187053005535,0.8301635211101603,0.830646430569481,883.2
