,precision,recall,f1-score,support
accuracy,0.7144494037705682,0.7144494037705682,0.7144494037705682,0.7144494037705682
case,0.7813750832168291,0.6912766467065868,0.7322098620241003,500.8
control,0.6501115183120442,0.7447281724604595,0.6928907983107488,382.4
macro avg,0.7157433007644366,0.7180024095835231,0.7125503301674245,883.2
weighted avg,0.724529066069477,0.7144494037705682,0.7151943241466219,883.2
