,precision,recall,f1-score,support
accuracy,0.5379967091731798,0.5379967091731798,0.5379967091731798,0.5379967091731798
case,0.5977112804282537,0.5606222222222221,0.5782605441140343,125.2
control,0.4707545085725401,0.5082894736842105,0.48846684274918745,95.6
macro avg,0.5342328945003969,0.5344558479532163,0.5333636934316109,220.8
weighted avg,0.5427473998202241,0.5379967091731798,0.5394012794565742,220.8
