,precision,recall,f1-score,support
accuracy,0.4709995886466475,0.4709995886466475,0.4709995886466475,0.4709995886466475
case,0.5357740355204859,0.5032380952380953,0.5189651127439616,125.2
control,0.39719638619650494,0.42879385964912287,0.41235682684868225,95.6
macro avg,0.4664852108584953,0.46601597744360895,0.46566096979632193,220.8
weighted avg,0.47578275576814183,0.4709995886466475,0.47280809926486916,220.8
