,precision,recall,f1-score,support
accuracy,0.8180869926156715,0.8180869926156715,0.8180869926156715,0.8180869926156715
case,0.8545261587837727,0.8170956753160347,0.8353516360996363,500.8
control,0.7753741799344364,0.8193860812270174,0.7967254565633025,382.40000000000003
macro avg,0.8149501693591046,0.818240878271526,0.8160385463314692,883.1999999999999
weighted avg,0.8202561576349666,0.8180869926156715,0.818627699278824,883.1999999999999
