,precision,recall,f1-score,support
accuracy,0.812803730255932,0.812803730255932,0.812803730255932,0.812803730255932
case,0.8515028028637444,0.8118304723885562,0.8310829762411024,500.8
control,0.7675752977146533,0.8140698262545624,0.7899864292758396,382.40000000000003
macro avg,0.8095390502891989,0.8129501493215593,0.8105347027584711,883.1999999999999
weighted avg,0.8151618794548191,0.812803730255932,0.8132898011561043,883.1999999999999
