,precision,recall,f1-score,support
accuracy,0.6150473056355409,0.6150473056355409,0.6150473056355409,0.6150473056355409
case,0.6802660913340525,0.6086730158730159,0.6412319128784572,125.2
control,0.54981894492683,0.6235745614035088,0.5829356942590396,95.6
macro avg,0.6150425181304413,0.6161237886382623,0.6120838035687484,220.8
weighted avg,0.6238112113355919,0.6150473056355409,0.615965167137545,220.8
