,precision,recall,f1-score,support
accuracy,0.7609008638420403,0.7609008638420403,0.7609008638420403,0.7609008638420403
case,0.798267456472202,0.7732063492063492,0.7851864040233865,125.2
control,0.7169090058210335,0.7446929824561404,0.7300545754998505,95.6
macro avg,0.7575882311466178,0.7589496658312448,0.7576204897616186,220.8
weighted avg,0.7630320061544918,0.7609008638420403,0.7613309591484343,220.8
