,precision,recall,f1-score,support
accuracy,0.7182887700534759,0.7182887700534759,0.7182887700534759,0.7182887700534759
case,0.7629980163522841,0.7300825396825397,0.7457838417888492,125.2
control,0.6665522437706113,0.7029166666666666,0.68372667069412,95.6
macro avg,0.7147751300614477,0.7164996031746032,0.7147552562414845,220.8
weighted avg,0.7212660373588817,0.7182887700534759,0.7189122697489716,220.8
