,precision,recall,f1-score,support
accuracy,0.6996168621643273,0.6996168621643273,0.6996168621643273,0.6996168621643273
case,0.7712486413849495,0.6680779773785761,0.7152820230335536,500.8
control,0.6316380430007531,0.740937259351405,0.6813847578883951,382.40000000000003
macro avg,0.7014433421928513,0.7045076183649907,0.6983333904609744,883.1999999999999
weighted avg,0.7108039750716046,0.6996168621643273,0.7006032962387483,883.1999999999999
