,precision,recall,f1-score,support
accuracy,0.5072850678733032,0.5072850678733032,0.5072850678733032,0.5072850678733032
case,0.5757352479598242,0.5049015873015874,0.5371370116625244,125.2
control,0.4394703332076362,0.5107017543859649,0.47169125393466904,95.6
macro avg,0.5076027905837301,0.507801670843776,0.5044141327985967,220.8
weighted avg,0.5167418506253488,0.5072850678733032,0.5087396772884409,220.8
