,precision,recall,f1-score,support
accuracy,0.623868906391723,0.623868906391723,0.623868906391723,0.623868906391723
case,0.6902343946658344,0.6118171656686627,0.6480891074459636,500.8
control,0.5575880315958034,0.6396525091247113,0.5953088885416105,382.4
macro avg,0.6239112131308189,0.6257348373966869,0.621698997993787,883.2
weighted avg,0.6328026871308468,0.623868906391723,0.625236850009623,883.2
