,precision,recall,f1-score,support
accuracy,0.5009132044426161,0.5009132044426161,0.5009132044426161,0.5009132044426161
case,0.5571216409173934,0.5641015873015873,0.5594274835900771,125.2
control,0.42649950804490516,0.4184210526315789,0.420976138770386,95.6
macro avg,0.4918105744811493,0.49126131996658307,0.4902018111802316,220.8
weighted avg,0.5005759075851791,0.5009132044426161,0.49943046415353176,220.8
