,precision,recall,f1-score,support
accuracy,0.6105071665394096,0.6105071665394096,0.6105071665394096,0.6105071665394096
case,0.6715599444781366,0.6130203592814372,0.6409387493397969,500.8
control,0.5450001695516369,0.6072095471135839,0.5744073979738619,382.4
macro avg,0.6082800570148867,0.6101149531975105,0.6076730736568294,883.2
weighted avg,0.6167633278446053,0.6105071665394096,0.6121340021098477,883.2
