,precision,recall,f1-score,support
accuracy,0.7090144150699743,0.7090144150699743,0.7090144150699743,0.7090144150699743
case,0.7501559505753777,0.7304343313373254,0.739662350295937,500.8
control,0.6599213740042507,0.6809508837641655,0.6695689514664183,382.4
macro avg,0.7050386622898142,0.7056926075507455,0.7046156508811776,883.2
weighted avg,0.7110845353860639,0.7090144150699743,0.7093152140896605,883.2
