,precision,recall,f1-score,support
accuracy,0.5045495680789799,0.5045495680789799,0.5045495680789799,0.5045495680789799
case,0.5679251236079867,0.5366984126984127,0.5511332568435432,125.2
control,0.43088652127517674,0.4623464912280701,0.4453500524062388,95.6
macro avg,0.4994058224415817,0.4995224519632414,0.498241654624891,220.8
weighted avg,0.5085903386509687,0.5045495680789799,0.5053532862616854,220.8
