,precision,recall,f1-score,support
accuracy,0.6245458458668771,0.6245458458668771,0.6245458458668771,0.6245458458668771
case,0.6917247525049046,0.6126179640718563,0.6484367952627615,500.8
control,0.5587413210238618,0.6401350593960603,0.5952811844597331,382.4
macro avg,0.6252330367643831,0.6263765117339583,0.6218589898612473,883.2
weighted avg,0.6341436104694617,0.6245458458668771,0.6254272459548279,883.2
