,precision,recall,f1-score,support
accuracy,0.717162542340745,0.717162542340745,0.717162542340745,0.717162542340745
case,0.7617138708129828,0.7289602129075182,0.7424915204916721,500.8
control,0.6720646824163392,0.7017351760465509,0.6832716762833503,382.40000000000003
macro avg,0.716889276614661,0.7153476944770346,0.7128815983875111,883.1999999999999
weighted avg,0.7229024618853476,0.717162542340745,0.7168479279941847,883.1999999999999
