,precision,recall,f1-score,support
accuracy,0.8320498301245753,0.8320498301245753,0.8320498301245753,0.8320498301245753
case,0.8645544743358243,0.8327383898868929,0.8482792713714025,500.8
control,0.7936038241129402,0.8311559334545405,0.8118591337238006,382.40000000000003
macro avg,0.8290791492243823,0.8319471616707167,0.8300692025476016,883.1999999999999
weighted avg,0.8338375833772993,0.8320498301245753,0.8325100676692262,883.1999999999999
