,precision,recall,f1-score,support
accuracy,0.837335526596735,0.837335526596735,0.837335526596735,0.837335526596735
case,0.8678977899355521,0.841127877578177,0.8541521168518168,500.8
control,0.8007278921008055,0.8323864594297796,0.8160304108888936,382.40000000000003
macro avg,0.8343128410181788,0.8367571685039783,0.8350912638703553,883.1999999999999
weighted avg,0.8388206474300554,0.837335526596735,0.8376455025615854,883.1999999999999
