,precision,recall,f1-score,support
accuracy,0.6141345064901124,0.6141345064901124,0.6141345064901124,0.6141345064901124
case,0.6750599058146333,0.6158043912175649,0.6440329730235046,500.8
control,0.5489257860641953,0.6119393599715665,0.5786829484074485,382.4
macro avg,0.6119928459394142,0.6138718755945657,0.6113579607154767,883.2
weighted avg,0.620446438650086,0.6141345064901124,0.6157395501127334,883.2
