,precision,recall,f1-score,support
accuracy,0.7155765259322651,0.7155765259322651,0.7155765259322651,0.7155765259322651
case,0.7643773973168774,0.7204423153692614,0.7414238521629922,500.8
control,0.6605987978146346,0.7092080980957719,0.6836263115144989,382.4
macro avg,0.7124880975657559,0.7148252067325167,0.7125250818387455,883.2
weighted avg,0.7194452772431449,0.7155765259322651,0.7163988659315301,883.2
