,precision,recall,f1-score,support
accuracy,0.47554504319210195,0.47554504319210195,0.47554504319210195,0.47554504319210195
case,0.5404114873879878,0.4808761904761905,0.507390486964955,125.2
control,0.40973181702866734,0.46864035087719297,0.4356844694196984,95.6
macro avg,0.4750716522083276,0.47475827067669174,0.4715374781923267,220.8
weighted avg,0.4838408149675719,0.47554504319210195,0.47633214657980255,220.8
