,precision,recall,f1-score,support
accuracy,0.626840806252571,0.626840806252571,0.626840806252571,0.626840806252571
case,0.6624733268950036,0.6934349206349206,0.6759863323493023,125.2
control,0.5812617232444903,0.5396491228070175,0.5564869904898313,95.6
macro avg,0.621867525069747,0.6165420217209692,0.6162366614195668,220.8
weighted avg,0.6273227992346422,0.626840806252571,0.6242494185505358,220.8
