,precision,recall,f1-score,support
accuracy,0.7536116824352119,0.7536116824352119,0.7536116824352119,0.7536116824352119
case,0.7871683758610754,0.7764063492063492,0.7813262988678408,125.2
control,0.7124012775297182,0.7239254385964913,0.7175232618833791,95.6
macro avg,0.7497848266953968,0.7501658939014202,0.74942478037561,220.8
weighted avg,0.7548370575508627,0.7536116824352119,0.7536861435805337,220.8
