,precision,recall,f1-score,support
accuracy,0.7735376388317564,0.7735376388317564,0.7735376388317564,0.7735376388317564
case,0.8155451607721405,0.779568253968254,0.7959854596302034,125.2
control,0.7276778310863626,0.7658552631578948,0.7446246368154344,95.6
macro avg,0.7716114959292516,0.7727117585630744,0.7703050482228189,220.8
weighted avg,0.7775519199249384,0.7735376388317564,0.7737266505938297,220.8
