,precision,recall,f1-score,support
accuracy,0.5199053887289182,0.5199053887289182,0.5199053887289182,0.5199053887289182
case,0.5796921392464426,0.5654095238095238,0.5719556630209042,125.2
control,0.44540306365473753,0.4600657894736842,0.45200255980207815,95.6
macro avg,0.5125476014505901,0.512737656641604,0.5119791114114911,220.8
weighted avg,0.52154911499974,0.5199053887289182,0.520072849534168,220.8
