,precision,recall,f1-score,support
accuracy,0.5135828877005347,0.5135828877005347,0.5135828877005347,0.5135828877005347
case,0.5760075856864848,0.5382857142857143,0.5560807038445215,125.2
control,0.4434122501866118,0.48127192982456146,0.46111101085804096,95.6
macro avg,0.5097099179365483,0.5097788220551378,0.5085958573512812,220.8
weighted avg,0.5186016780757545,0.5135828877005347,0.5149548806328437,220.8
