,precision,recall,f1-score,support
accuracy,0.6132251733344265,0.6132251733344265,0.6132251733344265,0.6132251733344265
case,0.6772371884794813,0.6074283433133733,0.6403907083843887,500.8
control,0.5470300569363753,0.62080570858338,0.5815453767021932,382.4
macro avg,0.6121336227079283,0.6141170259483767,0.610968042543291,883.2
weighted avg,0.6208606475929492,0.6132251733344265,0.6149144642453571,883.2
