,precision,recall,f1-score,support
accuracy,0.805629034434577,0.805629034434577,0.805629034434577,0.805629034434577
case,0.8423090272991196,0.8071103127079174,0.824280221535809,500.8
control,0.7624929278514294,0.8036906665937601,0.7824842109509134,382.40000000000003
macro avg,0.8024009775752745,0.8054004896508388,0.8033822162433611,883.1999999999999
weighted avg,0.8077519048935177,0.805629034434577,0.8061839005942376,883.1999999999999
