,precision,recall,f1-score,support
accuracy,0.700935339725227,0.700935339725227,0.700935339725227,0.700935339725227
case,0.772938330291697,0.6690633399866933,0.7165964533348522,500.8
control,0.6325973924572245,0.7426710684000201,0.6826959858131495,382.40000000000003
macro avg,0.7027678613744608,0.7058672041933566,0.6996462195740009,883.1999999999999
weighted avg,0.7121735436818414,0.700935339725227,0.7019188697085575,883.1999999999999
