,precision,recall,f1-score,support
accuracy,0.5044960921431509,0.5044960921431509,0.5044960921431509,0.5044960921431509
case,0.5724355510725104,0.491936507936508,0.528892893177527,125.2
control,0.43996964417696127,0.520877192982456,0.4768315159272955,95.6
macro avg,0.5062025976247359,0.5064068504594821,0.5028622045524112,220.8
weighted avg,0.5150899378349485,0.5044960921431509,0.5063706285357585,220.8
