,precision,recall,f1-score,support
accuracy,0.7590292060880296,0.7590292060880296,0.7590292060880296,0.7590292060880296
case,0.7965428291515247,0.7729904761904762,0.7832395757576354,125.2
control,0.7189419176261281,0.7404824561403509,0.7273891291701444,95.6
macro avg,0.7577423733888264,0.7567364661654136,0.7553143524638899,220.8
weighted avg,0.7628735811412846,0.7590292060880296,0.7590810067034082,220.8
