,precision,recall,f1-score,support
accuracy,0.7137638831756479,0.7137638831756479,0.7137638831756479,0.7137638831756479
case,0.7648627519915608,0.715568253968254,0.7387315121682637,125.2
control,0.6577929675755763,0.711140350877193,0.6826239010372214,95.6
macro avg,0.7113278597835686,0.7133543024227235,0.7106777066027425,220.8
weighted avg,0.7184626800283368,0.7137638831756479,0.7144735537464731,220.8
