,precision,recall,f1-score,support
accuracy,0.5778815302344714,0.5778815302344714,0.5778815302344714,0.5778815302344714
case,0.6465035771724582,0.5653968253968253,0.6001500493837344,125.2
control,0.5135297100391145,0.5943201754385965,0.5477641547961796,95.6
macro avg,0.5800166436057864,0.5798585004177109,0.573957102089957,220.8
weighted avg,0.5889418840094574,0.5778815302344714,0.5774557156599112,220.8
