,precision,recall,f1-score,support
accuracy,0.8063851466189752,0.8063851466189752,0.8063851466189752,0.8063851466189752
case,0.8446865470831525,0.8071777777777777,0.8254203559837521,500.8
control,0.7613391508020797,0.8053620494033055,0.7826131010648991,382.40000000000003
macro avg,0.8030128489426162,0.8062699135905417,0.8040167285243256,883.1999999999999
weighted avg,0.8086039520624166,0.8063851466189752,0.8068850668271579,883.1999999999999
