,precision,recall,f1-score,support
accuracy,0.6234141117027001,0.6234141117027001,0.6234141117027001,0.6234141117027001
case,0.6936378924125852,0.602637125748503,0.6445675344111927,500.8
control,0.5556798216783879,0.6506103645783494,0.5990813361548909,382.4
macro avg,0.6246588570454866,0.6266237451634262,0.6218244352830419,883.2
weighted avg,0.6339051489482211,0.6234141117027001,0.6248758187559758,883.2
