,precision,recall,f1-score,support
accuracy,0.5108473879062114,0.5108473879062114,0.5108473879062114,0.5108473879062114
case,0.5718315500039625,0.5510984126984126,0.5611016878128205,125.2
control,0.43696978183317786,0.4580043859649122,0.44704823645806835,95.6
macro avg,0.5044006659185702,0.5045513993316625,0.5040749621354444,220.8
weighted avg,0.513450476737843,0.5108473879062114,0.5117528293415685,220.8
