,precision,recall,f1-score,support
accuracy,0.7194324162280994,0.7194324162280994,0.7194324162280994,0.7194324162280994
case,0.7579638566806117,0.7452079840319362,0.7504951529316596,500.8
control,0.6739775348152117,0.685649255669624,0.6781027318708625,382.4
macro avg,0.7159706957479117,0.7154286198507801,0.714298942401261,883.2
weighted avg,0.7215956437658956,0.7194324162280994,0.7191550161080602,883.2
