,precision,recall,f1-score,support
accuracy,0.7907486631016043,0.7907486631016043,0.7907486631016043,0.7907486631016043
case,0.8196989285224578,0.811504761904762,0.8149902588803553,125.2
control,0.7556610710285528,0.763640350877193,0.7586929361158822,95.6
macro avg,0.7876799997755054,0.7875725563909775,0.7868415974981187,220.8
weighted avg,0.7919880307238036,0.7907486631016043,0.7906070705320051,220.8
