,precision,recall,f1-score,support
accuracy,0.6372270591309962,0.6372270591309962,0.6372270591309962,0.6372270591309962
case,0.6902313361284353,0.6569532934131737,0.6718372056056278,500.8
control,0.5777230326509764,0.6114636446898964,0.5922308182048195,382.4
macro avg,0.6339771843897057,0.6342084690515352,0.6320340119052236,883.2
weighted avg,0.6415267765483847,0.6372270591309962,0.63735883455603,883.2
