,precision,recall,f1-score,support
accuracy,0.8256319297472451,0.8256319297472451,0.8256319297472451,0.8256319297472451
case,0.8520355811865364,0.8374565535595475,0.8446057643235741,500.8
control,0.7928414681968841,0.8101488205086144,0.801293567020796,382.40000000000003
macro avg,0.8224385246917102,0.8238026870340809,0.8229496656721852,883.1999999999999
weighted avg,0.8264066196268406,0.8256319297472451,0.8258524452212619,883.1999999999999
