,precision,recall,f1-score,support
accuracy,0.5154257507198683,0.5154257507198683,0.5154257507198683,0.5154257507198683
case,0.5785965395100406,0.5336507936507936,0.5543816379643223,125.2
control,0.4465348302233595,0.49173245614035094,0.467219612738867,95.6
macro avg,0.5125656848667001,0.5126916248955722,0.5108006253515947,220.8
weighted avg,0.5214237645578557,0.5154257507198683,0.516608425782138,220.8
