,precision,recall,f1-score,support
accuracy,0.7454627725215961,0.7454627725215961,0.7454627725215961,0.7454627725215961
case,0.7825860566673544,0.7667936507936508,0.7738770542349125,125.2
control,0.7010095101190934,0.7177631578947368,0.7082933723413756,95.6
macro avg,0.7417977833932239,0.7422784043441938,0.741085213288144,220.8
weighted avg,0.7473123539422567,0.7454627725215961,0.7454539008790361,220.8
