,precision,recall,f1-score,support
accuracy,0.8182744619757477,0.8182744619757477,0.8182744619757477,0.8182744619757477
case,0.8513175350291368,0.8214183632734531,0.8360194037686176,500.8
control,0.7790907936574353,0.8141573141224557,0.7961342743444132,382.40000000000003
macro avg,0.815204164343286,0.8177878386979544,0.8160768390565153,883.1999999999999
weighted avg,0.8200450577651672,0.8182744619757477,0.8187500668923785,883.1999999999999
