,precision,recall,f1-score,support
accuracy,0.5362813656931305,0.5362813656931305,0.5362813656931305,0.5362813656931305
case,0.592234537104243,0.5879746031746033,0.5887536422495111,125.2
control,0.4645738277317225,0.4688815789473685,0.4650464076345669,95.6
macro avg,0.5284041824179828,0.5284280910609859,0.526900024942039,220.8
weighted avg,0.536964757370502,0.5362813656931305,0.5351291107431122,220.8
