,precision,recall,f1-score,support
accuracy,0.7071617565921743,0.7071617565921743,0.7071617565921743,0.7071617565921743
case,0.7705069456408902,0.6897033932135729,0.7260113523006212,500.8
control,0.6457457028493684,0.7300627907718527,0.6837007428779637,382.40000000000003
macro avg,0.7081263242451293,0.7098830919927127,0.7048560475892924,883.1999999999999
weighted avg,0.7164956250644255,0.7071617565921743,0.7076873448018725,883.1999999999999
