,precision,recall,f1-score,support
accuracy,0.5543521184697655,0.5543521184697655,0.5543521184697655,0.5543521184697655
case,0.6147023723618897,0.5768253968253968,0.5928530856690258,125.2
control,0.4871638833995601,0.5249122807017544,0.5023115067396591,95.6
macro avg,0.550933127880725,0.5508688387635756,0.5475822962043424,220.8
weighted avg,0.5594890815759268,0.5543521184697655,0.5536572521671737,220.8
