,precision,recall,f1-score,support
accuracy,0.7135377646136423,0.7135377646136423,0.7135377646136423,0.7135377646136423
case,0.7485544358692932,0.7460135728542914,0.7468538980838945,500.8
control,0.6694319995897238,0.6710333137396962,0.6695843212617019,382.4
macro avg,0.7089932177295084,0.7085234432969939,0.7082191096727982,883.2
weighted avg,0.7143039842576843,0.7135377646136423,0.7133962942069392,883.2
