,precision,recall,f1-score,support
accuracy,0.617300646192792,0.617300646192792,0.617300646192792,0.617300646192792
case,0.6769749623866853,0.6218075848303394,0.6482112316894848,500.8
control,0.5524493922909545,0.6113966617910407,0.5804213115865202,382.4
macro avg,0.6147121773388199,0.6166021233106901,0.6143162716380025,883.2
weighted avg,0.6230595723783103,0.617300646192792,0.6188607922803833,883.2
