,precision,recall,f1-score,support
accuracy,0.6122994652406417,0.6122994652406417,0.6122994652406417,0.6122994652406417
case,0.6788996348282551,0.6070222222222222,0.6396400551132173,125.2
control,0.545046440562325,0.6191008771929825,0.578497502657112,95.6
macro avg,0.6119730376952901,0.6130615497076024,0.6090687788851646,220.8
weighted avg,0.6209402929814019,0.6122994652406417,0.6131887024459701,220.8
