,precision,recall,f1-score,support
accuracy,0.49732208967503083,0.49732208967503083,0.49732208967503083,0.49732208967503083
case,0.5597543766722572,0.5368126984126984,0.5478201384804608,125.2
control,0.4226528372890706,0.4457456140350877,0.43364108146963803,95.6
macro avg,0.4912036069806639,0.49127915622389307,0.4907306099750494,220.8
weighted avg,0.5003979575719412,0.49732208967503083,0.4983557432927833,220.8
