,precision,recall,f1-score,support
accuracy,0.6039404436746386,0.6039404436746386,0.6039404436746386,0.6039404436746386
case,0.669665207751231,0.5950451097804391,0.6301071626133788,500.8
control,0.5372533304317697,0.6155796754746901,0.5737123916381641,382.4
macro avg,0.6034592690915004,0.6053123926275645,0.6019097771257715,883.2
weighted avg,0.6123341856394069,0.6039404436746386,0.6056918192055762,883.2
