,precision,recall,f1-score,support
accuracy,0.5081694775812423,0.5081694775812423,0.5081694775812423,0.5081694775812423
case,0.5731215724946133,0.5192126984126985,0.5446202773243805,125.2
control,0.4394949056408827,0.4935526315789473,0.4647497975365146,95.6
macro avg,0.5063082390677479,0.5063826649958229,0.5046850374304476,220.8
weighted avg,0.5152739145384541,0.5081694775812423,0.5100763422686491,220.8
