,precision,recall,f1-score,support
accuracy,0.6268085455281511,0.6268085455281511,0.6268085455281511,0.6268085455281511
case,0.6846264721480393,0.6381309381237525,0.6574989385731947,500.8
control,0.5670959282795989,0.6119215889984007,0.5853219778109063,382.4
macro avg,0.6258612002138191,0.6250262635610766,0.6214104581920505,883.2
weighted avg,0.6337333276433992,0.6268085455281511,0.6262583167906585,883.2
