,precision,recall,f1-score,support
accuracy,0.7927991694979237,0.7927991694979237,0.7927991694979237,0.7927991694979237
case,0.8282376377569198,0.80052375249501,0.8140566446657709,500.8
control,0.7501813447087408,0.7826892494725666,0.7659674520889183,382.40000000000003
macro avg,0.7892094912328304,0.7916065009837884,0.7900120483773446,883.1999999999999
weighted avg,0.7944436901634027,0.7927991694979237,0.7932351307839333,883.1999999999999
