,precision,recall,f1-score,support
accuracy,0.7867614603991261,0.7867614603991261,0.7867614603991261,0.7867614603991261
case,0.8273472305029186,0.787478243512974,0.8068510224453503,500.8
control,0.739630292921472,0.7858240035724213,0.7619392052902324,382.40000000000003
macro avg,0.7834887617121953,0.7866511235426977,0.7843951138677913,883.1999999999999
weighted avg,0.7893692191256799,0.7867614603991261,0.7874056841493946,883.1999999999999
