,precision,recall,f1-score,support
accuracy,0.6941448066289849,0.6941448066289849,0.6941448066289849,0.6941448066289849
case,0.7469901915739817,0.6953574184963407,0.719309977978316,500.8
control,0.636950029168317,0.6925592024022711,0.6627853847926523,382.40000000000003
macro avg,0.6919701103711494,0.6939583104493058,0.6910476813854841,883.1999999999999
weighted avg,0.6993460270452486,0.6941448066289849,0.6948359155137392,883.1999999999999
