,precision,recall,f1-score,support
accuracy,0.5968860551213492,0.5968860551213492,0.5968860551213492,0.5968860551213492
case,0.654205160698168,0.6165587301587301,0.6342178685979418,125.2
control,0.5315801406307585,0.5711622807017543,0.5499103609880118,95.6
macro avg,0.5928926506644633,0.5938605054302423,0.5920641147929768,220.8
weighted avg,0.6011151837454627,0.5968860551213492,0.5977079571245443,220.8
