,precision,recall,f1-score,support
accuracy,0.6974537227478403,0.6974537227478403,0.6974537227478403,0.6974537227478403
case,0.7415734532460845,0.7188571428571429,0.7296654781738763,125.2
control,0.6441456237419482,0.6695833333333333,0.6561126814661312,95.6
macro avg,0.6928595384940163,0.694220238095238,0.6928890798200038,220.8
weighted avg,0.699415621071734,0.6974537227478403,0.6977976924607809,220.8
