,precision,recall,f1-score,support
accuracy,0.7010825394710546,0.7010825394710546,0.7010825394710546,0.7010825394710546
case,0.7510176068341046,0.7084534930139721,0.7285582472574031,500.8
control,0.6451918611962566,0.6914097849712247,0.6667463382353629,382.4
macro avg,0.6981047340151806,0.6999316389925984,0.6976522927463831,883.2
weighted avg,0.7051942644115248,0.7010825394710546,0.701797788272251,883.2
