,precision,recall,f1-score,support
accuracy,0.7246318387494858,0.7246318387494858,0.7246318387494858,0.7246318387494858
case,0.7723533697486278,0.7316571428571429,0.7506695358271319,125.2
control,0.6712651384114805,0.715438596491228,0.6917415836294787,95.6
macro avg,0.721809254080054,0.7235478696741855,0.7212055597283052,220.8
weighted avg,0.72859262576943,0.7246318387494858,0.7251577268738754,220.8
