,precision,recall,f1-score,support
accuracy,0.5225956396544632,0.5225956396544632,0.5225956396544632,0.5225956396544632
case,0.5883558395872092,0.5305142857142857,0.55638888042409,125.2
control,0.4538959594115054,0.5124561403508772,0.4800814807285502,95.6
macro avg,0.5211258994993573,0.5214852130325814,0.5182351805763201,220.8
weighted avg,0.5301557313989962,0.5225956396544632,0.5233081694090133,220.8
