,precision,recall,f1-score,support
accuracy,0.5498601398601398,0.5498601398601398,0.5498601398601398,0.5498601398601398
case,0.6187605916372163,0.5445587301587301,0.5766957434190032,125.2
control,0.4814898570528482,0.5562938596491228,0.5135563691871997,95.6
macro avg,0.5501252243450322,0.5504262949039265,0.5451260563031015,220.8
weighted avg,0.559322132916515,0.5498601398601398,0.5494669925789272,220.8
