,precision,recall,f1-score,support
accuracy,0.6042245989304813,0.6042245989304813,0.6042245989304813,0.6042245989304813
case,0.6748495602060153,0.5783619047619049,0.6190317761743209,125.2
control,0.5415845355294381,0.6379385964912281,0.5829859671916686,95.6
macro avg,0.6082170478677267,0.6081502506265665,0.6010088716829948,220.8
weighted avg,0.6171415345895617,0.6042245989304813,0.6034564075553408,220.8
