,precision,recall,f1-score,support
accuracy,0.7998560263266146,0.7998560263266146,0.7998560263266146,0.7998560263266146
case,0.8381567367313139,0.8035047619047619,0.8200539127296622,125.2
control,0.7554832499037352,0.7948464912280702,0.774073093349377,95.6
macro avg,0.7968199933175244,0.799175626566416,0.7970635030395196,220.8
weighted avg,0.8023175159121143,0.7998560263266146,0.8001733643702978,220.8
