,precision,recall,f1-score,support
accuracy,0.7041419625607888,0.7041419625607888,0.7041419625607888,0.7041419625607888
case,0.7782702675742424,0.6713853626081171,0.7183741226433424,500.8
control,0.6384285353741836,0.7470693842585631,0.686145668635505,382.40000000000003
macro avg,0.7083494014742131,0.7092273734333401,0.7022598956394237,883.1999999999999
weighted avg,0.7177276652167381,0.7041419625607888,0.7044162573529514,883.1999999999999
