,precision,recall,f1-score,support
accuracy,0.637003377010705,0.637003377010705,0.637003377010705,0.637003377010705
case,0.7017817844729107,0.6314395209580839,0.6613380692544266,500.8
control,0.5756808296337191,0.6443604500157205,0.6042994872567966,382.4
macro avg,0.6387313070533149,0.6378999854869022,0.6328187782556116,883.2
weighted avg,0.6471938648213973,0.637003377010705,0.6366316557624698,883.2
