,precision,recall,f1-score,support
accuracy,0.8237484391787903,0.8237484391787903,0.8237484391787903,0.8237484391787903
case,0.8559117192664196,0.8267463739188291,0.8410055596069178,500.8
control,0.7854948239449735,0.8198223814015374,0.8022040676964651,382.40000000000003
macro avg,0.8207032716056966,0.8232843776601833,0.8216048136516915,883.1999999999999
weighted avg,0.8254234794307101,0.8237484391787903,0.824205735977049,883.1999999999999
