,precision,recall,f1-score,support
accuracy,0.5570423693953106,0.5570423693953106,0.5570423693953106,0.5570423693953106
case,0.6149173770747969,0.5894857142857143,0.601659039361231,125.2
control,0.48785228810311515,0.5144298245614035,0.5004685637971147,95.6
macro avg,0.551384832588956,0.5519577694235589,0.5510638015791729,220.8
weighted avg,0.5599104361682078,0.5570423693953106,0.5578775130644915,220.8
