,precision,recall,f1-score,support
accuracy,0.7527807486631015,0.7527807486631015,0.7527807486631015,0.7527807486631015
case,0.7879293746204368,0.7714920634920635,0.7790387788881895,125.2
control,0.7110987425273139,0.7280921052631579,0.7186867146427881,95.6
macro avg,0.7495140585738753,0.7497920843776107,0.7488627467654888,220.8
weighted avg,0.7546157161740199,0.7527807486631015,0.7529238624119132,220.8
