,precision,recall,f1-score,support
accuracy,0.7255369139554071,0.7255369139554071,0.7255369139554071,0.7255369139554071
case,0.769359961016679,0.7376183632734531,0.7528404027206658,500.8
control,0.6742650054428692,0.7097097863382226,0.691088069912831,382.4
macro avg,0.7218124832297741,0.7236640748058378,0.7219642363167483,883.2
weighted avg,0.7281865123410733,0.7255369139554071,0.7261044941611983,883.2
