,precision,recall,f1-score,support
accuracy,0.825826018184955,0.825826018184955,0.825826018184955,0.825826018184955
case,0.8581814127322062,0.8301365269461077,0.8438340587906893,500.8
control,0.7868438797846856,0.8201837245225759,0.8030380637846823,382.40000000000003
macro avg,0.8225126462584459,0.8251601257343418,0.8234360612876858,883.1999999999999
weighted avg,0.8272946770192707,0.825826018184955,0.8261701337510626,883.1999999999999
