,precision,recall,f1-score,support
accuracy,0.5290250925545044,0.5290250925545044,0.5290250925545044,0.5290250925545044
case,0.5892907409588852,0.5575873015873016,0.572278567365775,125.2
control,0.4599141486062387,0.4916666666666667,0.4744525808346974,95.6
macro avg,0.524602444782562,0.5246269841269842,0.5233655741002361,220.8
weighted avg,0.5332769495031122,0.5290250925545044,0.5299139020532815,220.8
