,precision,recall,f1-score,support
accuracy,0.6333809052848424,0.6333809052848424,0.6333809052848424,0.6333809052848424
case,0.692005184453168,0.6369756487025948,0.6633408169724916,500.8
control,0.5693854403911605,0.6286768826979071,0.5975527800313978,382.4
macro avg,0.6306953124221643,0.632826265700251,0.6304467985019446,883.2
weighted avg,0.6389145953873895,0.6333809052848424,0.6348558084169589,883.2
