,precision,recall,f1-score,support
accuracy,0.6197916399768375,0.6197916399768375,0.6197916399768375,0.6197916399768375
case,0.7026288410784624,0.5759089820359281,0.6305190525280957,500.8
control,0.5507884122366552,0.6773228712424644,0.6056153308924015,382.4
macro avg,0.6267086266575588,0.6266159266391963,0.6180671917102487,883.2
weighted avg,0.6368932856898317,0.6197916399768375,0.6197265206299475,883.2
