,precision,recall,f1-score,support
accuracy,0.5199753187988483,0.5199753187988483,0.5199753187988483,0.5199753187988483
case,0.578649319251143,0.5590222222222223,0.5675824177185256,125.2
control,0.44915052128364075,0.46848684210526315,0.4573715907660231,95.6
macro avg,0.513899920267392,0.5137545321637427,0.5124770042422744,220.8
weighted avg,0.52258222677883,0.5199753187988483,0.5199415808285395,220.8
