,precision,recall,f1-score,support
accuracy,0.6349814890991362,0.6349814890991362,0.6349814890991362,0.6349814890991362
case,0.6995802177620359,0.6262222222222222,0.6595405229217973,125.2
control,0.5707572037547288,0.6466447368421052,0.6049928091433662,95.6
macro avg,0.6351687107583823,0.6364334795321638,0.6322666660325817,220.8
weighted avg,0.6438357798014973,0.6349814890991362,0.6358978422544231,220.8
