,precision,recall,f1-score,support
accuracy,0.7062925649395572,0.7062925649395572,0.7062925649395572,0.7062925649395572
case,0.7467335290446846,0.7308311377245509,0.7381988605257159,500.8
control,0.6572399534954966,0.674173307998305,0.6649445756785175,382.4
macro avg,0.7019867412700905,0.7025022228614279,0.7015717181021167,883.2
weighted avg,0.7079888955296235,0.7062925649395572,0.7064799971618896,883.2
