,precision,recall,f1-score,support
accuracy,0.7064108115587032,0.7064108115587032,0.7064108115587032,0.7064108115587032
case,0.7644126300863553,0.697026746506986,0.7276080487188343,500.8
control,0.6478528749136273,0.7186836721209885,0.6798738672641447,382.40000000000003
macro avg,0.7061327524999913,0.7078552093139873,0.7037409579914895,883.1999999999999
weighted avg,0.7139423222812519,0.7064108115587032,0.7069424402004411,883.1999999999999
