,precision,recall,f1-score,support
accuracy,0.5081777046482928,0.5081777046482928,0.5081777046482928,0.5081777046482928
case,0.5716660060083356,0.5270603174603175,0.5473291111613214,125.2
control,0.4387802761135305,0.4832894736842105,0.4588809661736978,95.6
macro avg,0.505223141060933,0.5051748955722639,0.5031050386675096,220.8
weighted avg,0.5141346289580042,0.5081777046482928,0.5090702396680029,220.8
