,precision,recall,f1-score,support
accuracy,0.6048484957185243,0.6048484957185243,0.6048484957185243,0.6048484957185243
case,0.6634379613813056,0.6154203592814371,0.6384760353409297,500.8
control,0.5398998029748006,0.5910119885718973,0.5642449335818533,382.4
macro avg,0.6016688821780531,0.6032161739266672,0.6013604844613915,883.2
weighted avg,0.6099507671272262,0.6048484957185243,0.6063348915957982,883.2
