,precision,recall,f1-score,support
accuracy,0.8145029115400843,0.8145029115400843,0.8145029115400843,0.8145029115400843
case,0.8526634928711627,0.8138344644045242,0.8326563620650759,500.8
control,0.7699404186866875,0.8153901184275879,0.7918225202689112,382.40000000000003
macro avg,0.8113019557789252,0.8146122914160561,0.8122394411669935,883.1999999999999
weighted avg,0.8168495321596797,0.8145029115400843,0.8149753327425845,883.1999999999999
