,precision,recall,f1-score,support
accuracy,0.8058214147232201,0.8058214147232201,0.8058214147232201,0.8058214147232201
case,0.8436480815321411,0.8057789753825682,0.8242315511632389,500.8
control,0.7615829383896404,0.8058790024560397,0.7830481871308955,382.40000000000003
macro avg,0.8026155099608907,0.8058289889193039,0.8036398691470672,883.1999999999999
weighted avg,0.8081164117861229,0.8058214147232201,0.8063999963582512,883.1999999999999
