,precision,recall,f1-score,support
accuracy,0.73648292883587,0.73648292883587,0.73648292883587,0.73648292883587
case,0.7766518047599202,0.7507301587301587,0.7623714706866537,125.2
control,0.691027921117105,0.717719298245614,0.7029094508490097,95.6
macro avg,0.7338398629385126,0.7342247284878864,0.7326404607678316,220.8
weighted avg,0.7395451809725183,0.73648292883587,0.7366317216193229,220.8
