,precision,recall,f1-score,support
accuracy,0.7500287947346771,0.7500287947346771,0.7500287947346771,0.7500287947346771
case,0.7938223768418101,0.7571428571428571,0.7745208254340995,125.2
control,0.699922456795844,0.7408333333333333,0.719099305907626,95.6
macro avg,0.746872416818827,0.7489880952380952,0.7468100656708628,220.8
weighted avg,0.7531843128307264,0.7500287947346771,0.7505077702948516,220.8
