,precision,recall,f1-score,support
accuracy,0.5144919786096256,0.5144919786096256,0.5144919786096256,0.5144919786096256
case,0.5823908568779876,0.49020952380952376,0.5278761320430146,125.2
control,0.4526369965516537,0.5458552631578948,0.4915088741347777,95.6
macro avg,0.5175139267148207,0.5180323934837092,0.5096925030888961,220.8
weighted avg,0.5262196600167244,0.5144919786096256,0.5122303280585705,220.8
