,precision,recall,f1-score,support
accuracy,0.7355285890580008,0.7355285890580008,0.7355285890580008,0.7355285890580008
case,0.7671262191188242,0.7683682539682539,0.766554057226956,125.2
control,0.6979587589959577,0.6923684210526316,0.6935854044726323,95.6
macro avg,0.7325424890573908,0.7303683375104428,0.7300697308497942,220.8
weighted avg,0.7371539822921672,0.7355285890580008,0.7349813323541095,220.8
