,precision,recall,f1-score,support
accuracy,0.8564327185704842,0.8564327185704842,0.8564327185704842,0.8564327185704842
case,0.8919610864450856,0.8498419161676647,0.8703266962197336,500.8
control,0.8149576993433246,0.8650608997580413,0.8391715250879676,382.4
macro avg,0.8534593928942051,0.857451407962853,0.8547491106538507,883.2
weighted avg,0.858620252729058,0.8564327185704842,0.856837820350431,883.2
