,precision,recall,f1-score,support
accuracy,0.5416289592760182,0.5416289592760182,0.5416289592760182,0.5416289592760182
case,0.5943937199751153,0.5990222222222222,0.5964710961324735,125.2
control,0.47204348050751144,0.46649122807017546,0.4689444760156186,95.6
macro avg,0.5332186002413134,0.5327567251461989,0.532707786074046,220.8
weighted avg,0.5414337085270786,0.5416289592760182,0.5412571983652839,220.8
