,precision,recall,f1-score,support
accuracy,0.7653846153846153,0.7653846153846153,0.7653846153846153,0.7653846153846153
case,0.7990063198926902,0.7858920634920634,0.7914142666735906,125.2
control,0.7262318970141248,0.7383114035087719,0.7308412055780477,95.6
macro avg,0.7626191084534074,0.7621017335004178,0.7611277361258191,220.8
weighted avg,0.7674663212755793,0.7653846153846153,0.7652197026166525,220.8
