,precision,recall,f1-score,support
accuracy,0.7235004586380244,0.7235004586380244,0.7235004586380244,0.7235004586380244
case,0.7498994630991433,0.7687624750499003,0.7590283804999065,500.8
control,0.6876562620606305,0.6642160950336965,0.6754231287684586,382.4
macro avg,0.718777862579887,0.7164892850417983,0.7172257546341825,883.2
weighted avg,0.7229496801269282,0.7235004586380244,0.7228313727207625,883.2
