,precision,recall,f1-score,support
accuracy,0.6166196071598776,0.6166196071598776,0.6166196071598776,0.6166196071598776
case,0.6809667284713398,0.6094227544910179,0.6431477590702859,500.8
control,0.5504184094505882,0.6260522466611075,0.5857437802164485,382.4
macro avg,0.615692568960964,0.6177375005760627,0.6144457696433671,883.2
weighted avg,0.6244441373270595,0.6166196071598776,0.61829242216328,883.2
