,precision,recall,f1-score,support
accuracy,0.7235071204193847,0.7235071204193847,0.7235071204193847,0.7235071204193847
case,0.7671583966476462,0.737620758483034,0.7514989687507077,500.8
control,0.6727897350966943,0.7050360203956092,0.6877450737073234,382.4
macro avg,0.7199740658721703,0.7213283894393216,0.7196220212290155,883.2
weighted avg,0.7263023561453668,0.7235071204193847,0.7238941754539187,883.2
