,precision,recall,f1-score,support
accuracy,0.5207815713698067,0.5207815713698067,0.5207815713698067,0.5207815713698067
case,0.5811269588313885,0.5558984126984127,0.5679480409933333,125.2
control,0.44926585634945126,0.47467105263157894,0.46128830362742407,95.6
macro avg,0.51519640759042,0.5152847326649959,0.5146181723103787,220.8
weighted avg,0.5240491241478413,0.5207815713698067,0.5218005622033004,220.8
