,precision,recall,f1-score,support
accuracy,0.5860222130810365,0.5860222130810365,0.5860222130810365,0.5860222130810365
case,0.6394573989244396,0.6198095238095238,0.628575757101933,125.2
control,0.522248097936386,0.5419078947368421,0.5306414591013884,95.6
macro avg,0.5808527484304128,0.580858709273183,0.5796086081016607,220.8
weighted avg,0.5887257922158393,0.5860222130810365,0.5861520732505314,220.8
