,precision,recall,f1-score,support
accuracy,0.49274372686137385,0.49274372686137385,0.49274372686137385,0.49274372686137385
case,0.5559322147610539,0.5222984126984127,0.538354714694856,125.2
control,0.42070312322201814,0.454078947368421,0.4365060418106636,95.6
macro avg,0.4883176689915361,0.48818868003341687,0.48743037825275987,220.8
weighted avg,0.4973837358200792,0.49274372686137385,0.4942493189419552,220.8
