,precision,recall,f1-score,support
accuracy,0.860732385993861,0.860732385993861,0.860732385993861,0.860732385993861
case,0.8911048233003186,0.8594251497005988,0.8749669667517516,500.8
control,0.82412619175643,0.8624499337006,0.8428363522594384,382.4
macro avg,0.8576155075283743,0.8609375417005994,0.858901659505595,883.2
weighted avg,0.8621071132393464,0.860732385993861,0.8610552040271149,883.2
