,precision,recall,f1-score,support
accuracy,0.6320165212177736,0.6320165212177736,0.6320165212177736,0.6320165212177736
case,0.6941458487707284,0.6281964071856287,0.6592470836205448,500.8
control,0.5669229683524355,0.6370155701064892,0.5996401237290822,382.4
macro avg,0.6305344085615819,0.6326059886460589,0.6294436036748134,883.2
weighted avg,0.6390625736253994,0.6320165212177736,0.6334400974559431,883.2
