,precision,recall,f1-score,support
accuracy,0.4927354997943233,0.4927354997943233,0.4927354997943233,0.4927354997943233
case,0.5556348631467041,0.5271111111111111,0.54057739693564,125.2
control,0.41924067187207026,0.447719298245614,0.4325483849707208,95.6
macro avg,0.4874377675093872,0.4874152046783625,0.4865628909531804,220.8
weighted avg,0.4965842658250946,0.4927354997943233,0.4938053589829073,220.8
