,precision,recall,f1-score,support
accuracy,0.7173837926779103,0.7173837926779103,0.7173837926779103,0.7173837926779103
case,0.7608844593706061,0.7331809523809524,0.7464891966864907,125.2
control,0.6654689321024747,0.6967324561403508,0.6803553903849217,95.6
macro avg,0.7131766957365404,0.7149567042606517,0.7134222935357062,220.8
weighted avg,0.7195739057405398,0.7173837926779103,0.7178479231559447,220.8
