,precision,recall,f1-score,support
accuracy,0.46830933772110245,0.46830933772110245,0.46830933772110245,0.46830933772110245
case,0.5333267356529389,0.4905142857142858,0.5106007807011539,125.2
control,0.3975175858685589,0.43936403508771926,0.4169913302777001,95.6
macro avg,0.4654221607607488,0.46493916040100247,0.463796055489427,220.8
weighted avg,0.47452699521985453,0.46830933772110245,0.4700423605692182,220.8
