,precision,recall,f1-score,support
accuracy,0.8437530426405251,0.8437530426405251,0.8437530426405251,0.8437530426405251
case,0.8742386934576633,0.846251497005988,0.8599910717558672,500.8
control,0.8067595287421957,0.8404836438696976,0.8232396609376298,382.4
macro avg,0.8404991110999294,0.8433675704378428,0.8416153663467485,883.2
weighted avg,0.8450236931526659,0.8437530426405251,0.8440789790942003,883.2
