,precision,recall,f1-score,support
accuracy,0.6041752365281777,0.6041752365281777,0.6041752365281777,0.6041752365281777
case,0.6659773966440613,0.6054349206349207,0.6338335929418889,125.2
control,0.5389840511026952,0.6024780701754386,0.5685577545159077,95.6
macro avg,0.6024807238733783,0.6039564954051796,0.6011956737288984,220.8
weighted avg,0.6109955064663025,0.6041752365281777,0.6055826399474098,220.8
