,precision,recall,f1-score,support
accuracy,0.758165364047717,0.758165364047717,0.758165364047717,0.758165364047717
case,0.8028427719088654,0.7635809523809524,0.7819354471607082,125.2
control,0.7079054423441901,0.7512719298245614,0.7278850587164,95.6
macro avg,0.7553741071265277,0.7574264411027569,0.7549102529385541,220.8
weighted avg,0.7617782340876511,0.758165364047717,0.7585107447293726,220.8
