,precision,recall,f1-score,support
accuracy,0.6272635964395341,0.6272635964395341,0.6272635964395341,0.6272635964395341
case,0.693273071567029,0.6261756487025948,0.6535397632608065,500.8
control,0.5646199299682173,0.6287001216628163,0.590455598781802,382.4
macro avg,0.6289465007676232,0.6274378851827056,0.6219976810213043,883.2
weighted avg,0.6375722295301135,0.6272635964395341,0.6262244181892138,883.2
