,precision,recall,f1-score,support
accuracy,0.6062010935570326,0.6062010935570326,0.6062010935570326,0.6062010935570326
case,0.668990481469608,0.6046275449101797,0.6350730350340559,500.8
control,0.5403685962511666,0.6082511995406887,0.5721898225582752,382.4
macro avg,0.6046795388603873,0.6064393722254342,0.6036314287961655,883.2
weighted avg,0.6133004283994141,0.6062010935570326,0.6078484611620774,883.2
