,precision,recall,f1-score,support
accuracy,0.8555251789713184,0.8555251789713184,0.8555251789713184,0.8555251789713184
case,0.8874630291314496,0.8534347305389222,0.8700938081893149,500.8
control,0.8173290251908923,0.8582628190231432,0.8372644758155541,382.4
macro avg,0.852396027161171,0.8558487747810327,0.8536791420024346,883.2
weighted avg,0.8570976618135667,0.8555251789713184,0.85587998568042,883.2
