,precision,recall,f1-score,support
accuracy,0.5408144796380091,0.5408144796380091,0.5408144796380091,0.5408144796380091
case,0.6059899622650697,0.5431111111111111,0.567827404247103,125.2
control,0.4769054141029252,0.5375,0.5012915648665134,95.6
macro avg,0.5414476881839975,0.5403055555555556,0.5345594845568082,220.8
weighted avg,0.5500887679020774,0.5408144796380091,0.5390819352012428,220.8
