,precision,recall,f1-score,support
accuracy,0.7117298596413912,0.7117298596413912,0.7117298596413912,0.7117298596413912
case,0.772320717183274,0.6988710578842315,0.7328285651350697,500.8
control,0.6500812623797834,0.7285770918485912,0.6860788883996223,382.4
macro avg,0.7112009897815287,0.7137240748664114,0.709453726767346,883.2
weighted avg,0.7193959201808208,0.7117298596413912,0.7125864570418159,883.2
