,precision,recall,f1-score,support
accuracy,0.7155803692676652,0.7155803692676652,0.7155803692676652,0.7155803692676652
case,0.7572195848370107,0.7348231536926149,0.7455768897766758,500.8
control,0.6652762274503828,0.6903476275750824,0.6771826166025656,382.4
macro avg,0.7112479061436968,0.7125853906338486,0.7113797531896207,883.2
weighted avg,0.7174063377148989,0.7155803692676652,0.715968816266588,883.2
