,precision,recall,f1-score,support
accuracy,0.4993836671802773,0.4993836671802773,0.4993836671802773,0.4993836671802773
case,0.553451930738588,0.579049504950495,0.5646791891988754,100.2
control,0.4235829092732654,0.39535201640464795,0.40707835924359415,76.4
macro avg,0.4885174200059267,0.4872007606775715,0.4858787742212347,176.6
weighted avg,0.4972984765193014,0.4993836671802773,0.4964142390563214,176.6
