,precision,recall,f1-score,support
accuracy,0.5990434001027222,0.5990434001027222,0.5990434001027222,0.5990434001027222
case,0.6728038353850124,0.5745544554455446,0.6161483604517437,100.2
control,0.5342681166360679,0.6304169514695831,0.5751330408617615,76.4
macro avg,0.6035359760105401,0.6024857034575638,0.5956407006567526,176.6
weighted avg,0.6127998660858148,0.5990434001027222,0.5985315435371913,176.6
