,precision,recall,f1-score,support
accuracy,0.551131221719457,0.551131221719457,0.551131221719457,0.551131221719457
case,0.6348065954244768,0.48319999999999996,0.548468667583158,125.0
control,0.4879965747858133,0.6395833333333334,0.5534521958962406,96.0
macro avg,0.561401585105145,0.5613916666666666,0.5509604317396993,221.0
weighted avg,0.5710339167760076,0.551131221719457,0.5506334581625967,221.0
