,precision,recall,f1-score,support
accuracy,0.5498287060595983,0.5498287060595983,0.5498287060595983,0.5498287060595983
case,0.6010048908995352,0.6167830423940149,0.6083073340405205,400.8
control,0.47871163923589044,0.46201864352298294,0.4695199605981474,305.6
macro avg,0.5398582650677128,0.5394008429584989,0.5389136473193339,706.4
weighted avg,0.5481007077986385,0.5498287060595983,0.5482661906349506,706.4
