,precision,recall,f1-score,support
accuracy,0.6517504036927367,0.6517504036927367,0.6517504036927367,0.6517504036927367
case,0.7263872201900072,0.6232618453865337,0.668637902015603,400.8
control,0.5841423404205643,0.6891996142719383,0.63076644323303,305.6
macro avg,0.6552647803052858,0.656230729829236,0.6497021726243165,706.4
weighted avg,0.6648618012949891,0.6517504036927367,0.6522411066861888,706.4
