,precision,recall,f1-score,support
accuracy,0.5484162895927602,0.5484162895927602,0.5484162895927602,0.5484162895927602
case,0.6141757270214201,0.5408000000000001,0.5736305180141443,125.0
control,0.4842967314720906,0.5583333333333333,0.517471072027116,96.0
macro avg,0.5492362292467554,0.5495666666666666,0.5455507950206301,221.0
weighted avg,0.5577577018054217,0.5484162895927602,0.5492354645537156,221.0
