,precision,recall,f1-score,support
accuracy,0.6565630622147605,0.6565630622147605,0.6565630622147605,0.6565630622147605
case,0.7156294634032501,0.6556783042394014,0.6841234414028767,400.8
control,0.5929671079065891,0.6577006321654345,0.6234137614748093,305.6
macro avg,0.6542982856549197,0.656689468202418,0.6537686014388431,706.4
weighted avg,0.6625617067223788,0.6565630622147605,0.6578633232947441,706.4
