,precision,recall,f1-score,support
accuracy,0.5537621982537237,0.5537621982537237,0.5537621982537237,0.5537621982537237
case,0.6077203167237312,0.5988514851485148,0.6022769377235637,100.2
control,0.48735766941307296,0.4947368421052632,0.48961357890935353,76.4
macro avg,0.547538993068402,0.5467941636268889,0.5459452583164587,176.6
weighted avg,0.5556790938680315,0.5537621982537237,0.5535272170027377,176.6
