,precision,recall,f1-score,support
accuracy,0.5321266968325793,0.5321266968325793,0.5321266968325793,0.5321266968325793
case,0.5924252507458614,0.5599999999999999,0.5739059948755306,125.0
control,0.4633360568110853,0.4958333333333333,0.47703209834787225,96.0
macro avg,0.5278806537784734,0.5279166666666667,0.5254690466117015,221.0
weighted avg,0.5363503067741939,0.5321266968325793,0.5318250262481315,221.0
