,precision,recall,f1-score,support
accuracy,0.6432574297494501,0.6432574297494501,0.6432574297494501,0.6432574297494501
case,0.7090241009586882,0.6317556109725686,0.6671496352145088,400.8
control,0.5776333148459941,0.6584270866816672,0.614406377027392,305.6
macro avg,0.6433287079023411,0.6450913488271179,0.6407780061209503,706.4
weighted avg,0.6521928802871141,0.6432574297494501,0.6443190875975825,706.4
