,precision,recall,f1-score,support
accuracy,0.6081459784991046,0.6081459784991046,0.6081459784991046,0.6081459784991046
case,0.6679752561856478,0.6137930174563591,0.6379633143106661,400.8
control,0.5454144024368629,0.6008421729347477,0.570082115165838,305.6
macro avg,0.6066948293112554,0.6073175951955534,0.604022714738252,706.4
weighted avg,0.6149629797375556,0.6081459784991046,0.6085794711461501,706.4
