,precision,recall,f1-score,support
accuracy,0.6171032357473035,0.6171032357473035,0.6171032357473035,0.6171032357473035
case,0.6790767753402521,0.6185148514851486,0.6452597730897304,100.2
control,0.5540537978185037,0.6148667122351332,0.5808410059829161,76.4
macro avg,0.6165652865793779,0.6166907818601409,0.6130503895363233,176.6
weighted avg,0.6249436516502241,0.6171032357473035,0.6174515919757988,176.6
