,precision,recall,f1-score,support
accuracy,0.59679635336415,0.59679635336415,0.59679635336415,0.59679635336415
case,0.6654765268171561,0.5928316831683168,0.624816985404289,100.2
control,0.5288539047159737,0.602118933697881,0.5606016197472063,76.4
macro avg,0.5971652157665648,0.597475308433099,0.5927093025757476,176.6
weighted avg,0.6063990961527956,0.59679635336415,0.5970237515255007,176.6
