,precision,recall,f1-score,support
accuracy,0.5212669683257919,0.5212669683257919,0.5212669683257919,0.5212669683257919
case,0.5916537455372406,0.496,0.5394079578629414,125.0
control,0.457834761019028,0.5541666666666667,0.5012542384645272,96.0
macro avg,0.5247442532781343,0.5250833333333333,0.5203310981637342,221.0
weighted avg,0.53352423190037,0.5212669683257919,0.5228343964953044,221.0
