,precision,recall,f1-score,support
accuracy,0.6500651117317316,0.6500651117317316,0.6500651117317316,0.6500651117317316
case,0.7135619625952996,0.644213216957606,0.6743596060960522,400.8
control,0.588754924515553,0.6576384870888246,0.6180563445042708,305.6
macro avg,0.6511584435554263,0.6509258520232153,0.6462079753001614,706.4
weighted avg,0.6595551983379516,0.6500651117317316,0.6500173659102484,706.4
