,precision,recall,f1-score,support
accuracy,0.6376045293724031,0.6376045293724031,0.6376045293724031,0.6376045293724031
case,0.7098998733224361,0.6117531172069826,0.65619607057692,400.8
control,0.5699516268801874,0.6714196935604843,0.6156590289101594,305.6
macro avg,0.6399257501013118,0.6415864053837335,0.6359275497435397,706.4
weighted avg,0.6493453150439862,0.6376045293724031,0.6386730580195676,706.4
