,precision,recall,f1-score,support
accuracy,0.613247132078647,0.613247132078647,0.613247132078647,0.613247132078647
case,0.6838926692556697,0.5943117206982544,0.6354665060886276,400.8
control,0.5450659594545723,0.6381120754312655,0.5875007726322877,305.6
macro avg,0.614479314355121,0.6162118980647598,0.6114836393604577,706.4
weighted avg,0.6238369720823143,0.613247132078647,0.6147106313186985,706.4
