,precision,recall,f1-score,support
accuracy,0.4802067282999486,0.4802067282999486,0.4802067282999486,0.4802067282999486
case,0.5534641183004678,0.42328712871287133,0.4783147157922131,100.2
control,0.42389879214413373,0.5549213943950786,0.47984323245401084,76.4
macro avg,0.4886814552223008,0.48910426155397496,0.47907897412311196,176.6
weighted avg,0.4974253143809152,0.4802067282999486,0.47896781877422717,176.6
