,precision,recall,f1-score,support
accuracy,0.5583525937339496,0.5583525937339496,0.5583525937339496,0.5583525937339496
case,0.6352772321635708,0.5169108910891089,0.5681033459294329,100.2
control,0.49303954824018276,0.6124401913875598,0.5450320144845574,76.4
macro avg,0.5641583902018767,0.5646755412383344,0.5565676802069952,176.6
weighted avg,0.5737482200860647,0.5583525937339496,0.5581838750441666,176.6
