,precision,recall,f1-score,support
accuracy,0.5404802641332527,0.5404802641332527,0.5404802641332527,0.5404802641332527
case,0.6203098911941476,0.49547755610972566,0.5494029599969813,400.8
control,0.47491528307216174,0.5994492660452159,0.5289974506830222,305.6
macro avg,0.5476125871331547,0.5474634110774708,0.5392002053400018,706.4
weighted avg,0.5574064529736069,0.5404802641332527,0.5405853993197329,706.4
