,precision,recall,f1-score,support
accuracy,0.6242888797175954,0.6242888797175954,0.6242888797175954,0.6242888797175954
case,0.6731542051319962,0.662715710723192,0.6658084881585674,400.8
control,0.5663073905375118,0.5740083574413373,0.5669949522269899,305.6
macro avg,0.619730797834754,0.6183620340822646,0.6164017201927787,706.4
weighted avg,0.6269424193373955,0.6242888797175954,0.6230403170939157,706.4
