,precision,recall,f1-score,support
accuracy,0.6475099270347917,0.6475099270347917,0.6475099270347917,0.6475099270347917
case,0.7066958734503989,0.6486957605985038,0.6760766714083213,400.8
control,0.5838151210582473,0.645983070823958,0.6129085143607359,305.6
macro avg,0.6452554972543231,0.6473394157112309,0.6444925928845285,706.4
weighted avg,0.6535394288467398,0.6475099270347917,0.6487449058175537,706.4
