,precision,recall,f1-score,support
accuracy,0.4877828054298642,0.4877828054298642,0.4877828054298642,0.4877828054298642
case,0.5540544499625634,0.4848,0.5170484027167441,125.0
control,0.42280177905907,0.4916666666666667,0.4545815301263462,96.0
macro avg,0.4884281145108167,0.48823333333333335,0.48581496642154515,221.0
weighted avg,0.49703971509045763,0.4877828054298642,0.48991347163675225,221.0
