,precision,recall,f1-score,support
accuracy,0.6137455059065229,0.6137455059065229,0.6137455059065229,0.6137455059065229
case,0.6832990944338462,0.6066336633663367,0.6388567997144328,100.2
control,0.5479068534622209,0.6225905673274095,0.5791053151523794,76.4
macro avg,0.6156029739480335,0.614612115346873,0.6089810574334061,176.6
weighted avg,0.624677495085467,0.6137455059065229,0.6130887473469936,176.6
