,precision,recall,f1-score,support
accuracy,0.46425339366515833,0.46425339366515833,0.46425339366515833,0.46425339366515833
case,0.5323489700535232,0.4464,0.4848140623266535,125.0
control,0.402396504613639,0.4875,0.44028778440690336,96.0
macro avg,0.4673727373335811,0.4669499999999999,0.4625509233667784,221.0
weighted avg,0.47589903031493097,0.46425339366515833,0.46547233074160366,221.0
