,precision,recall,f1-score,support
accuracy,0.6344851765629821,0.6344851765629821,0.6344851765629821,0.6344851765629821
case,0.6973123476600431,0.6292418952618454,0.6612720219297887,400.8
control,0.5689515735813242,0.6413457623486554,0.6027415760048949,305.6
macro avg,0.6331319606206837,0.6352938288052503,0.6320067989673418,706.4
weighted avg,0.6417800077415954,0.6344851765629821,0.6359535592429327,706.4
