,precision,recall,f1-score,support
accuracy,0.6896939147577242,0.6896939147577242,0.6896939147577242,0.6896939147577242
case,0.7492777767828496,0.681140897755611,0.7134854869767279,400.8
control,0.6264419881182194,0.7009278902817957,0.6614903052767945,305.6
macro avg,0.6878598824505344,0.6910343940187034,0.6874878961267612,706.4
weighted avg,0.6961398064340429,0.6896939147577242,0.6909893866024358,706.4
