,precision,recall,f1-score,support
accuracy,0.4895927601809954,0.4895927601809954,0.4895927601809954,0.4895927601809954
case,0.5595437559736794,0.46080000000000004,0.5050977360704436,125.0
control,0.4285348273101567,0.5270833333333333,0.47251810562600766,96.0
macro avg,0.49403929164191807,0.4939416666666666,0.48880792084822555,221.0
weighted avg,0.5026349000836424,0.4895927601809954,0.4909454984113221,221.0
