,precision,recall,f1-score,support
accuracy,0.5300398048279404,0.5300398048279404,0.5300398048279404,0.5300398048279404
case,0.5968243463987246,0.528930693069307,0.5598553765776861,100.2
control,0.46292801319658405,0.531373889268626,0.49387267310734606,76.4
macro avg,0.5298761797976543,0.5301522911689666,0.526864024842516,176.6
weighted avg,0.538905632407829,0.5300398048279404,0.531339740556665,176.6
