,precision,recall,f1-score,support
accuracy,0.6758173024910746,0.6758173024910746,0.6758173024910746,0.6758173024910746
case,0.7573989312523157,0.6332456359102244,0.6883288830430264,400.8
control,0.604405974121814,0.7317261330761813,0.6609795447130093,305.6
macro avg,0.6809024526870648,0.6824858844932028,0.6746542138780179,706.4
weighted avg,0.6912240423645553,0.6758173024910746,0.6764866890563778,706.4
