,precision,recall,f1-score,support
accuracy,0.49230769230769234,0.49230769230769234,0.49230769230769234,0.49230769230769234
case,0.5581522369944596,0.49119999999999997,0.522481940682533,125.0
control,0.4270356541310796,0.49375,0.45792572453770974,96.0
macro avg,0.4925939455627696,0.49247499999999994,0.49020383261012135,221.0
weighted avg,0.5011966172890999,0.49230769230769234,0.4944394214522026,221.0
