,precision,recall,f1-score,support
accuracy,0.6410246533127889,0.6410246533127889,0.6410246533127889,0.6410246533127889
case,0.7020683666714718,0.6387326732673267,0.6687317422726949,100.2
control,0.5761059293662878,0.6439507860560492,0.6079697038427689,76.4
macro avg,0.6390871480188798,0.6413417296616879,0.638350723057732,176.6
weighted avg,0.6475757480824897,0.6410246533127889,0.6424626680961817,176.6
