,precision,recall,f1-score,support
accuracy,0.4760180995475113,0.4760180995475113,0.4760180995475113,0.4760180995475113
case,0.541760881479093,0.4784,0.5079610319829967,125.0
control,0.4103223984499313,0.4729166666666667,0.43927399003595474,96.0
macro avg,0.47604163996451215,0.47565833333333335,0.47361751100947574,221.0
weighted avg,0.4846654318374662,0.4760180995475113,0.47812412688382916,221.0
