,precision,recall,f1-score,support
accuracy,0.5458846944016436,0.5458846944016436,0.5458846944016436,0.5458846944016436
case,0.609227772471816,0.562950495049505,0.5838834026334025,100.2
control,0.4765935133964013,0.5236500341763499,0.49754511214175334,76.4
macro avg,0.5429106429341087,0.5433002646129275,0.540714257387578,176.6
weighted avg,0.5518630333335196,0.5458846944016436,0.5465080369989762,176.6
