,precision,recall,f1-score,support
accuracy,0.6250963020030816,0.6250963020030816,0.6250963020030816,0.6250963020030816
case,0.6854719562243502,0.6288514851485149,0.6546287951529652,100.2
control,0.5618334990508903,0.6202665755297334,0.588123251472763,76.4
macro avg,0.6236527276376203,0.6245590303391241,0.621376023312864,176.6
weighted avg,0.6320154214834924,0.6250963020030816,0.625852775366303,176.6
