,precision,recall,f1-score,support
accuracy,0.5744645812213759,0.5744645812213759,0.5744645812213759,0.5744645812213759
case,0.6419165741621203,0.5658703241895262,0.6014724356775394,400.8
control,0.5069646236436746,0.5857409193185471,0.5434886404483328,305.6
macro avg,0.5744405989028973,0.5758056217540366,0.5724805380629361,706.4
weighted avg,0.583534984110847,0.574464581221376,0.5763870838479243,706.4
