,precision,recall,f1-score,support
accuracy,0.6545824635073787,0.6545824635073787,0.6545824635073787,0.6545824635073787
case,0.7170192071302546,0.6461970074812967,0.6795571257673684,400.8
control,0.5896699492255044,0.6655651987570985,0.6251101039416556,305.6
macro avg,0.6533445781778795,0.6558811031191976,0.652333614854512,706.4
weighted avg,0.6619246179762557,0.6545824635073787,0.6560050513611617,706.4
