,precision,recall,f1-score,support
accuracy,0.6310765273208826,0.6310765273208826,0.6310765273208826,0.6310765273208826
case,0.6765316311027381,0.6701695760598504,0.6732150215606937,400.8
control,0.5730661857825944,0.5798264223722276,0.576256613390255,305.6
macro avg,0.6247989084426662,0.624997999216039,0.6247358174754744,706.4
weighted avg,0.6317754573503993,0.6310765273208826,0.6312670028485574,706.4
