,precision,recall,f1-score,support
accuracy,0.6027835766174756,0.6027835766174756,0.6027835766174756,0.6027835766174756
case,0.6850103245539917,0.55492144638404,0.612294396149084,400.8
control,0.5336710403539605,0.6656080574306225,0.5918396339228778,305.6
macro avg,0.6093406824539762,0.6102647519073312,0.6020670150359809,706.4
weighted avg,0.6195436120643418,0.6027835766174756,0.6034362771968618,706.4
