,precision,recall,f1-score,support
accuracy,0.5013574660633484,0.5013574660633484,0.5013574660633484,0.5013574660633484
case,0.5575673074697478,0.5776,0.566564988517529,125.0
control,0.42131561868057316,0.4020833333333333,0.4102712610276992,96.0
macro avg,0.4894414630751604,0.4898416666666667,0.4884181247726141,221.0
weighted avg,0.49838105351607914,0.5013574660633484,0.49867269060339475,221.0
