,precision,recall,f1-score,support
accuracy,0.4760180995475113,0.4760180995475113,0.4760180995475113,0.4760180995475113
case,0.5334899541211834,0.576,0.5535073452943797,125.0
control,0.38635229432330875,0.3458333333333333,0.36423509613004956,96.0
macro avg,0.459921124222246,0.4609166666666667,0.45887122071221464,221.0
weighted avg,0.46957495258002513,0.4760180995475113,0.4712895357026345,221.0
