,precision,recall,f1-score,support
accuracy,0.5639894709809964,0.5639894709809964,0.5639894709809964,0.5639894709809964
case,0.6160081534683219,0.625009900990099,0.6170003601957357,100.2
control,0.49340769028712295,0.48407382091592616,0.48284630581024784,76.4
macro avg,0.5547079218777224,0.5545418609530126,0.5499233330029918,176.6
weighted avg,0.5629947684439494,0.5639894709809964,0.5589533967822774,176.6
