,precision,recall,f1-score,support
accuracy,0.4948574730354391,0.4948574730354391,0.4948574730354391,0.4948574730354391
case,0.5608911435408712,0.505009900990099,0.5313615731816493,100.2
control,0.4258113704090715,0.4814764183185235,0.4518213256350272,76.4
macro avg,0.49335125697497145,0.4932431596543113,0.4915914494083383,176.6
weighted avg,0.502466382148237,0.4948574730354391,0.49697188291246286,176.6
