,precision,recall,f1-score,support
accuracy,0.448868778280543,0.448868778280543,0.448868778280543,0.448868778280543
case,0.5127369912455009,0.4992,0.5055057294939618,125.0
control,0.37034894376829863,0.38333333333333336,0.37631291322499144,96.0
macro avg,0.44154296750689975,0.44126666666666664,0.44090932135947664,221.0
weighted avg,0.4508851697169424,0.448868778280543,0.4493857731056307,221.0
