,precision,recall,f1-score,support
accuracy,0.48235294117647054,0.48235294117647054,0.48235294117647054,0.48235294117647054
case,0.5441257985706158,0.5168,0.5298505864200531,125.0
control,0.4107422673037215,0.4375,0.42341806336446614,96.0
macro avg,0.4774340329371687,0.4771500000000001,0.47663432489225965,221.0
weighted avg,0.48618544109721373,0.48235294117647054,0.4836174542330108,221.0
