,precision,recall,f1-score,support
accuracy,0.6013482280431433,0.6013482280431433,0.6013482280431433,0.6013482280431433
case,0.6455599012180692,0.6628316831683169,0.6510290799257705,100.2
control,0.5470598927921035,0.5206766917293233,0.5275857483243407,76.4
macro avg,0.5963098970050863,0.5917541874488201,0.5893074141250556,176.6
weighted avg,0.6029686473960906,0.6013482280431433,0.5976457800335494,176.6
