,precision,recall,f1-score,support
accuracy,0.6596764047104832,0.6596764047104832,0.6596764047104832,0.6596764047104832
case,0.7030011383994041,0.6945798004987531,0.6980179376896671,400.8
control,0.606082461477662,0.6138219222115076,0.6089078751427421,305.6
macro avg,0.6545417999385331,0.6542008613551303,0.6534629064162046,706.4
weighted avg,0.6610638154365475,0.6596764047104832,0.6594799952109823,706.4
