,precision,recall,f1-score,support
accuracy,0.6206086286594761,0.6206086286594761,0.6206086286594761,0.6206086286594761
case,0.6794830648852466,0.6287722772277228,0.6527302910749979,100.2
control,0.5560205992509364,0.6098086124401914,0.5812382307279091,76.4
macro avg,0.6177518320680915,0.619290444833957,0.6169842609014535,176.6
weighted avg,0.626079345709025,0.6206086286594761,0.6218257856723814,176.6
