,precision,recall,f1-score,support
accuracy,0.5721918812682564,0.5721918812682564,0.5721918812682564,0.5721918812682564
case,0.6378421943917558,0.5688753117206982,0.6013418945532852,400.8
control,0.5050231480019909,0.5765520197149898,0.538377562446892,305.6
macro avg,0.5714326711968734,0.572713665717844,0.5698597285000886,706.4
weighted avg,0.580384264986275,0.5721918812682564,0.5741011450192547,706.4
