,precision,recall,f1-score,support
accuracy,0.6367498627645038,0.6367498627645038,0.6367498627645038,0.6367498627645038
case,0.679447648899084,0.6816471321695761,0.6794851902871182,400.8
control,0.583308525798458,0.5779042108646737,0.578849700183506,305.6
macro avg,0.6313780873487711,0.629775671517125,0.6291674452353121,706.4
weighted avg,0.6378621910347041,0.6367498627645038,0.635943274801907,706.4
