,precision,recall,f1-score,support
accuracy,0.7013054401352721,0.7013054401352721,0.7013054401352721,0.7013054401352721
case,0.754846790831218,0.7015985037406484,0.7272167788965934,400.8
control,0.641608427583763,0.7009171756134147,0.669916303365056,305.6
macro avg,0.6982276092074905,0.7012578396770316,0.6985665411308247,706.4
weighted avg,0.7058577230484073,0.7013054401352721,0.7024283435913204,706.4
