,precision,recall,f1-score,support
accuracy,0.6488636363636363,0.6488636363636363,0.6488636363636363,0.6488636363636363
case,0.7042948951289819,0.6547128712871287,0.6771382470576054,100.2
control,0.590266760136388,0.6413875598086125,0.6131884503400944,76.4
macro avg,0.647280827632685,0.6480502155478706,0.64516334869885,176.6
weighted avg,0.6550140851730848,0.6488636363636363,0.6494552544265028,176.6
