,precision,recall,f1-score,support
accuracy,0.502262443438914,0.502262443438914,0.502262443438914,0.502262443438914
case,0.5618358881116065,0.544,0.5527036043418778,125.0
control,0.4302030919674973,0.4479166666666667,0.43879778736560776,96.0
macro avg,0.49601949003955187,0.4959583333333334,0.49575069585374276,221.0
weighted avg,0.504656030963034,0.502262443438914,0.5032241544336338,221.0
