,precision,recall,f1-score,support
accuracy,0.6443567026194145,0.6443567026194145,0.6443567026194145,0.6443567026194145
case,0.7005289298404616,0.6566138613861385,0.6759749338486714,100.2
control,0.5839236197354145,0.6284005468215994,0.6031556716218386,76.4
macro avg,0.6422262747879379,0.6425072041038691,0.639565302735255,176.6
weighted avg,0.6501096759157816,0.6443567026194145,0.6444591301680763,176.6
