,precision,recall,f1-score,support
accuracy,0.5004524886877828,0.5004524886877828,0.5004524886877828,0.5004524886877828
case,0.5629919989939827,0.5216000000000001,0.5412546482250511,125.0
control,0.4316005134769919,0.4729166666666666,0.45107029042667823,96.0
macro avg,0.49729625623548734,0.49725833333333325,0.49616246932586466,221.0
weighted avg,0.5059169645612627,0.5004524886877828,0.5020795425750791,221.0
