,precision,recall,f1-score,support
accuracy,0.6928116648168257,0.6928116648168257,0.6928116648168257,0.6928116648168257
case,0.7628894402135564,0.6656745635910225,0.7108140963099723,400.8
control,0.6243981460468372,0.7283810136076289,0.6722535803816438,305.6
macro avg,0.6936437931301968,0.6970277885993257,0.6915338383458081,706.4
weighted avg,0.7029729967735276,0.6928116648168257,0.6941353635381701,706.4
