,precision,recall,f1-score,support
accuracy,0.580945043656908,0.580945043656908,0.580945043656908,0.580945043656908
case,0.6443309983258437,0.5868316831683169,0.6132496566395006,100.2
control,0.5142452846771783,0.5733082706766918,0.54126881990367,76.4
macro avg,0.579288141501511,0.5800699769225043,0.5772592382715853,176.6
weighted avg,0.5880788319366618,0.580945043656908,0.5821040971708648,176.6
