,precision,recall,f1-score,support
accuracy,0.6633631311330243,0.6633631311330243,0.6633631311330243,0.6633631311330243
case,0.7214780669316958,0.6622044887780548,0.6901369911075791,400.8
control,0.6012539935816088,0.6649416050573235,0.6310128775050237,305.6
macro avg,0.6613660302566523,0.6635730469176891,0.6605749343063014,706.4
weighted avg,0.6694771616428901,0.6633631311330243,0.6645513194385426,706.4
