,precision,recall,f1-score,support
accuracy,0.5058823529411764,0.5058823529411764,0.5058823529411764,0.5058823529411764
case,0.5593907937470689,0.592,0.5743841537533732,125.0
control,0.4262785377475322,0.39375,0.4079849353212828,96.0
macro avg,0.4928346657473005,0.49287500000000006,0.491184544537328,221.0
weighted avg,0.5015682753038313,0.5058823529411764,0.502102140316809,221.0
