,precision,recall,f1-score,support
accuracy,0.5357466063348417,0.5357466063348417,0.5357466063348417,0.5357466063348417
case,0.5969481753880234,0.5488,0.5712377078759227,125.0
control,0.46985866491588774,0.51875,0.4924758857269828,96.0
macro avg,0.5334034201519555,0.533775,0.5318567968014527,221.0
weighted avg,0.5417418721965075,0.5357466063348417,0.5370244276664284,221.0
