,precision,recall,f1-score,support
accuracy,0.7066842702076764,0.7066842702076764,0.7066842702076764,0.7066842702076764
case,0.7591654383460282,0.7075885286783042,0.7324378084060625,400.8
control,0.6478544625311933,0.7055137683488696,0.6754181080139299,305.6
macro avg,0.7035099504386106,0.7065511485135869,0.7039279582099962,706.4
weighted avg,0.7110134602076312,0.7066842702076764,0.7077683447977444,706.4
