,precision,recall,f1-score,support
accuracy,0.5248868778280543,0.5248868778280543,0.5248868778280543,0.5248868778280543
case,0.5836340226126246,0.5631999999999999,0.5725304071616859,125.0
control,0.4542399183107714,0.475,0.46361400160002975,96.0
macro avg,0.5189369704616981,0.5191,0.5180722043808579,221.0
weighted avg,0.5274266288887427,0.5248868778280543,0.5252183033882968,221.0
