,precision,recall,f1-score,support
accuracy,0.5294117647058824,0.5294117647058824,0.5294117647058824,0.5294117647058824
case,0.5862834919354474,0.576,0.5809195310338111,125.0
control,0.45789555198271703,0.46875,0.46304150504469355,96.0
macro avg,0.5220895219590822,0.522375,0.5219805180392523,221.0
weighted avg,0.5305131650781527,0.5294117647058824,0.5297145966674975,221.0
