,precision,recall,f1-score,support
accuracy,0.5638009049773756,0.5638009049773756,0.5638009049773756,0.5638009049773756
case,0.6120892102379492,0.6224000000000001,0.6170323271211726,125.0
control,0.4989700840915193,0.4875,0.4929261661594726,96.0
macro avg,0.5555296471647342,0.55495,0.5549792466403226,221.0
weighted avg,0.5629514902829389,0.5638009049773756,0.5631219585586242,221.0
