,precision,recall,f1-score,support
accuracy,0.5230769230769231,0.5230769230769231,0.5230769230769231,0.5230769230769231
case,0.5831959211347288,0.552,0.5669956514148706,125.0
control,0.4536884039983883,0.4854166666666667,0.4688278855838612,96.0
macro avg,0.5184421625665585,0.5187083333333333,0.5179117684993659,221.0
weighted avg,0.5269392621071781,0.5230769230769231,0.5243526400131652,221.0
