,precision,recall,f1-score,support
accuracy,0.6613828967642527,0.6613828967642527,0.6613828967642527,0.6613828967642527
case,0.7248781315771607,0.6507326732673266,0.6846417964846285,100.2
control,0.5979269006402578,0.6754272043745728,0.633050705399104,76.4
macro avg,0.6614025161087091,0.6630799388209498,0.6588462509418662,176.6
weighted avg,0.6699818146515902,0.6613828967642527,0.6623189586836216,176.6
