,precision,recall,f1-score,support
accuracy,0.546969696969697,0.546969696969697,0.546969696969697,0.546969696969697
case,0.6147878314395111,0.542950495049505,0.5742126173709639,100.2
control,0.48004475670281294,0.552323991797676,0.5114534227356173,76.4
macro avg,0.5474162940711621,0.5476372434235905,0.5428330200532907,176.6
weighted avg,0.5565230788759288,0.546969696969697,0.5470583094924106,176.6
