,precision,recall,f1-score,support
accuracy,0.7151720352124246,0.7151720352124246,0.7151720352124246,0.7151720352124246
case,0.7726111466518104,0.7060835411471322,0.7377793866939018,400.8
control,0.6534469028699273,0.7271166827386693,0.6882377080174649,305.6
macro avg,0.7130290247608689,0.7166001119429006,0.7130085473556832,706.4
weighted avg,0.7210627044157001,0.7151720352124246,0.7163435055010876,706.4
