,precision,recall,f1-score,support
accuracy,0.5526675775630983,0.5526675775630983,0.5526675775630983,0.5526675775630983
case,0.624347501657168,0.5319376558603491,0.5744028557037272,400.8
control,0.4855872099666523,0.5798478517089896,0.5285100145934919,305.6
macro avg,0.5549673558119101,0.5558927537846694,0.5514564351486095,706.4
weighted avg,0.5643179188733541,0.5526675775630983,0.5545506497722476,706.4
