,precision,recall,f1-score,support
accuracy,0.519857473035439,0.519857473035439,0.519857473035439,0.519857473035439
case,0.5865095697989163,0.5190495049504951,0.5497319889327377,100.2
control,0.4530570688273084,0.5210184552289816,0.4837781960936526,76.4
macro avg,0.5197833193131124,0.5200339800897382,0.5167550925131952,176.6
weighted avg,0.5287922285183037,0.519857473035439,0.52118563850466,176.6
