,precision,recall,f1-score,support
accuracy,0.518552036199095,0.518552036199095,0.518552036199095,0.518552036199095
case,0.5749999090651442,0.5728,0.5737039695622623,125.0
control,0.44542146158761947,0.44791666666666663,0.4464102512642182,96.0
macro avg,0.5102106853263819,0.5103583333333332,0.5100571104132403,221.0
weighted avg,0.5187124386676675,0.518552036199095,0.5184089607088133,221.0
