,precision,recall,f1-score,support
accuracy,0.6444080636877247,0.6444080636877247,0.6444080636877247,0.6444080636877247
case,0.7050167232147362,0.6427722772277228,0.6693788183805662,100.2
control,0.5863608742487744,0.6466507177033493,0.6112837856937278,76.4
macro avg,0.6456887987317552,0.644711497465536,0.6403313020371468,176.6
weighted avg,0.653720902831828,0.6444080636877247,0.6442427325360852,176.6
