,precision,recall,f1-score,support
accuracy,0.6435531371834068,0.6435531371834068,0.6435531371834068,0.6435531371834068
case,0.7089504514653985,0.6317394014962593,0.6679943254549743,400.8
control,0.5767989908571176,0.6590742526518805,0.6150735065211236,305.6
macro avg,0.642874721161258,0.6454068270740698,0.641533915988049,706.4
weighted avg,0.6517824916126055,0.6435531371834068,0.6450955592077162,706.4
