,precision,recall,f1-score,support
accuracy,0.6933754322417268,0.6933754322417268,0.6933754322417268,0.6933754322417268
case,0.7554163902092458,0.6856296758104738,0.7156974066258276,400.8
control,0.6343632486155206,0.7034758384228008,0.663736411877958,305.6
macro avg,0.6948898194123831,0.6945527571166373,0.6897169092518928,706.4
weighted avg,0.7030357523469914,0.6933754322417268,0.693225522075705,706.4
