,precision,recall,f1-score,support
accuracy,0.6307973805855162,0.6307973805855162,0.6307973805855162,0.6307973805855162
case,0.701476137266304,0.6148712871287129,0.6516455382288331,100.2
control,0.5668294925868641,0.6520847573479152,0.6033797639060796,76.4
macro avg,0.634152814926584,0.633478022238314,0.6275126510674564,176.6
weighted avg,0.6432919528577977,0.6307973805855162,0.6307114023182256,176.6
