,precision,recall,f1-score,support
accuracy,0.4886877828054299,0.4886877828054299,0.4886877828054299,0.4886877828054299
case,0.5485444797835187,0.5408000000000001,0.5445325328949022,125.0
control,0.41328803024434213,0.4208333333333333,0.4168885027814076,96.0
macro avg,0.4809162550139304,0.48081666666666667,0.48071051783815494,221.0
weighted avg,0.4897905469520213,0.4886877828054299,0.4890853523931127,221.0
