,precision,recall,f1-score,support
accuracy,0.490497737556561,0.490497737556561,0.490497737556561,0.490497737556561
case,0.5530306146831895,0.5104,0.5300958654899993,125.0
control,0.42212228042043376,0.4645833333333334,0.44165882464020817,96.0
macro avg,0.4875764475518117,0.48749166666666666,0.48587734506510377,221.0
weighted avg,0.49616545590841776,0.490497737556561,0.49167977534710366,221.0
