,precision,recall,f1-score,support
accuracy,0.5843862352336929,0.5843862352336929,0.5843862352336929,0.5843862352336929
case,0.644172335600907,0.5989108910891089,0.620425138683612,100.2
control,0.5179302900801586,0.5653793574846206,0.5402880349810372,76.4
macro avg,0.5810513128405328,0.5821451242868647,0.5803565868323246,176.6
weighted avg,0.5895743870600768,0.5843862352336929,0.5857556720572766,176.6
