,precision,recall,f1-score,support
accuracy,0.49262326656394456,0.49262326656394456,0.49262326656394456,0.49262326656394456
case,0.5634047472593882,0.46710891089108914,0.5101239018521626,100.2
control,0.42971724670016886,0.5260082023239918,0.4725451251112062,76.4
macro avg,0.4965609969797784,0.49655855660754045,0.49133451348168455,176.6
weighted avg,0.5055792552765325,0.49262326656394456,0.49388860254758066,176.6
