,precision,recall,f1-score,support
accuracy,0.5175462249614793,0.5175462249614793,0.5175462249614793,0.5175462249614793
case,0.597980236817446,0.4470495049504951,0.5104092331766134,100.2
control,0.4584554446949668,0.6098086124401914,0.52272982942523,76.4
macro avg,0.5282178407562065,0.5284290586953432,0.5165695313009218,176.6
weighted avg,0.53761764844438,0.5175462249614793,0.5157816969380538,176.6
