,precision,recall,f1-score,support
accuracy,0.5495454199406181,0.5495454199406181,0.5495454199406181,0.5495454199406181
case,0.6252712170333556,0.5169825436408978,0.564929971374755,400.8
control,0.48320251431275124,0.5923411550412514,0.5314978639539982,305.6
macro avg,0.5542368656730534,0.5546618493410747,0.5482139176643767,706.4
weighted avg,0.5638148601618046,0.5495454199406181,0.5504497188690367,706.4
