,precision,recall,f1-score,support
accuracy,0.6069658448895737,0.6069658448895737,0.6069658448895737,0.6069658448895737
case,0.6616378468864523,0.6307722772277228,0.645707668047904,100.2
control,0.5424981522542498,0.5757006151742994,0.5584506446573956,76.4
macro avg,0.6020679995703511,0.6032364462010111,0.6020791563526499,176.6
weighted avg,0.6101084845349402,0.6069658448895737,0.6079743128102637,176.6
