,precision,recall,f1-score,support
accuracy,0.6477920110910322,0.6477920110910322,0.6477920110910322,0.6477920110910322
case,0.7089197599578274,0.6446957605985038,0.6749798373711504,400.8
control,0.5830602761054184,0.6518161362905819,0.6152336786653757,305.6
macro avg,0.6459900180316229,0.6482559484445428,0.6451067580182631,706.4
weighted avg,0.6544668681420429,0.6477920110910322,0.6491385392811745,706.4
