,precision,recall,f1-score,support
accuracy,0.6837453069467205,0.6837453069467205,0.6837453069467205,0.6837453069467205
case,0.7320675786494271,0.6985985037406484,0.7146860098108223,400.8
control,0.6273282716190058,0.6642622950819672,0.6449453051889443,305.6
macro avg,0.6796979251342166,0.6814303994113078,0.6798156574998833,706.4
weighted avg,0.6867556745341712,0.6837453069467205,0.6845156522416583,706.4
