,precision,recall,f1-score,support
accuracy,0.5185520361990951,0.5185520361990951,0.5185520361990951,0.5185520361990951
case,0.5762755364356698,0.5616,0.5686080026898829,125.0
control,0.447740198688144,0.4625,0.4547206575579838,96.0
macro avg,0.5120078675619069,0.51205,0.5116643301239333,221.0
weighted avg,0.5204411815770159,0.5185520361990951,0.5191365767502344,221.0
