,precision,recall,f1-score,support
accuracy,0.7188603643852851,0.7188603643852851,0.7188603643852851,0.7188603643852851
case,0.7731017113773909,0.7140872817955113,0.7423796572358997,400.8
control,0.6592530335600151,0.7251173256187722,0.6905695588838731,305.6
macro avg,0.7161773724687029,0.7196023037071416,0.7164746080598864,706.4
weighted avg,0.723850367957529,0.7188603643852851,0.7199671446072675,706.4
