,precision,recall,f1-score,support
accuracy,0.5276018099547511,0.5276018099547511,0.5276018099547511,0.5276018099547511
case,0.5855781759251247,0.5664,0.5749843042405565,125.0
control,0.4578863640853788,0.4770833333333333,0.4663792631812568,96.0
macro avg,0.5217322700052518,0.5217416666666667,0.5206817837109067,221.0
weighted avg,0.5301102395603483,0.5276018099547511,0.527807453825657,221.0
