,precision,recall,f1-score,support
accuracy,0.4994928094504366,0.4994928094504366,0.4994928094504366,0.4994928094504366
case,0.5677388368506892,0.49912871287128713,0.530438689801424,100.2
control,0.4315319182034553,0.5003417634996582,0.46269790679086037,76.4
macro avg,0.4996353775270722,0.49973523818547266,0.4965682982961421,176.6
weighted avg,0.5088181158747894,0.4994928094504366,0.5010551074037495,176.6
