,precision,recall,f1-score,support
accuracy,0.6398433487416538,0.6398433487416538,0.6398433487416538,0.6398433487416538
case,0.7108894210650962,0.6149108910891089,0.6558249435786322,100.2
control,0.579112843517974,0.6729665071770334,0.6182868927289421,76.4
macro avg,0.6450011322915351,0.6439386991330711,0.6370559181537871,176.6
weighted avg,0.653951437854586,0.6398433487416538,0.6395281338641763,176.6
