,precision,recall,f1-score,support
accuracy,0.7154621330202627,0.7154621330202627,0.7154621330202627,0.7154621330202627
case,0.770897720023495,0.7095885286783042,0.7389314137734939,400.8
control,0.6549336829744842,0.7231629701060752,0.6873128916297502,305.6
macro avg,0.7129157014989896,0.7163757493921897,0.713122152701622,706.4
weighted avg,0.7207307095764991,0.7154621330202627,0.7166014015551676,706.4
