,precision,recall,f1-score,support
accuracy,0.5040723981900452,0.5040723981900452,0.5040723981900452,0.5040723981900452
case,0.5674105273257816,0.5168,0.5408242490412426,125.0
control,0.43684037855232294,0.4875,0.4606858778397703,96.0
macro avg,0.5021254529390522,0.50215,0.5007550634405065,221.0
weighted avg,0.5106922726549579,0.5040723981900452,0.5060130108722772,221.0
