,precision,recall,f1-score,support
accuracy,0.6987542623141311,0.6987542623141311,0.6987542623141311,0.6987542623141311
case,0.7623957166706801,0.6831371571072319,0.7200101875044537,400.8
control,0.6341017907330511,0.7192392585449481,0.673417018940722,305.6
macro avg,0.6982487537018656,0.70118820782609,0.6967136032225879,706.4
weighted avg,0.7068947735140895,0.6987542623141311,0.6998531548609591,706.4
