,precision,recall,f1-score,support
accuracy,0.5194570135746607,0.5194570135746607,0.5194570135746607,0.5194570135746607
case,0.5833266576998899,0.5248,0.5522948909014482,125.0
control,0.45340958095023626,0.5125,0.48093957591165604,96.0
macro avg,0.5183681193250631,0.51865,0.5166172334065522,221.0
weighted avg,0.5268920904240222,0.5194570135746607,0.5212989169692308,221.0
