,precision,recall,f1-score,support
accuracy,0.6392998385229053,0.6392998385229053,0.6392998385229053,0.6392998385229053
case,0.6905427449309609,0.6632044887780548,0.6753459401531325,400.8
control,0.5802881917928813,0.6079502839387121,0.592205688314754,305.6
macro avg,0.6354154683619211,0.6355773863583835,0.6337758142339432,706.4
weighted avg,0.6428463903707484,0.6392998385229053,0.6393783803825052,706.4
