,precision,recall,f1-score,support
accuracy,0.5130264509501797,0.5130264509501797,0.5130264509501797,0.5130264509501797
case,0.575872736534062,0.543009900990099,0.5582641137262986,100.2
control,0.44057090852522246,0.47388926862611064,0.45586688977802214,76.4
macro avg,0.5082218225296422,0.5084495848081049,0.5070655017521604,176.6
weighted avg,0.5173505690492124,0.5130264509501797,0.5139311494294254,176.6
