,precision,recall,f1-score,support
accuracy,0.5628466448425498,0.5628466448425498,0.5628466448425498,0.5628466448425498
case,0.6302983008657617,0.5548902743142146,0.5901328683876377,400.8
control,0.4955964519369056,0.5732797599914283,0.5315597364999809,305.6
macro avg,0.5629473764013336,0.5640850171528214,0.5608463024438093,706.4
weighted avg,0.5720247287858073,0.5628466448425499,0.5647938813380607,706.4
