,precision,recall,f1-score,support
accuracy,0.6568631227529533,0.6568631227529533,0.6568631227529533,0.6568631227529533
case,0.7222860595467371,0.6449504950495049,0.6793890388185838,100.2
control,0.5934223205968233,0.6728639781271359,0.6287402655229328,76.4
macro avg,0.6578541900717803,0.6589072365883204,0.6540646521707583,176.6
weighted avg,0.6666007618269446,0.6568631227529533,0.6574278016084594,176.6
