,precision,recall,f1-score,support
accuracy,0.6760657421674371,0.6760657421674371,0.6760657421674371,0.6760657421674371
case,0.7392542924698601,0.660930693069307,0.6958609520678486,100.2
control,0.615750014547818,0.6963773069036228,0.6515543148389341,76.4
macro avg,0.677502153508839,0.6786539999864649,0.6737076334533914,176.6
weighted avg,0.6859109089159352,0.6760657421674371,0.6766365288941115,176.6
