,precision,recall,f1-score,support
accuracy,0.6483617888296316,0.6483617888296316,0.6483617888296316,0.6483617888296316
case,0.7404407701327889,0.5888291770573566,0.6539249624850382,400.8
control,0.5752251752050631,0.7264438015643415,0.6406802872077433,305.6
macro avg,0.657832972668926,0.6576364893108491,0.6473026248463907,706.4
weighted avg,0.6689666995264251,0.6483617888296316,0.6481948804438548,706.4
