,precision,recall,f1-score,support
accuracy,0.6228171545968155,0.6228171545968155,0.6228171545968155,0.6228171545968155
case,0.7062761166657431,0.583069306930693,0.6355392562362306,100.2
control,0.5526209627057678,0.6750512645249488,0.6053366660185935,76.4
macro avg,0.6294485396857554,0.6290602857278209,0.620437961127412,176.6
weighted avg,0.6398178728601627,0.6228171545968155,0.622455074667178,176.6
