,precision,recall,f1-score,support
accuracy,0.5651089269185923,0.5651089269185923,0.5651089269185923,0.5651089269185923
case,0.6311462482714223,0.5618728179551122,0.5944737187085509,400.8
control,0.4977371455273669,0.5693539054966249,0.5311188891837346,305.6
macro avg,0.5644416968993946,0.5656133617258685,0.5627963039461428,706.4
weighted avg,0.5734321611556668,0.5651089269185923,0.5670656566072408,706.4
