,precision,recall,f1-score,support
accuracy,0.6492068389356136,0.6492068389356136,0.6492068389356136,0.6492068389356136
case,0.7314006917200204,0.6047755610972569,0.6615166167834781,400.8
control,0.5773402386712272,0.7074766955962712,0.6353836646473346,305.6
macro avg,0.6543704651956238,0.6561261283467641,0.6484501407154063,706.4
weighted avg,0.6647514507006068,0.6492068389356136,0.6502116399245439,706.4
