,precision,recall,f1-score,support
accuracy,0.502831278890601,0.502831278890601,0.502831278890601,0.502831278890601
case,0.5669047629655182,0.513009900990099,0.5380295550473215,100.2
control,0.4357906911492183,0.48954203691045794,0.4605684987267963,76.4
macro avg,0.5013477270573683,0.5012759689502785,0.49929902688705885,176.6
weighted avg,0.5101957061037254,0.502831278890601,0.5045122139031879,176.6
