,precision,recall,f1-score,support
accuracy,0.47330316742081446,0.47330316742081446,0.47330316742081446,0.47330316742081446
case,0.5428427967204015,0.42560000000000003,0.4761035928018851,125.0
control,0.4177661136425194,0.5354166666666667,0.4686949403987944,96.0
macro avg,0.4803044551814605,0.4805083333333333,0.4723992666003397,221.0
weighted avg,0.4885108438901902,0.47330316742081446,0.4728853546539361,221.0
