,precision,recall,f1-score,support
accuracy,0.48325791855203615,0.48325791855203615,0.48325791855203615,0.48325791855203615
case,0.5491348981154939,0.4848,0.5148919801949243,125.0
control,0.417480584899424,0.48125,0.44703894820527684,96.0
macro avg,0.4833077415074589,0.4830249999999999,0.48096546420010056,221.0
weighted avg,0.4919456941845315,0.48325791855203615,0.48541735996412727,221.0
