,precision,recall,f1-score,support
accuracy,0.5492039034411915,0.5492039034411915,0.5492039034411915,0.5492039034411915
case,0.6225515657934357,0.5231089108910891,0.5671001954268242,100.2
control,0.4832410124724872,0.5835953520164047,0.5275994224022401,76.4
macro avg,0.5528962891329614,0.5533521314537468,0.5473498089145321,176.6
weighted avg,0.562299667410932,0.5492039034411915,0.5499825679982664,176.6
