,precision,recall,f1-score,support
accuracy,0.5869183518918464,0.5869183518918464,0.5869183518918464,0.5869183518918464
case,0.6684900692057993,0.5409027431421446,0.5974530409474472,400.8
control,0.5181064171123175,0.6472516875602701,0.5751622636944488,305.6
macro avg,0.5932982431590584,0.5940772153512073,0.5863076523209481,706.4
weighted avg,0.6034302242780861,0.5869183518918464,0.5878127721653705,706.4
