,precision,recall,f1-score,support
accuracy,0.5067873303167421,0.5067873303167421,0.5067873303167421,0.5067873303167421
case,0.5791390292715803,0.4608,0.5119632895226653,125.0
control,0.44811702665449393,0.5666666666666667,0.49953910529568885,96.0
macro avg,0.5136280279630372,0.5137333333333334,0.5057511974091771,221.0
weighted avg,0.5222244941980948,0.5067873303167421,0.5065663588177343,221.0
