,precision,recall,f1-score,support
accuracy,0.6624357986646122,0.6624357986646122,0.6624357986646122,0.6624357986646122
case,0.7297611031768849,0.6466534653465347,0.6851951803056775,100.2
control,0.594963467833318,0.6830143540669857,0.6354993735447327,76.4
macro avg,0.6623622855051015,0.6648339097067602,0.6603472769252051,176.6
weighted avg,0.6714360660378089,0.6624357986646122,0.6637173565860782,176.6
