,precision,recall,f1-score,support
accuracy,0.6755384239354733,0.6755384239354733,0.6755384239354733,0.6755384239354733
case,0.762202668109303,0.6277356608478802,0.6859962114677003,400.8
control,0.6034627734708803,0.7381699346405229,0.6619909985223176,305.6
macro avg,0.6828327207900916,0.6829527977442016,0.6739936049950089,706.4
weighted avg,0.6935195839909506,0.6755384239354733,0.6756199089014859,706.4
