,precision,recall,f1-score,support
accuracy,0.5058823529411764,0.5058823529411764,0.5058823529411764,0.5058823529411764
case,0.5743414622743146,0.4864,0.526591104946237,125.0
control,0.4430252468143128,0.53125,0.4830353158274166,96.0
macro avg,0.5086833545443138,0.5088250000000001,0.5048132103868268,221.0
weighted avg,0.5172991243369383,0.5058823529411764,0.5076709431570661,221.0
