,precision,recall,f1-score,support
accuracy,0.6197607093772914,0.6197607093772914,0.6197607093772914,0.6197607093772914
case,0.6774708680873464,0.6322780548628428,0.6524021967095892,400.8
control,0.5576310743537122,0.6034372656166291,0.5777670120772378,305.6
macro avg,0.6175509712205293,0.617857660239736,0.6150846043934136,706.4
weighted avg,0.6256377054314404,0.6197607093772914,0.6200993017729429,706.4
