,precision,recall,f1-score,support
accuracy,0.6996033192959118,0.6996033192959118,0.6996033192959118,0.6996033192959118
case,0.7558695319073008,0.6951072319201994,0.7241410622497652,400.8
control,0.6383986766246803,0.7054816243437265,0.6701807959744908,305.6
macro avg,0.6971341042659904,0.700294428131963,0.6971609291121279,706.4
weighted avg,0.7050471106440084,0.6996033192959118,0.7007995960697542,706.4
