,precision,recall,f1-score,support
accuracy,0.5662044170518746,0.5662044170518746,0.5662044170518746,0.5662044170518746
case,0.6493985507246377,0.517009900990099,0.5736798497018277,100.2
control,0.49934228465581604,0.6308612440191388,0.555979572663319,76.4
macro avg,0.5743704176902268,0.5739355725046188,0.5648297111825734,176.6
weighted avg,0.5844986745124807,0.5662044170518746,0.5660021009478643,176.6
