,precision,recall,f1-score,support
accuracy,0.5478449018515773,0.5478449018515773,0.5478449018515773,0.5478449018515773
case,0.6095502924707512,0.5663715710723192,0.586954314400493,400.8
control,0.4790466301274726,0.5235336976320583,0.5000760462678905,305.6
macro avg,0.544298461299112,0.5449526343521887,0.5435151803341918,706.4
weighted avg,0.553093495329748,0.5478449018515773,0.5493727984396723,706.4
