,precision,recall,f1-score,support
accuracy,0.537846687211094,0.537846687211094,0.537846687211094,0.537846687211094
case,0.5989270638807294,0.5686732673267327,0.5824663210464228,100.2
control,0.4660053606971415,0.4969924812030075,0.4799536657813393,76.4
macro avg,0.5324662122889354,0.53283287426487,0.5312099934138811,176.6
weighted avg,0.5414128654997589,0.537846687211094,0.5382041747925653,176.6
