,precision,recall,f1-score,support
accuracy,0.48233821263482285,0.48233821263482285,0.48233821263482285,0.48233821263482285
case,0.5463081995098708,0.512970297029703,0.5280130999580644,100.2
control,0.408281072594798,0.44207108680792884,0.42330903947672727,76.4
macro avg,0.47729463605233435,0.4775206919188159,0.47566106971739597,176.6
weighted avg,0.4866110724583862,0.48233821263482285,0.4827443335133143,176.6
