,precision,recall,f1-score,support
accuracy,0.6953520240733098,0.6953520240733098,0.6953520240733098,0.6953520240733098
case,0.7517072461336743,0.6916109725685786,0.7202950494466137,400.8
control,0.6340699360027725,0.7002421515054109,0.6653901828891906,305.6
macro avg,0.6928885910682234,0.6959265620369948,0.6928426161679022,706.4
weighted avg,0.7008138724521158,0.6953520240733098,0.6965450253211483,706.4
