,precision,recall,f1-score,support
accuracy,0.4705882352941176,0.4705882352941176,0.4705882352941176,0.4705882352941176
case,0.5363843319842837,0.472,0.5020188929152412,125.0
control,0.4053043324581521,0.46875,0.4346270236994177,96.0
macro avg,0.47084433222121796,0.47037500000000004,0.46832295830732945,221.0
weighted avg,0.47944460368333963,0.4705882352941176,0.47274459678529074,221.0
