,precision,recall,f1-score,support
accuracy,0.4769230769230769,0.4769230769230769,0.4769230769230769,0.4769230769230769
case,0.5446942244042983,0.4608,0.49918736207495706,125.0
control,0.4146901621383501,0.4979166666666667,0.4524625103223395,96.0
macro avg,0.4796921932713242,0.4793583333333332,0.4758249361986483,221.0
weighted avg,0.4882218715647914,0.4769230769230769,0.4788905938928245,221.0
