,precision,recall,f1-score,support
accuracy,0.672136586382232,0.672136586382232,0.672136586382232,0.672136586382232
case,0.7195935582908767,0.6926309226932668,0.7049379538631704,400.8
control,0.6171241999836635,0.6453251901853638,0.6298765884083869,305.6
macro avg,0.6683588791372701,0.6689780564393153,0.6674072711357786,706.4
weighted avg,0.6752741333960953,0.672136586382232,0.6724559637932097,706.4
