,precision,recall,f1-score,support
accuracy,0.5031674208144796,0.5031674208144796,0.5031674208144796,0.5031674208144796
case,0.578361246844965,0.44960000000000006,0.5041032801211041,125.0
control,0.44446906759453064,0.5729166666666666,0.49947127807592917,96.0
macro avg,0.5114151572197478,0.5112583333333334,0.5017872790985166,221.0
weighted avg,0.5201999382112922,0.5031674208144796,0.5020911887349648,221.0
