,precision,recall,f1-score,support
accuracy,0.4787330316742081,0.4787330316742081,0.4787330316742081,0.4787330316742081
case,0.5444496263191154,0.4848,0.5110551184235395,125.0
control,0.4113877229823669,0.4708333333333334,0.4375079751317375,96.0
macro avg,0.47791867465074117,0.4778166666666667,0.4742815467776385,221.0
weighted avg,0.48664898052577665,0.4787330316742081,0.4791070380795892,221.0
