,precision,recall,f1-score,support
accuracy,0.5503274268104776,0.5503274268104776,0.5503274268104776,0.5503274268104776
case,0.6164873891040219,0.5608316831683168,0.5839806316766131,100.2
control,0.4820907981637803,0.5361927546138072,0.5048929214531931,76.4
macro avg,0.5492890936339012,0.548512218891062,0.5444367765649031,176.6
weighted avg,0.5583432811216252,0.5503274268104776,0.5498437984510881,176.6
