,precision,recall,f1-score,support
accuracy,0.5149321266968325,0.5149321266968325,0.5149321266968325,0.5149321266968325
case,0.5799001237600698,0.5136000000000001,0.5443286248584728,125.0
control,0.4498773704795351,0.5166666666666666,0.48061562139721126,96.0
macro avg,0.5148887471198025,0.5151333333333333,0.512472123127842,221.0
weighted avg,0.5234196517468059,0.5149321266968325,0.5166523880608207,221.0
