,precision,recall,f1-score,support
accuracy,0.6318952234206472,0.6318952234206472,0.6318952234206472,0.6318952234206472
case,0.7003757754553348,0.6187524752475247,0.6561355732427496,100.2
control,0.5640317962157042,0.6490088858509911,0.6027553498085247,76.4
macro avg,0.6322037858355196,0.633880680549258,0.6294454615256372,176.6
weighted avg,0.6413847917117017,0.6318952234206472,0.63306618658776,176.6
