,precision,recall,f1-score,support
accuracy,0.49592760180995477,0.49592760180995477,0.49592760180995477,0.49592760180995477
case,0.5608104744331578,0.5024,0.5298661526203426,125.0
control,0.4292890757059372,0.4875,0.45642113117372435,96.0
macro avg,0.4950497750695476,0.49495000000000006,0.4931436418970335,221.0
weighted avg,0.5036790071127362,0.49592760180995477,0.49796243289692477,221.0
