,precision,recall,f1-score,support
accuracy,0.6568511565846993,0.6568511565846993,0.6568511565846993,0.6568511565846993
case,0.7117401681926301,0.6641745635910224,0.68710724307894,400.8
control,0.5951606023970474,0.6472538304939462,0.6200830247083414,305.6
macro avg,0.6534503852948388,0.6557141970424843,0.6535951338936407,706.4
weighted avg,0.6613074643895392,0.6568511565846993,0.6581106428464529,706.4
