,precision,recall,f1-score,support
accuracy,0.46696832579185515,0.46696832579185515,0.46696832579185515,0.46696832579185515
case,0.5285044502154942,0.5248,0.5263284284315445,125.0
control,0.38813045054404666,0.39166666666666666,0.3895096124420988,96.0
macro avg,0.45831745037977034,0.45823333333333327,0.45791902043682164,221.0
weighted avg,0.4675275091817432,0.46696832579185515,0.4668958205809255,221.0
