,precision,recall,f1-score,support
accuracy,0.4802452491011813,0.4802452491011813,0.4802452491011813,0.4802452491011813
case,0.5466620601106553,0.4891287128712872,0.5149771943618907,100.2
control,0.4115835217648156,0.4690020505809979,0.4371615618670487,76.4
macro avg,0.47912279093773547,0.47906538172614255,0.4760693781144697,176.6
weighted avg,0.488222541944188,0.4802452491011813,0.48122373124798,176.6
