,precision,recall,f1-score,support
accuracy,0.5311954288649204,0.5311954288649204,0.5311954288649204,0.5311954288649204
case,0.5903354044054231,0.564950495049505,0.5772001618226711,100.2
control,0.4613745154835369,0.48694463431305535,0.4736147073828206,76.4
macro avg,0.52585495994448,0.5259475646812801,0.5254074346027459,176.6
weighted avg,0.5345537610779051,0.5311954288649204,0.5323877137499868,176.6
