,precision,recall,f1-score,support
accuracy,0.5699304005673735,0.5699304005673735,0.5699304005673735,0.5699304005673735
case,0.6363978283165043,0.5648703241895261,0.5984699473632104,400.8
control,0.5025108356365879,0.5765713061180756,0.5369673245518819,305.6
macro avg,0.5694543319765462,0.5707208151538009,0.5677186359575461,706.4
weighted avg,0.5784769943946564,0.5699304005673735,0.5718623726417241,706.4
