,precision,recall,f1-score,support
accuracy,0.619762312127611,0.619762312127611,0.619762312127611,0.619762312127611
case,0.6791741663770019,0.6252730673316709,0.6508219249163365,400.8
control,0.5553288065219057,0.6125768777456339,0.5822168800069248,305.6
macro avg,0.6172514864494538,0.6189249725386523,0.6165194024616307,706.4
weighted avg,0.6256019430039993,0.619762312127611,0.621135902041175,706.4
