,precision,recall,f1-score,support
accuracy,0.4398190045248868,0.4398190045248868,0.4398190045248868,0.4398190045248868
case,0.5052521649155339,0.488,0.4962064765219722,125.0
control,0.3604541677073926,0.3770833333333333,0.36828614983289176,96.0
macro avg,0.43285316631146326,0.43254166666666666,0.432246313177432,221.0
weighted avg,0.4423534873952553,0.4398190045248868,0.440639275788254,221.0
