,precision,recall,f1-score,support
accuracy,0.6240104018495739,0.6240104018495739,0.6240104018495739,0.6240104018495739
case,0.6869497038893075,0.6202543640897755,0.6516832477612143,400.8
control,0.5582076752567903,0.6289146040930034,0.5912374456977039,305.6
macro avg,0.622578689573049,0.6245844840913894,0.6214603467294592,706.4
weighted avg,0.6312521551137564,0.6240104018495739,0.625537284190467,706.4
