,precision,recall,f1-score,support
accuracy,0.490497737556561,0.490497737556561,0.490497737556561,0.490497737556561
case,0.5526992579847442,0.5232,0.5373666827563317,125.0
control,0.41856605750511877,0.4479166666666667,0.4325538329127722,96.0
macro avg,0.48563265774493153,0.48555833333333337,0.4849602578345519,221.0
weighted avg,0.4944332523465359,0.490497737556561,0.49183711902338273,221.0
