,precision,recall,f1-score,support
accuracy,0.590042372881356,0.590042372881356,0.590042372881356,0.590042372881356
case,0.6519496717192241,0.6046930693069307,0.6257796413786381,100.2
control,0.5221021749101542,0.570745044429255,0.5435282777762105,76.4
macro avg,0.5870259233146892,0.5877190568680929,0.5846539595774243,176.6
weighted avg,0.5957874358985261,0.590042372881356,0.5902205311230857,176.6
