,precision,recall,f1-score,support
accuracy,0.6647747534769665,0.6647747534769665,0.6647747534769665,0.6647747534769665
case,0.7268930795540076,0.6571845386533666,0.6882596463704542,400.8
control,0.6036290374140751,0.6747348119575699,0.6350151995960365,305.6
macro avg,0.6652610584840414,0.6659596753054682,0.6616374229832453,706.4
weighted avg,0.6735688075642075,0.6647747534769665,0.6652249076391283,706.4
