,precision,recall,f1-score,support
accuracy,0.5901322547508988,0.5901322547508988,0.5901322547508988,0.5901322547508988
case,0.6582671729992452,0.5908118811881188,0.6204257752941019,100.2
control,0.5213998343428723,0.5892686261107314,0.5513868072164276,76.4
macro avg,0.5898335036710588,0.5900402536494251,0.5859062912552647,176.6
weighted avg,0.5990668737942989,0.5901322547508988,0.5905573856359604,176.6
