,precision,recall,f1-score,support
accuracy,0.6014316897791474,0.6014316897791474,0.6014316897791474,0.6014316897791474
case,0.6559929897071554,0.6306534653465347,0.6423890040234922,100.2
control,0.5363838550305311,0.5630553656869447,0.54852098232657,76.4
macro avg,0.5961884223688433,0.5968544155167397,0.5954549931750311,176.6
weighted avg,0.6042492411121401,0.6014316897791474,0.6017922050470554,176.6
