,precision,recall,f1-score,support
accuracy,0.5085002568053415,0.5085002568053415,0.5085002568053415,0.5085002568053415
case,0.5702370416256797,0.541069306930693,0.5537101719221323,100.2
control,0.43739700081174604,0.4663021189336979,0.44957475099412714,76.4
macro avg,0.5038170212187127,0.5036857129321956,0.5016424614581296,176.6
weighted avg,0.5127804692827487,0.5085002568053415,0.5085538584438986,176.6
