,precision,recall,f1-score,support
accuracy,0.6636456158768447,0.6636456158768447,0.6636456158768447,0.6636456158768447
case,0.7227572432064476,0.6606857855361596,0.6901803439902532,400.8
control,0.6002643689868348,0.6675516982749384,0.6319652198022513,305.6
macro avg,0.6615108060966411,0.664118741905549,0.6610727818962523,706.4
weighted avg,0.6697687448311048,0.6636456158768447,0.6649923146955998,706.4
