,precision,recall,f1-score,support
accuracy,0.4868778280542987,0.4868778280542987,0.4868778280542987,0.4868778280542987
case,0.5501929240164534,0.5376000000000001,0.5423214208278399,125.0
control,0.4060999446800664,0.4208333333333334,0.4116400256674476,96.0
macro avg,0.4781464343482599,0.4792166666666667,0.47698072324764373,221.0
weighted avg,0.4876004986033623,0.4868778280542987,0.48555484193463777,221.0
