,precision,recall,f1-score,support
accuracy,0.5294117647058824,0.5294117647058824,0.5294117647058824,0.5294117647058824
case,0.5890584148204792,0.5551999999999999,0.5704258064407703,125.0
control,0.4619978101387412,0.4958333333333334,0.4770517571198728,96.0
macro avg,0.5255281124796103,0.5255166666666666,0.5237387817803216,221.0
weighted avg,0.533864667990403,0.5294117647058824,0.5298651334325977,221.0
