,precision,recall,f1-score,support
accuracy,0.6704930662557781,0.6704930662557781,0.6704930662557781,0.6704930662557781
case,0.720915200795957,0.6846534653465346,0.7016346713376898,100.2
control,0.613364572069366,0.6520847573479152,0.6311677199437972,76.4
macro avg,0.6671398864326614,0.668369111347225,0.6664011956407435,176.6
weighted avg,0.6744151920616019,0.6704930662557781,0.6711281740373065,176.6
