,precision,recall,f1-score,support
accuracy,0.7129197703258792,0.7129197703258792,0.7129197703258792,0.7129197703258792
case,0.7781157206055466,0.6911234413965087,0.7318734404846386,400.8
control,0.6470884986267931,0.7415236258437801,0.6909311358324395,305.6
macro avg,0.7126021096161698,0.7163235336201444,0.7114022881585391,706.4
weighted avg,0.7214341469033241,0.7129197703258792,0.7141588395626802,706.4
