,precision,recall,f1-score,support
accuracy,0.4760180995475113,0.4760180995475113,0.4760180995475113,0.4760180995475113
case,0.5386893472419788,0.5008,0.5187717469814777,125.0
control,0.40683906092869215,0.44375,0.42419207675190185,96.0
macro avg,0.4727642040853355,0.47227499999999994,0.4714819118666898,221.0
weighted avg,0.4814150147258,0.4760180995475113,0.477687365343291,221.0
