,precision,recall,f1-score,support
accuracy,0.4914027149321267,0.4914027149321267,0.4914027149321267,0.4914027149321267
case,0.5549946974195428,0.5104,0.5313579623329407,125.0
control,0.42235366083192166,0.4666666666666667,0.44301502078753263,96.0
macro avg,0.48867417912573224,0.4885333333333334,0.4871864915602367,221.0
weighted avg,0.4973768715715264,0.4914027149321267,0.4929827479059761,221.0
