,precision,recall,f1-score,support
accuracy,0.5526964560862866,0.5526964560862866,0.5526964560862866,0.5526964560862866
case,0.620548352530285,0.548930693069307,0.5793601889583337,100.2
control,0.48644687152340155,0.5580314422419685,0.516948972167216,76.4
macro avg,0.5534976120268432,0.5534810676556378,0.5481545805627749,176.6
weighted avg,0.562555034283859,0.5526964560862866,0.5522848501213529,176.6
