,precision,recall,f1-score,support
accuracy,0.554994863893169,0.554994863893169,0.554994863893169,0.554994863893169
case,0.6077262174247348,0.6027128712871287,0.6032830370800212,100.2
control,0.4885424820613177,0.4923103212576897,0.4880575042645905,76.4
macro avg,0.5481343497430262,0.5475115962724092,0.5456702706723058,176.6
weighted avg,0.5561560560492903,0.554994863893169,0.5534513016555136,176.6
