,precision,recall,f1-score,support
accuracy,0.4914027149321266,0.4914027149321266,0.4914027149321266,0.4914027149321266
case,0.5575544697664514,0.4768,0.5130299037276951,125.0
control,0.42991743440813696,0.5104166666666667,0.46584368602701237,96.0
macro avg,0.4937359520872942,0.4936083333333333,0.4894367948773537,221.0
weighted avg,0.502110327710351,0.4914027149321266,0.492532723188032,221.0
