,precision,recall,f1-score,support
accuracy,0.48235294117647054,0.48235294117647054,0.48235294117647054,0.48235294117647054
case,0.546868700236,0.5024,0.5229379221396327,125.0
control,0.4120883863450002,0.45625,0.4323156089193825,96.0
macro avg,0.4794785432905,0.47932499999999995,0.47762676552950756,221.0
weighted avg,0.48832159555936655,0.48235294117647054,0.4835725734104743,221.0
