,precision,recall,f1-score,support
accuracy,0.6569144838212635,0.6569144838212635,0.6569144838212635,0.6569144838212635
case,0.7153133278392103,0.6587326732673267,0.685168518892324,100.2
control,0.5944440030353979,0.6546138072453862,0.6222411091195709,76.4
macro avg,0.6548786654373041,0.6566732402563564,0.6537048140059474,176.6
weighted avg,0.6630508992058466,0.6569144838212635,0.6579408486349546,176.6
