,precision,recall,f1-score,support
accuracy,0.6596707950843648,0.6596707950843648,0.6596707950843648,0.6596707950843648
case,0.709550982777485,0.6766371571072319,0.6924729626697668,400.8
control,0.6015647742107783,0.6374177649201757,0.61869003706117,305.6
macro avg,0.6555578784941316,0.6570274610137038,0.6555814998654684,706.4
weighted avg,0.6628357184124316,0.6596707950843648,0.6605542259148622,706.4
