,precision,recall,f1-score,support
accuracy,0.6115883410374936,0.6115883410374936,0.6115883410374936,0.6115883410374936
case,0.6758279589909961,0.6085940594059406,0.6381696735879439,100.2
control,0.5470112122146029,0.615105946684894,0.5764931209359544,76.4
macro avg,0.6114195856027995,0.6118500030454174,0.6073313972619492,176.6
weighted avg,0.6200847090761468,0.6115883410374936,0.611569157122829,176.6
