,precision,recall,f1-score,support
accuracy,0.4886877828054299,0.4886877828054299,0.4886877828054299,0.4886877828054299
case,0.5504631311463726,0.5296000000000001,0.5392640819803102,125.0
control,0.4140898777725706,0.4354166666666666,0.4238299011941532,96.0
macro avg,0.48227650445947157,0.48250833333333326,0.4815469915872317,221.0
weighted avg,0.4912240708573002,0.4886877828054299,0.4891207274306673,221.0
