,precision,recall,f1-score,support
accuracy,0.6823332839151985,0.6823332839151985,0.6823332839151985,0.6823332839151985
case,0.737053534341722,0.6846309226932668,0.7098034724514388,400.8
control,0.6214673014490418,0.6792992606878817,0.6490152350642434,305.6
macro avg,0.6792604178953819,0.6819650916905743,0.6794093537578411,706.4
weighted avg,0.6870472545941114,0.6823332839151985,0.683509011570673,706.4
