,precision,recall,f1-score,support
accuracy,0.46787330316742076,0.46787330316742076,0.46787330316742076,0.46787330316742076
case,0.530623107539517,0.5056,0.5175504644659579,125.0
control,0.39453439834354953,0.41875,0.40600802684093884,96.0
macro avg,0.4625787529415333,0.46217499999999995,0.46177924565344836,221.0
weighted avg,0.4715076501512234,0.46787330316742076,0.4690976408822392,221.0
