,precision,recall,f1-score,support
accuracy,0.5167420814479639,0.5167420814479639,0.5167420814479639,0.5167420814479639
case,0.5825563240318973,0.5152,0.5463555295539478,125.0
control,0.45096816012125485,0.51875,0.48208870691015837,96.0
macro avg,0.5167622420765762,0.5169750000000001,0.5142221182320531,221.0
weighted avg,0.525395854640849,0.5167420814479639,0.5184387197177316,221.0
