,precision,recall,f1-score,support
accuracy,0.48235294117647054,0.48235294117647054,0.48235294117647054,0.48235294117647054
case,0.5503000477783087,0.45919999999999994,0.4997022097181178,125.0
control,0.42152342642141016,0.5125,0.46185970339121524,96.0
macro avg,0.4859117370998594,0.48585,0.4807809565546665,221.0
weighted avg,0.4943608819400179,0.48235294117647054,0.48326383592905603,221.0
