,precision,recall,f1-score,support
accuracy,0.5167420814479639,0.5167420814479639,0.5167420814479639,0.5167420814479639
case,0.5805818778443247,0.5247999999999999,0.5498599621226761,125.0
control,0.45021975571129397,0.50625,0.4752859199487955,96.0
macro avg,0.5154008167778092,0.515525,0.5125729410357358,221.0
weighted avg,0.5239539876869901,0.5167420814479639,0.517465808056194,221.0
