,precision,recall,f1-score,support
accuracy,0.5617227161809666,0.5617227161809666,0.5617227161809666,0.5617227161809666
case,0.6245214137736708,0.5708678304239402,0.5964323093514918,400.8
control,0.49411255944821075,0.5497439194256938,0.5203866802773678,305.6
macro avg,0.5593169866109408,0.560305874924817,0.5584094948144298,706.4
weighted avg,0.5681061359394006,0.5617227161809666,0.5635313374082044,706.4
