,precision,recall,f1-score,support
accuracy,0.6285439137134052,0.6285439137134052,0.6285439137134052,0.6285439137134052
case,0.6869087205511304,0.640950495049505,0.6591119923188944,100.2
control,0.569984256696461,0.6129528366370471,0.5866287398334165,76.4
macro avg,0.6284464886237957,0.626951665843276,0.6228703660761554,176.6
weighted avg,0.636406173507044,0.6285439137134052,0.6276469364949119,176.6
