,precision,recall,f1-score,support
accuracy,0.6084324701187237,0.6084324701187237,0.6084324701187237,0.6084324701187237
case,0.674870421850948,0.597793017456359,0.6326259922376735,400.8
control,0.5432846169170472,0.6223936569163184,0.5788412902654944,305.6
macro avg,0.6090775193839976,0.6100933371863387,0.6057336412515839,706.4
weighted avg,0.6179447722252405,0.6084324701187237,0.6093564517387677,706.4
