,precision,recall,f1-score,support
accuracy,0.6693077320682291,0.6693077320682291,0.6693077320682291,0.6693077320682291
case,0.7243357385229853,0.6746620947630924,0.697837596828381,400.8
control,0.6093880712356544,0.6623186542376513,0.6338339242614547,305.6
macro avg,0.6668619048793198,0.6684903745003717,0.6658357605449179,706.4
weighted avg,0.6746131467934078,0.6693077320682291,0.6701442636532515,706.4
