,precision,recall,f1-score,support
accuracy,0.6780883996938747,0.6780883996938747,0.6780883996938747,0.6780883996938747
case,0.7288192990884835,0.6896246882793017,0.7084179221497877,400.8
control,0.6198406056321443,0.6629208186006643,0.6403376394018252,305.6
macro avg,0.6743299523603139,0.676272753439983,0.6743777807758065,706.4
weighted avg,0.6816689155188831,0.6780883996938747,0.6789711225078922,706.4
