,precision,recall,f1-score,support
accuracy,0.6132531423923453,0.6132531423923453,0.6132531423923453,0.6132531423923453
case,0.6817834353674523,0.5983017456359102,0.6369282213873374,400.8
control,0.5457578754402308,0.6328876031286832,0.585750997083961,305.6
macro avg,0.6137706554038416,0.6155946743822966,0.6113396092356492,706.4
weighted avg,0.6229396341498419,0.6132531423923453,0.6147841694483847,706.4
