,precision,recall,f1-score,support
accuracy,0.5212669683257919,0.5212669683257919,0.5212669683257919,0.5212669683257919
case,0.5813279946010894,0.56,0.5686453818526679,125.0
control,0.449030628883459,0.4708333333333333,0.45738527865084266,96.0
macro avg,0.5151793117422743,0.5154166666666666,0.5130153302517553,221.0
weighted avg,0.5238594556468247,0.5212669683257919,0.5203152012763094,221.0
