,precision,recall,f1-score,support
accuracy,0.6240048793014894,0.6240048793014894,0.6240048793014894,0.6240048793014894
case,0.6841574691151789,0.6309306930693069,0.6533526339601665,100.2
control,0.563712381204972,0.6153451811346548,0.5851015250336198,76.4
macro avg,0.6239349251600755,0.623137937101981,0.6192270794968932,176.6
weighted avg,0.6321039518545548,0.6240048793014894,0.623760424009863,176.6
