,precision,recall,f1-score,support
accuracy,0.5113122171945701,0.5113122171945701,0.5113122171945701,0.5113122171945701
case,0.5798310761613514,0.49119999999999997,0.5297646444048179,125.0
control,0.448627182812359,0.5375,0.48740388103380994,96.0
macro avg,0.5142291294868553,0.5143500000000001,0.508584262719314,221.0
weighted avg,0.5228375297292099,0.5113122171945701,0.5113635888228416,221.0
