,precision,recall,f1-score,support
accuracy,0.5356317411402157,0.5356317411402157,0.5356317411402157,0.5356317411402157
case,0.60461109522971,0.548970297029703,0.573685613266038,100.2
control,0.462103496722117,0.5184552289815447,0.48710525140268796,76.4
macro avg,0.5333572959759134,0.5337127630056239,0.5303954323343629,176.6
weighted avg,0.5429923914951522,0.5356317411402157,0.5361768837512402,176.6
