,precision,recall,f1-score,support
accuracy,0.544716230097586,0.544716230097586,0.544716230097586,0.544716230097586
case,0.6114997820704859,0.5450495049504951,0.5741963818733902,100.2
control,0.4780237091855962,0.5446343130553657,0.5069342632558159,76.4
macro avg,0.5447617456280411,0.5448419090029304,0.5405653225646031,176.6
weighted avg,0.5537791330339921,0.544716230097586,0.5450322426059242,176.6
