,precision,recall,f1-score,support
accuracy,0.5141242937853108,0.5141242937853108,0.5141242937853108,0.5141242937853108
case,0.5803935828219816,0.520970297029703,0.5481167427657635,100.2
control,0.4457356343499235,0.5051606288448394,0.4726182345984232,76.4
macro avg,0.5130646085859526,0.5130654629372712,0.5103674886820933,176.6
weighted avg,0.52215216629951,0.5141242937853108,0.5154585089258805,176.6
