,precision,recall,f1-score,support
accuracy,0.6104969183359014,0.6104969183359014,0.6104969183359014,0.6104969183359014
case,0.6735406895364522,0.6129306930693069,0.6375195588609233,100.2
control,0.5522503871205925,0.6075187969924812,0.5728910375246363,76.4
macro avg,0.6128955383285224,0.6102247450308941,0.6052052981927798,176.6
weighted avg,0.6210877703234088,0.6104969183359014,0.6095244236343983,176.6
