,precision,recall,f1-score,support
accuracy,0.48579224447868513,0.48579224447868513,0.48579224447868513,0.48579224447868513
case,0.5555960627351784,0.4650891089108911,0.5058220047511903,100.2
control,0.42271490962484676,0.5129870129870129,0.4631032301860355,76.4
macro avg,0.48915548618001264,0.4890380609489521,0.48446261746861286,176.6
weighted avg,0.4981170590937561,0.48579224447868513,0.4873359121955696,176.6
