,precision,recall,f1-score,support
accuracy,0.5265665125834618,0.5265665125834618,0.5265665125834618,0.5265665125834618
case,0.5858237298974155,0.5607920792079207,0.5716002048396188,100.2
control,0.4560175253153699,0.48137388926862607,0.46677843940566843,76.4
macro avg,0.5209206276063927,0.5210829842382735,0.5191893221226437,176.6
weighted avg,0.5296812710760954,0.5265665125834618,0.5263255259934111,176.6
