,precision,recall,f1-score,support
accuracy,0.6350521494885223,0.6350521494885223,0.6350521494885223,0.6350521494885223
case,0.6789482976123311,0.6786558603491272,0.677964051568398,400.8
control,0.5792684287712826,0.5778442087217401,0.5774019858294052,305.6
macro avg,0.6291083631918069,0.6282500345354336,0.6276830186989015,706.4
weighted avg,0.6358239891321892,0.6350521494885223,0.6344632573453826,706.4
