,precision,recall,f1-score,support
accuracy,0.4733031674208144,0.4733031674208144,0.4733031674208144,0.4733031674208144
case,0.5402848285692174,0.472,0.503068903956856,125.0
control,0.4073510696467218,0.475,0.43795475154561714,96.0
macro avg,0.4738179491079696,0.4734999999999999,0.47051182775123657,221.0
weighted avg,0.4825398473178167,0.4733031674208144,0.47478402327143093,221.0
