,precision,recall,f1-score,support
accuracy,0.4624434389140271,0.4624434389140271,0.4624434389140271,0.4624434389140271
case,0.5313129156843578,0.4208,0.46942917688370045,125.0
control,0.4064866042629601,0.5166666666666666,0.45486531275788256,96.0
macro avg,0.46889975997365896,0.46873333333333334,0.4621472448207915,221.0
weighted avg,0.4770897215827552,0.4624434389140271,0.46310279246705555,221.0
