,precision,recall,f1-score,support
accuracy,0.4606334841628959,0.4606334841628959,0.4606334841628959,0.4606334841628959
case,0.528303057259235,0.42560000000000003,0.47112420152621687,125.0
control,0.4038650641025641,0.50625,0.44910312866886287,96.0
macro avg,0.46608406068089947,0.46592500000000003,0.4601136650975398,221.0
weighted avg,0.4742485443947987,0.4606334841628959,0.46155848661985494,221.0
