,precision,recall,f1-score,support
accuracy,0.6024460708782742,0.6024460708782742,0.6024460708782742,0.6024460708782742
case,0.6615081764993974,0.6106534653465346,0.634874515277999,100.2
control,0.5379385121051788,0.5915926179084073,0.5632936459221997,76.4
macro avg,0.5997233443022882,0.601123041627471,0.5990840806000992,176.6
weighted avg,0.6080447208586838,0.6024460708782742,0.6039240398183022,176.6
