,precision,recall,f1-score,support
accuracy,0.6814822234955182,0.6814822234955182,0.6814822234955182,0.6814822234955182
case,0.7322823794068282,0.695571072319202,0.7116779914761971,400.8
control,0.6261216565636963,0.6629336762027215,0.6419136599012375,305.6
macro avg,0.6792020179852623,0.6792523742609617,0.6767958256887173,706.4
weighted avg,0.6863449583603239,0.6814822234955182,0.6815068297577811,706.4
