,precision,recall,f1-score,support
accuracy,0.6228685156651259,0.6228685156651259,0.6228685156651259,0.6228685156651259
case,0.6758939810611543,0.6446534653465347,0.6595947852507289,100.2
control,0.5607690199633197,0.5941900205058099,0.576647801027361,76.4
macro avg,0.6183315005122371,0.6194217429261724,0.618121293139045,176.6
weighted avg,0.626084459581009,0.6228685156651259,0.6237312718282964,176.6
