,precision,recall,f1-score,support
accuracy,0.6908250557957455,0.6908250557957455,0.6908250557957455,0.6908250557957455
case,0.7367006165943489,0.7085847880299252,0.7223025106978259,400.8
control,0.6358369675822562,0.6675431265402335,0.651219847675392,305.6
macro avg,0.6862687920883026,0.6880639572850794,0.686761179186609,706.4
weighted avg,0.6930680998993968,0.6908250557957455,0.6915501730734439,706.4
