,precision,recall,f1-score,support
accuracy,0.5532281394873604,0.5532281394873604,0.5532281394873604,0.5532281394873604
case,0.6248664358361794,0.5309201995012469,0.5739243176550058,400.8
control,0.4866709761042127,0.5824558019929282,0.5301525557533988,305.6
macro avg,0.555768705970196,0.5566880007470876,0.5520384367042024,706.4
weighted avg,0.5650802906550141,0.5532281394873604,0.5549940753226804,706.4
