,precision,recall,f1-score,support
accuracy,0.48597285067873297,0.48597285067873297,0.48597285067873297,0.48597285067873297
case,0.5549444034461967,0.45599999999999996,0.5002008426346306,125.0
control,0.4260862937884261,0.525,0.470085982434665,96.0
macro avg,0.4905153486173114,0.49049999999999994,0.48514341253464777,221.0
weighted avg,0.49896983997494787,0.48597285067873297,0.4871192744029713,221.0
