,precision,recall,f1-score,support
accuracy,0.6039047004659996,0.6039047004659996,0.6039047004659996,0.6039047004659996
case,0.692430090532129,0.5493815461346634,0.6095390076666275,400.8
control,0.5345196108993402,0.6754162648666024,0.5947930363936946,305.6
macro avg,0.6134748507157346,0.6123989055006328,0.6021660220301611,706.4
weighted avg,0.6241174476078962,0.6039047004659996,0.6031593299852248,706.4
