,precision,recall,f1-score,support
accuracy,0.49592760180995477,0.49592760180995477,0.49592760180995477,0.49592760180995477
case,0.5702447576248061,0.44160000000000005,0.49239807502539046,125.0
control,0.43795663693118564,0.5666666666666667,0.49114461519633057,96.0
macro avg,0.5041006972779959,0.5041333333333334,0.49177134511086046,221.0
weighted avg,0.5127802346085728,0.49592760180995477,0.4918535856878803,221.0
