,precision,recall,f1-score,support
accuracy,0.6851661451050002,0.6851661451050002,0.6851661451050002,0.6851661451050002
case,0.7371960134206305,0.6921059850374065,0.7138091586091091,400.8
control,0.626138857852377,0.6760441444337297,0.649976805506422,305.6
macro avg,0.6816674356365037,0.6840750647355681,0.6818929820577656,706.4
weighted avg,0.6891472427375553,0.6851661451050002,0.6861967662722586,706.4
