,precision,recall,f1-score,support
accuracy,0.5345788392398563,0.5345788392398563,0.5345788392398563,0.5345788392398563
case,0.6175565692239267,0.48114851485148513,0.5349443401455786,100.2
control,0.47127558096483374,0.6045454545454545,0.5262631649982836,76.4
macro avg,0.5444160750943803,0.5428469846984699,0.530603752571931,176.6
weighted avg,0.5542735006319026,0.5345788392398563,0.5312174839761684,176.6
