,precision,recall,f1-score,support
accuracy,0.45520361990950226,0.45520361990950226,0.45520361990950226,0.45520361990950226
case,0.5183307907881917,0.44800000000000006,0.4780150365408054,125.0
control,0.39322919554434443,0.4645833333333333,0.423855598904509,96.0
macro avg,0.45577999316626805,0.45629166666666665,0.4509353177226572,221.0
weighted avg,0.46398801638362447,0.45520361990950226,0.45448876498838703,221.0
