,precision,recall,f1-score,support
accuracy,0.5945236260914226,0.5945236260914226,0.5945236260914226,0.5945236260914226
case,0.6539385581772714,0.6127920792079208,0.6311744891290375,100.2
control,0.5286542149391363,0.5707108680792892,0.5470756382034709,76.4
macro avg,0.5912963865582038,0.5917514736436049,0.5891250636662543,176.6
weighted avg,0.5997621738816589,0.5945236260914226,0.5947720533029577,176.6
