,precision,recall,f1-score,support
accuracy,0.6410567539804828,0.6410567539804828,0.6410567539804828,0.6410567539804828
case,0.6934654631083202,0.6546930693069306,0.6733758144621923,100.2
control,0.581389268885849,0.6231373889268627,0.6013692980219656,76.4
macro avg,0.6374273659970846,0.6389152291168967,0.6373725562420789,176.6
weighted avg,0.6449834892389132,0.6410567539804828,0.6422342184303131,176.6
