,precision,recall,f1-score,support
accuracy,0.6356139134755241,0.6356139134755241,0.6356139134755241,0.6356139134755241
case,0.6877434312695954,0.6551882793017457,0.6709841539792679,400.8
control,0.5744970225245881,0.6099496410586093,0.5915876677067082,305.6
macro avg,0.6311202268970917,0.6325689601801774,0.631285910842988,706.4
weighted avg,0.6387521222526146,0.6356139134755241,0.636634728023248,706.4
