,precision,recall,f1-score,support
accuracy,0.6455636877247046,0.6455636877247046,0.6455636877247046,0.6455636877247046
case,0.7075745378783018,0.6368118811881188,0.6701629125365142,100.2
control,0.5815304843615248,0.6570745044429256,0.6168239131070343,76.4
macro avg,0.6445525111199133,0.6469431928155222,0.6434934128217742,176.6
weighted avg,0.6530608427691685,0.6455636877247046,0.647088194607085,176.6
