,precision,recall,f1-score,support
accuracy,0.5230769230769231,0.5230769230769231,0.5230769230769231,0.5230769230769231
case,0.5924426044776522,0.5008,0.5425144517557945,125.0
control,0.45967159030070537,0.5520833333333333,0.5014515034839299,96.0
macro avg,0.5260570973891788,0.5264416666666667,0.5219829776198622,221.0
weighted avg,0.534768317776354,0.5230769230769231,0.5246771529589664,221.0
