,precision,recall,f1-score,support
accuracy,0.6930921461227466,0.6930921461227466,0.6930921461227466,0.6930921461227466
case,0.7391238780816053,0.7100760598503741,0.7241739611099989,400.8
control,0.6382201809673278,0.6708025286617378,0.6539303958115852,305.6
macro avg,0.6886720295244666,0.690439294256056,0.6890521784607921,706.4
weighted avg,0.6954693742443594,0.6930921461227466,0.6937876937584948,706.4
