,precision,recall,f1-score,support
accuracy,0.5467097539377572,0.5467097539377572,0.5467097539377572,0.5467097539377572
case,0.6124405992737639,0.5473990024937656,0.5780684373635174,400.8
control,0.4791206207398252,0.5458180649308904,0.5102729071564968,305.6
macro avg,0.5457806100067946,0.546608533712328,0.5441706722600071,706.4
weighted avg,0.5547652127103035,0.5467097539377572,0.5487368584915892,706.4
