,precision,recall,f1-score,support
accuracy,0.5084424756034925,0.5084424756034925,0.5084424756034925,0.5084424756034925
case,0.574576442912182,0.5108910891089109,0.5402007280707523,100.2
control,0.44139837755659544,0.5052631578947369,0.47054592789718264,76.4
macro avg,0.5079874102343886,0.5080771235018238,0.5053733279839674,176.6
weighted avg,0.5169711168901655,0.5084424756034925,0.5100650261403732,176.6
