,precision,recall,f1-score,support
accuracy,0.5482216230097585,0.5482216230097585,0.5482216230097585,0.5482216230097585
case,0.5992972278709386,0.5989306930693069,0.5971536479369457,100.2
control,0.48597548087085185,0.4819207108680793,0.4807995644565254,76.4
macro avg,0.5426363543708952,0.5404257019686931,0.5389766061967356,176.6
weighted avg,0.55030827125599,0.5482216230097585,0.5467881417718605,176.6
