,precision,recall,f1-score,support
accuracy,0.5294117647058824,0.5294117647058824,0.5294117647058824,0.5294117647058824
case,0.5876006676428378,0.5631999999999999,0.5747277754514617,125.0
control,0.4607145450789233,0.4854166666666666,0.4722591740038523,96.0
macro avg,0.5241576063608806,0.5243083333333333,0.523493474727657,221.0
weighted avg,0.5324827139499156,0.5294117647058824,0.5302165277638122,221.0
