,precision,recall,f1-score,support
accuracy,0.6625192830897821,0.6625192830897821,0.6625192830897821,0.6625192830897821
case,0.7117681847620737,0.6831209476309227,0.696572560032563,400.8
control,0.6047605816343504,0.6354869816779171,0.6189448281351317,305.6
macro avg,0.658264383198212,0.6593039646544199,0.6577586940838474,706.4
weighted avg,0.6654734274770926,0.6625192830897821,0.6629914884217905,706.4
