,precision,recall,f1-score,support
accuracy,0.6127503852080123,0.6127503852080123,0.6127503852080123,0.6127503852080123
case,0.667274089904521,0.6328910891089109,0.6491921113099544,100.2
control,0.5502227002427448,0.5863636363636363,0.5671724691049025,76.4
macro avg,0.608748395073633,0.6096273627362736,0.6081822902074284,176.6
weighted avg,0.6166555113816657,0.6127503852080123,0.6137130600792864,176.6
