,precision,recall,f1-score,support
accuracy,0.7010165443901736,0.7010165443901736,0.7010165443901736,0.7010165443901736
case,0.7519915652162128,0.7065822942643392,0.7283768980112642,400.8
control,0.6432486362283081,0.6936912032572592,0.6672853274186237,305.6
macro avg,0.6976201007222604,0.7001367487607991,0.6978311127149439,706.4
weighted avg,0.704943853153268,0.7010165443901736,0.7019513284645542,706.4
