,precision,recall,f1-score,support
accuracy,0.5809643040575244,0.5809643040575244,0.5809643040575244,0.5809643040575244
case,0.6383270443342262,0.6048712871287129,0.6200189701552246,100.2
control,0.5161999833039688,0.5498291182501708,0.5309610397179241,76.4
macro avg,0.5772635138190975,0.5773502026894419,0.5754900049365743,176.6
weighted avg,0.5855256681622862,0.5809643040575244,0.5814597502991324,176.6
