,precision,recall,f1-score,support
accuracy,0.5592760180995475,0.5592760180995475,0.5592760180995475,0.5592760180995475
case,0.6247009683315368,0.5536,0.5862268974765656,125.0
control,0.4940654665120684,0.5666666666666667,0.5272356602344136,96.0
macro avg,0.5593832174218025,0.5601333333333333,0.5567312788554896,221.0
weighted avg,0.5679543250072429,0.5592760180995475,0.5606017446473955,221.0
