,precision,recall,f1-score,support
accuracy,0.5737556561085972,0.5737556561085972,0.5737556561085972,0.5737556561085972
case,0.6269051204356184,0.6096,0.6179446374554146,125.0
control,0.5089437613416078,0.5270833333333333,0.5176230504559822,96.0
macro avg,0.5679244408886132,0.5683416666666667,0.5677838439556984,221.0
weighted avg,0.5756639870735143,0.5737556561085972,0.5743660295280593,221.0
