,precision,recall,f1-score,support
accuracy,0.5393665158371042,0.5393665158371042,0.5393665158371042,0.5393665158371042
case,0.598249554992579,0.568,0.5821442191222518,125.0
control,0.47115343465810755,0.5020833333333334,0.4854103260494602,96.0
macro avg,0.5347014948253432,0.5350416666666666,0.533777272585856,221.0
weighted avg,0.5430403805486458,0.5393665158371042,0.5401240664752474,221.0
