,precision,recall,f1-score,support
accuracy,0.6823376914785773,0.6823376914785773,0.6823376914785773,0.6823376914785773
case,0.7313506697508506,0.6975910224438903,0.7131892936998152,400.8
control,0.6267024689261347,0.6622629379620701,0.6427852290394585,305.6
macro avg,0.6790265693384926,0.6799269802029801,0.6779872613696367,706.4
weighted avg,0.6860679276546084,0.6823376914785773,0.6827413027510343,706.4
