,precision,recall,f1-score,support
accuracy,0.5529411764705883,0.5529411764705883,0.5529411764705883,0.5529411764705883
case,0.6139189345787774,0.5631999999999999,0.5866471531180516,125.0
control,0.48790182759226985,0.5395833333333333,0.5116325416638456,96.0
macro avg,0.5509103810855237,0.5513916666666667,0.5491398473909486,221.0
weighted avg,0.5591784718154076,0.5529411764705883,0.554061620540659,221.0
