,precision,recall,f1-score,support
accuracy,0.5040125834617359,0.5040125834617359,0.5040125834617359,0.5040125834617359
case,0.5594469241258232,0.5547722772277227,0.5553754645384441,100.2
control,0.432771299805853,0.4370471633629528,0.4330354928807158,76.4
macro avg,0.49610911196583807,0.49590972029533786,0.49420547870957987,176.6
weighted avg,0.5046554505719241,0.5040125834617359,0.5025396224413516,176.6
