,precision,recall,f1-score,support
accuracy,0.448868778280543,0.448868778280543,0.448868778280543,0.448868778280543
case,0.5149999999999999,0.4384,0.4735424692716932,125.0
control,0.38740904776969315,0.4625,0.4215738610216291,96.0
macro avg,0.4512045238848465,0.4504499999999999,0.44755816514666114,221.0
weighted avg,0.45957587595425575,0.448868778280543,0.45096787021284185,221.0
