,precision,recall,f1-score,support
accuracy,0.5345210580380072,0.5345210580380072,0.5345210580380072,0.5345210580380072
case,0.598801322045704,0.5508316831683169,0.5718941003796776,100.2
control,0.4646021005244306,0.5127136021872863,0.48572396368574705,76.4
macro avg,0.5317017112850674,0.5317726426778016,0.5288090320327123,176.6
weighted avg,0.540739734358781,0.5345210580380072,0.5347031956651215,176.6
