,precision,recall,f1-score,support
accuracy,0.5707241910631742,0.5707241910631742,0.5707241910631742,0.5707241910631742
case,0.6279103982411335,0.6007722772277228,0.6138409133897961,100.2
control,0.5025758295888118,0.5311346548188653,0.5162236251065073,76.4
macro avg,0.5652431139149726,0.565953466023294,0.5650322692481516,176.6
weighted avg,0.573692590778999,0.5707241910631742,0.5716509928847792,176.6
