,precision,recall,f1-score,support
accuracy,0.544446269798975,0.544446269798975,0.544446269798975,0.544446269798975
case,0.6084167366890849,0.5514089775561096,0.5771488644327422,400.8
control,0.4775302803324729,0.5353734061930784,0.5036667976006484,305.6
macro avg,0.542973508510779,0.543391191874594,0.5404078310166953,706.4
weighted avg,0.5517953232569417,0.544446269798975,0.5453476284793752,706.4
