,precision,recall,f1-score,support
accuracy,0.518650487930149,0.518650487930149,0.518650487930149,0.518650487930149
case,0.571611550894674,0.6185742574257426,0.5873574210434034,100.2
control,0.4343648415076986,0.38803827751196174,0.39903145590729616,76.4
macro avg,0.5029881962011864,0.5033062674688521,0.4931944384753497,176.6
weighted avg,0.5122365560983215,0.518650487930149,0.5057857824252293,176.6
