,precision,recall,f1-score,support
accuracy,0.44434389140271496,0.44434389140271496,0.44434389140271496,0.44434389140271496
case,0.5115471698113208,0.40800000000000003,0.452025974025974,125.0
control,0.3882787373436569,0.4916666666666666,0.43282284281853434,96.0
macro avg,0.44991295357748884,0.4498333333333333,0.44242440842225417,221.0
weighted avg,0.45800070140907756,0.44434389140271496,0.44368434237025356,221.0
