,precision,recall,f1-score,support
accuracy,0.5716265110930356,0.5716265110930356,0.5716265110930356,0.5716265110930356
case,0.6303033941239793,0.5933104738154613,0.6111941512093463,400.8
control,0.5043183674011378,0.5431672559734275,0.522961662157929,305.6
macro avg,0.5673108807625585,0.5682388648944444,0.5670779066836376,706.4
weighted avg,0.5758003100495659,0.5716265110930356,0.5730277627493683,706.4
