,precision,recall,f1-score,support
accuracy,0.4271493212669683,0.4271493212669683,0.4271493212669683,0.4271493212669683
case,0.49255308211353627,0.4192,0.4514448135632052,125.0
control,0.36516199087000845,0.4375,0.39707096346981563,96.0
macro avg,0.42885753649177233,0.42835,0.4242578885165105,221.0
weighted avg,0.4372157755100129,0.4271493212669683,0.4278254035678867,221.0
