,precision,recall,f1-score,support
accuracy,0.44072398190045253,0.44072398190045253,0.44072398190045253,0.44072398190045253
case,0.506495436721974,0.4032,0.44798264128027965,125.0
control,0.3862277698922935,0.4895833333333333,0.43122069165453736,96.0
macro avg,0.4463616033071337,0.44639166666666663,0.4396016664674084,221.0
weighted avg,0.45425246832537064,0.44072398190045253,0.44070143239307935,221.0
