,precision,recall,f1-score,support
accuracy,0.5616782229070365,0.5616782229070365,0.5616782229070365,0.5616782229070365
case,0.6196770754687666,0.5927920792079208,0.6057377259171671,100.2
control,0.49252759719010425,0.5207108680792891,0.5059935907543037,76.4
macro avg,0.5561023363294354,0.5567514736436049,0.5558656583357354,176.6
weighted avg,0.5646749491380569,0.5616782229070365,0.5626238323189445,176.6
