,precision,recall,f1-score,support
accuracy,0.4497737556561086,0.4497737556561086,0.4497737556561086,0.4497737556561086
case,0.5151074589127687,0.4640000000000001,0.4882175655072155,125.0
control,0.38190621814475023,0.43125,0.40507890961262544,96.0
macro avg,0.4485068385287594,0.44762499999999994,0.4466482375599205,221.0
weighted avg,0.457246286452453,0.4497737556561086,0.45210303624983705,221.0
