,precision,recall,f1-score,support
accuracy,0.5276018099547511,0.5276018099547511,0.5276018099547511,0.5276018099547511
case,0.5670174567717383,0.5968,0.5715641884581992,125.0
control,0.47926954597890203,0.4375,0.4436595354846095,96.0
macro avg,0.5231435013753201,0.51715,0.5076118619714045,221.0
weighted avg,0.5289007172418184,0.5276018099547511,0.5160037962162779,221.0
