,precision,recall,f1-score,support
accuracy,0.5707770534236751,0.5707770534236751,0.5707770534236751,0.5707770534236751
case,0.6272102931107552,0.6007967581047382,0.6136935957847756,400.8
control,0.5035453089146431,0.5313896924890175,0.5170622725910723,305.6
macro avg,0.5653778010126991,0.5660932252968778,0.5653779341879239,706.4
weighted avg,0.5737113387791272,0.5707770534236751,0.5718930218383933,706.4
