,precision,recall,f1-score,support
accuracy,0.5611505343168878,0.5611505343168878,0.5611505343168878,0.5611505343168878
case,0.625094090434909,0.5653815461346634,0.5920461652145488,400.8
control,0.49501087005036937,0.5556691310403943,0.5222111132984695,305.6
macro avg,0.5600524802426392,0.5605253385875288,0.5571286392565092,706.4
weighted avg,0.5688214559699564,0.5611505343168878,0.5618213809335083,706.4
