,precision,recall,f1-score,support
accuracy,0.5322777886853841,0.5322777886853841,0.5322777886853841,0.5322777886853841
case,0.5972700082070739,0.5384538653366583,0.5630949614512027,400.8
control,0.4657458366220165,0.5242322940105003,0.490367856252243,305.6
macro avg,0.5315079224145453,0.5313430796735794,0.5267314088517228,706.4
weighted avg,0.54037185727834,0.5322777886853841,0.5316209052363575,706.4
