,precision,recall,f1-score,support
accuracy,0.5695878274268105,0.5695878274268105,0.5695878274268105,0.5695878274268105
case,0.6290903098083949,0.5907920792079209,0.6091912657261653,100.2
control,0.5014909196039844,0.5416267942583731,0.5206233064357109,76.4
macro avg,0.5652906147061897,0.5662094367331469,0.5649072860809381,176.6
weighted avg,0.5738934188764142,0.5695878274268105,0.5709101915885862,176.6
