,precision,recall,f1-score,support
accuracy,0.5413501568691875,0.5413501568691875,0.5413501568691875,0.5413501568691875
case,0.5915809491672999,0.6227992518703241,0.5999324174586198,400.8
control,0.47175254256916554,0.4344283724418728,0.44262512596639814,305.6
macro avg,0.5316667458682327,0.5286138121560986,0.5212787717125089,706.4
weighted avg,0.5397387540828141,0.5413501568691875,0.5318998464977561,706.4
