,precision,recall,f1-score,support
accuracy,0.48808423215202873,0.48808423215202873,0.48808423215202873,0.48808423215202873
case,0.5550970385113608,0.4889108910891089,0.5197827602715973,100.2
control,0.42111781347765137,0.4869104579630895,0.45152836642753613,76.4
macro avg,0.4881074259945061,0.48791067452609915,0.48565556334956667,176.6
weighted avg,0.4971441562091011,0.48808423215202873,0.49027853701637875,176.6
