,precision,recall,f1-score,support
accuracy,0.6828930444643008,0.6828930444643008,0.6828930444643008,0.6828930444643008
case,0.7400158079000632,0.6801309226932668,0.708789708718443,400.8
control,0.6206766261048118,0.6865102325083038,0.6519130297428051,305.6
macro avg,0.6803462170024375,0.6833205776007854,0.680351369230624,706.4
weighted avg,0.6883871283057502,0.6828930444643008,0.6841847815114481,706.4
