,precision,recall,f1-score,support
accuracy,0.6081150487930149,0.6081150487930149,0.6081150487930149,0.6081150487930149
case,0.6663732884573135,0.6206534653465348,0.641579337640018,100.2
control,0.5443376095722121,0.5915926179084073,0.5657895208522573,76.4
macro avg,0.6053554490147628,0.606123041627471,0.6036844292461376,176.6
weighted avg,0.6135720567022723,0.6081150487930149,0.6088049171625436,176.6
