,precision,recall,f1-score,support
accuracy,0.4588235294117647,0.4588235294117647,0.4588235294117647,0.4588235294117647
case,0.5240267586720677,0.47359999999999997,0.49744014285117794,125.0
control,0.39053246246748974,0.4395833333333334,0.41351947396486055,96.0
macro avg,0.45727961056977867,0.4565916666666666,0.45547980840801927,221.0
weighted avg,0.466038286112613,0.4588235294117647,0.46098591564264185,221.0
