,precision,recall,f1-score,support
accuracy,0.6220326079552512,0.6220326079552512,0.6220326079552512,0.6220326079552512
case,0.6729373385125553,0.6591920199501248,0.6615391515193405,400.8
control,0.5655762097600877,0.5732819029251044,0.5643171965341278,305.6
macro avg,0.6192567741363215,0.6162369614376145,0.6129281740267342,706.4
weighted avg,0.6264900043202865,0.6220326079552512,0.6194820262271463,706.4
