,precision,recall,f1-score,support
accuracy,0.5288263995891114,0.5288263995891114,0.5288263995891114,0.5288263995891114
case,0.579798405848826,0.6028712871287129,0.5864243827050606,100.2
control,0.45848453881770956,0.4319890635680109,0.4381186000319553,76.4
macro avg,0.5191414723332677,0.5174301753483619,0.512271491368508,176.6
weighted avg,0.5273494872122646,0.5288263995891114,0.522221432172089,176.6
