,precision,recall,f1-score,support
accuracy,0.4289592760180995,0.4289592760180995,0.4289592760180995,0.4289592760180995
case,0.49289611082985124,0.42400000000000004,0.45486311468128937,125.0
control,0.36783491587933403,0.4354166666666667,0.3979176716104693,96.0
macro avg,0.4303655133545926,0.4297083333333333,0.42639039314587934,221.0
weighted avg,0.4385708858739704,0.4289592760180995,0.4301266326233765,221.0
