,precision,recall,f1-score,support
accuracy,0.651185033517516,0.651185033517516,0.651185033517516,0.651185033517516
case,0.6977360082009444,0.679643391521197,0.6883366238464326,400.8
control,0.5942479190947231,0.6138626379513553,0.6035943353894682,305.6
macro avg,0.6459919636478337,0.6467530147362762,0.6459654796179504,706.4
weighted avg,0.6529679125675176,0.651185033517516,0.6516767468765952,706.4
