,precision,recall,f1-score,support
accuracy,0.5230769230769231,0.5230769230769231,0.5230769230769231,0.5230769230769231
case,0.5902242508982957,0.5104,0.5472435239120623,125.0
control,0.4589417739433289,0.5395833333333334,0.4958631879886098,96.0
macro avg,0.5245830124208123,0.5249916666666667,0.521553355950336,221.0
weighted avg,0.5331965686011155,0.5230769230769231,0.5249244639634132,221.0
