,precision,recall,f1-score,support
accuracy,0.579821520287622,0.579821520287622,0.579821520287622,0.579821520287622
case,0.6523062558356676,0.5588316831683169,0.5996190727809709,100.2
control,0.5135275143450633,0.6076213260423786,0.5546820997276934,76.4
macro avg,0.5829168850903654,0.5832265046053478,0.5771505862543321,176.6
weighted avg,0.5922990692582345,0.579821520287622,0.5801353204158314,176.6
