,precision,recall,f1-score,support
accuracy,0.5401322547508988,0.5401322547508988,0.5401322547508988,0.5401322547508988
case,0.6010858189429618,0.5687524752475248,0.5837158025430387,100.2
control,0.4695570597649856,0.502323991797676,0.48457395960030747,76.4
macro avg,0.5353214393539737,0.5355382335226004,0.5341448810716731,176.6
weighted avg,0.544184237407286,0.5401322547508988,0.5408841198868298,176.6
