,precision,recall,f1-score,support
accuracy,0.5336878082790067,0.5336878082790067,0.5336878082790067,0.5336878082790067
case,0.6037420756940992,0.5184576059850373,0.5578234050811914,400.8
control,0.46714431516636046,0.553678345655202,0.5067133118961475,305.6
macro avg,0.5354431954302299,0.5360679758201197,0.5322683584886695,706.4
weighted avg,0.544648840315588,0.5336878082790067,0.5357095225307216,706.4
