,precision,recall,f1-score,support
accuracy,0.4760180995475113,0.4760180995475113,0.4760180995475113,0.4760180995475113
case,0.5460371085371085,0.4464,0.4894824248071704,125.0
control,0.415416390430935,0.5145833333333333,0.45861911935174593,96.0
macro avg,0.48072674948402183,0.48049166666666665,0.4740507720794581,221.0
weighted avg,0.4892968870973228,0.4760180995475113,0.4760757400844521,221.0
