,precision,recall,f1-score,support
accuracy,0.4606334841628959,0.4606334841628959,0.4606334841628959,0.4606334841628959
case,0.5253232673728236,0.4896,0.5065853765958458,125.0
control,0.38812847044861754,0.4229166666666667,0.4045346710983705,96.0
macro avg,0.45672586891072064,0.4562583333333333,0.45556002384710814,221.0
weighted avg,0.46572733748719564,0.4606334841628959,0.4622556583706981,221.0
