,precision,recall,f1-score,support
accuracy,0.6160118130457113,0.6160118130457113,0.6160118130457113,0.6160118130457113
case,0.6709402444828148,0.6346930693069307,0.6520814022052172,100.2
control,0.552715738611307,0.5915584415584416,0.5712080461813036,76.4
macro avg,0.6118279915470609,0.6131257554326861,0.6116447241932603,176.6
weighted avg,0.6198105034118384,0.6160118130457113,0.6170922242717245,176.6
