,precision,recall,f1-score,support
accuracy,0.6840265896278013,0.6840265896278013,0.6840265896278013,0.6840265896278013
case,0.7388144447002332,0.6856346633416459,0.7108851385217636,400.8
control,0.6239261700561961,0.6819543555126969,0.6512636246554082,305.6
macro avg,0.6813703073782147,0.6837945094271713,0.6810743815885859,706.4
weighted avg,0.6891178539380485,0.6840265896278013,0.6850870056572671,706.4
