,precision,recall,f1-score,support
accuracy,0.6721413946331906,0.6721413946331906,0.6721413946331906,0.6721413946331906
case,0.7566533931809649,0.6252693266832917,0.6827058338786152,400.8
control,0.6005585778994024,0.7336354869816779,0.6591024641645316,305.6
macro avg,0.6786059855401836,0.6794524068324849,0.6709041490215732,706.4
weighted avg,0.6891278560956917,0.6721413946331906,0.6724922088246391,706.4
