,precision,recall,f1-score,support
accuracy,0.4714932126696832,0.4714932126696832,0.4714932126696832,0.4714932126696832
case,0.5327952226280791,0.5296,0.5267197063414168,125.0
control,0.39006247174195974,0.3958333333333333,0.3883566423932074,96.0
macro avg,0.46142884718501936,0.46271666666666667,0.45753817436731214,221.0
weighted avg,0.4707936656820725,0.4714932126696832,0.4666162939476245,221.0
