,precision,recall,f1-score,support
accuracy,0.6656238104587472,0.6656238104587472,0.6656238104587472,0.6656238104587472
case,0.7202775334363947,0.6721471321695761,0.6950632290495219,400.8
control,0.6047249589490968,0.6570320368584592,0.6294251012656009,305.6
macro avg,0.6625012461927458,0.6645895845140177,0.6622441651575613,706.4
weighted avg,0.6702844361128264,0.6656238104587472,0.6666733104618603,706.4
