,precision,recall,f1-score,support
accuracy,0.5357466063348417,0.5357466063348417,0.5357466063348417,0.5357466063348417
case,0.5930887859774887,0.5744,0.5807342004273623,125.0
control,0.4683304751372635,0.4854166666666666,0.47312606516713596,96.0
macro avg,0.5307096305573761,0.5299083333333334,0.5269301327972491,221.0
weighted avg,0.5388951305898796,0.5357466063348417,0.5339903950654541,221.0
