,precision,recall,f1-score,support
accuracy,0.5266178736517719,0.5266178736517719,0.5266178736517719,0.5266178736517719
case,0.5878432102731856,0.5467920792079208,0.5645792033911982,100.2
control,0.4592598727091481,0.4999658236500341,0.47674300457817365,76.4
macro avg,0.5235515414911669,0.5233789514289775,0.5206611039846859,176.6
weighted avg,0.5322192714060151,0.5266178736517719,0.5266231411373145,176.6
