,precision,recall,f1-score,support
accuracy,0.5900359527478172,0.5900359527478172,0.5900359527478172,0.5900359527478172
case,0.6486021826136674,0.6166732673267327,0.6304297680864177,100.2
control,0.5230300862061836,0.5550580997949419,0.5363249351636862,76.4
macro avg,0.5858161344099255,0.5858656835608372,0.583377351625052,176.6
weighted avg,0.5942849008243603,0.5900359527478172,0.5897309407403493,176.6
