,precision,recall,f1-score,support
accuracy,0.5294117647058824,0.5294117647058824,0.5294117647058824,0.5294117647058824
case,0.5853484186404668,0.5791999999999999,0.5818945382388131,125.0
control,0.4581858859690868,0.4645833333333333,0.4609004069039308,96.0
macro avg,0.5217671523047769,0.5218916666666666,0.5213974725713719,221.0
weighted avg,0.5301103953986004,0.5294117647058824,0.5293360015503575,221.0
