,precision,recall,f1-score,support
accuracy,0.6078642951304438,0.6078642951304438,0.6078642951304438,0.6078642951304438
case,0.6644972151009478,0.6257344139650873,0.64335103973553,400.8
control,0.5447657802278713,0.5844101575056252,0.5624935409388423,305.6
macro avg,0.6046314976644096,0.6050722857353563,0.6029222903371861,706.4
weighted avg,0.6126987988448869,0.6078642951304438,0.6083741526725126,706.4
