,precision,recall,f1-score,support
accuracy,0.5737556561085972,0.5737556561085972,0.5737556561085972,0.5737556561085972
case,0.6233825465234634,0.6224000000000001,0.622537292400764,125.0
control,0.509847649726048,0.5104166666666666,0.5096752214457215,96.0
macro avg,0.5666150981247556,0.5664083333333333,0.5661062569232428,221.0
weighted avg,0.5740642203128213,0.5737556561085972,0.5735112344293428,221.0
