,precision,recall,f1-score,support
accuracy,0.666476072941167,0.666476072941167,0.666476072941167,0.666476072941167
case,0.7258642448038953,0.6730910224438903,0.6935801855432941,400.8
control,0.6098543113874106,0.6575999142826529,0.6277597709856477,305.6
macro avg,0.6678592780956529,0.6653454683632717,0.6606699782644709,706.4
weighted avg,0.6756486843720255,0.666476072941167,0.6651351894584365,706.4
