,precision,recall,f1-score,support
accuracy,0.5854648176682076,0.5854648176682076,0.5854648176682076,0.5854648176682076
case,0.6423579263494323,0.6067920792079209,0.6233262200198223,100.2
control,0.5208865225867133,0.5576213260423787,0.5377697366462748,76.4
macro avg,0.5816222244680729,0.5822067026251497,0.5805479783330486,176.6
weighted avg,0.5898350860822651,0.5854648176682076,0.586299425588958,176.6
