,precision,recall,f1-score,support
accuracy,0.546606334841629,0.546606334841629,0.546606334841629,0.546606334841629
case,0.6105727810443167,0.5599999999999999,0.5760318448481234,125.0
control,0.48250765168417875,0.5291666666666666,0.4972472116961274,96.0
macro avg,0.5465402163642478,0.5445833333333333,0.5366395282721255,221.0
weighted avg,0.5549426796028089,0.546606334841629,0.5418086557866229,221.0
