,precision,recall,f1-score,support
accuracy,0.5457013574660634,0.5457013574660634,0.5457013574660634,0.5457013574660634
case,0.6073928869336408,0.5551999999999999,0.5796446971497061,125.0
control,0.48011545701046304,0.5333333333333334,0.5048394993966239,96.0
macro avg,0.5437541719720519,0.5442666666666667,0.5422420982731649,221.0
weighted avg,0.5521049535733463,0.5457013574660634,0.5471501316099057,221.0
