,precision,recall,f1-score,support
accuracy,0.49709809964047247,0.49709809964047247,0.49709809964047247,0.49709809964047247
case,0.5578575144336139,0.5307128712871287,0.5430053314228364,100.2
control,0.42678187652377425,0.45280246069719754,0.4383007966916012,76.4
macro avg,0.4923196954786941,0.4917576659921631,0.4906530640572188,176.6
weighted avg,0.5011527358469198,0.49709809964047247,0.4977542148350696,176.6
