,precision,recall,f1-score,support
accuracy,0.5684899845916795,0.5684899845916795,0.5684899845916795,0.5684899845916795
case,0.6406726959517657,0.5571089108910892,0.591702906940608,100.2
control,0.5025278586148152,0.5841421736158579,0.5363666100272162,76.4
macro avg,0.5716002772832904,0.5706255422534735,0.5640347584839122,176.6
weighted avg,0.5809650900813577,0.5684899845916795,0.5676337362388629,176.6
