,precision,recall,f1-score,support
accuracy,0.5404822675711521,0.5404822675711521,0.5404822675711521,0.5404822675711521
case,0.6041035175770986,0.5519039900249376,0.5767003225940902,400.8
control,0.47207144178475746,0.525518054216222,0.49723631547114844,305.6
macro avg,0.5380874796809281,0.5387110221205799,0.5369683190326193,706.4
weighted avg,0.5469852512157294,0.5404822675711521,0.5423200340718548,706.4
