,precision,recall,f1-score,support
accuracy,0.500520030816641,0.500520030816641,0.500520030816641,0.500520030816641
case,0.559378515238754,0.5485940594059405,0.5524428515254203,100.2
control,0.42831802082420667,0.43697881066302113,0.43047499999892713,76.4
macro avg,0.4938482680314804,0.4927864350344809,0.49145892576217365,176.6
weighted avg,0.5026666390724994,0.500520030816641,0.4997789109090137,176.6
