,precision,recall,f1-score,support
accuracy,0.6189124537706705,0.6189124537706705,0.6189124537706705,0.6189124537706705
case,0.6689606699266374,0.6516683291770573,0.6595374295682432,400.8
control,0.5581393480044039,0.5759155684131576,0.5660851749095456,305.6
macro avg,0.6135500089655206,0.6137919487951076,0.6128113022388944,706.4
weighted avg,0.6210145330606534,0.6189124537706705,0.6191148598432858,706.4
