,precision,recall,f1-score,support
accuracy,0.6602505900124613,0.6602505900124613,0.6602505900124613,0.6602505900124613
case,0.7109455476117362,0.6786508728179551,0.6932430278949051,400.8
control,0.6028220715065709,0.6361084324440158,0.6174777621847193,305.6
macro avg,0.6568838095591534,0.6573796526309855,0.6553603950398121,706.4
weighted avg,0.6641695127820537,0.6602505900124613,0.6604679935206426,706.4
