,precision,recall,f1-score,support
accuracy,0.5457013574660634,0.5457013574660634,0.5457013574660634,0.5457013574660634
case,0.6057521268418561,0.5696,0.5862736491066746,125.0
control,0.47762569093997803,0.5145833333333333,0.4944544558255899,96.0
macro avg,0.5416889088909171,0.5420916666666666,0.5403640524661322,221.0
weighted avg,0.5500953945043887,0.5457013574660634,0.5463883886768821,221.0
