,precision,recall,f1-score,support
accuracy,0.6183442787823906,0.6183442787823906,0.6183442787823906,0.6183442787823906
case,0.6764181770882929,0.6292543640897755,0.6515253366178628,400.8
control,0.5540033018462699,0.6040608593164041,0.5774506027914558,305.6
macro avg,0.6152107394672814,0.6166576117030899,0.6144879697046592,706.4
weighted avg,0.6234616932924323,0.6183442787823906,0.6194750409683838,706.4
