,precision,recall,f1-score,support
accuracy,0.5782805429864253,0.5782805429864253,0.5782805429864253,0.5782805429864253
case,0.6187790371451015,0.664,0.6405162297666861,125.0
control,0.5155253947195055,0.4666666666666667,0.4897393637763547,96.0
macro avg,0.5671522159323035,0.5653333333333334,0.5651277967715205,221.0
weighted avg,0.5739267761819468,0.5782805429864253,0.5750203965763159,221.0
