,precision,recall,f1-score,support
accuracy,0.5447963800904978,0.5447963800904978,0.5447963800904978,0.5447963800904978
case,0.5926077621547587,0.6256,0.6081284109455793,125.0
control,0.47411534687469337,0.4395833333333333,0.4553519099947671,96.0
macro avg,0.5333615545147261,0.5325916666666667,0.5317401604701733,221.0
weighted avg,0.5411359437525585,0.5447963800904978,0.541763958043869,221.0
