,precision,recall,f1-score,support
accuracy,0.5673664612223934,0.5673664612223934,0.5673664612223934,0.5673664612223934
case,0.6210950795412504,0.6126138613861386,0.6161615547744033,100.2
control,0.49969101526309945,0.5079972658920028,0.5029907235621521,76.4
macro avg,0.560393047402175,0.5603055636390707,0.5595761391682778,176.6
weighted avg,0.5685645088593828,0.5673664612223934,0.5672033768772138,176.6
