,precision,recall,f1-score,support
accuracy,0.6758177031786545,0.6758177031786545,0.6758177031786545,0.6758177031786545
case,0.7349592495058943,0.6756009975062345,0.701827532994338,400.8
control,0.6154985142484631,0.6760162862959391,0.642290017265963,305.6
macro avg,0.6752288818771788,0.6758086419010867,0.6720587751301506,706.4
weighted avg,0.6832662450022047,0.6758177031786545,0.6760831465089593,706.4
