,precision,recall,f1-score,support
accuracy,0.5600221980919258,0.5600221980919258,0.5600221980919258,0.5600221980919258
case,0.6274303586677314,0.5528840399002494,0.5876926388486536,400.8
control,0.4927104862485371,0.5693881924354441,0.5281780399017462,305.6
macro avg,0.5600704224581342,0.5611361161678468,0.5579353393752,706.4
weighted avg,0.5691491944372655,0.5600221980919258,0.5619451925423918,706.4
