,precision,recall,f1-score,support
accuracy,0.5300269645608628,0.5300269645608628,0.5300269645608628,0.5300269645608628
case,0.6009029308616122,0.510950495049505,0.5516685721201549,100.2
control,0.46411401946685943,0.5549213943950786,0.504986750141184,76.4
macro avg,0.5325084751642357,0.5329359447222918,0.5283276611306694,176.6
weighted avg,0.5417338190269952,0.5300269645608628,0.5315042748886009,176.6
