,precision,recall,f1-score,support
accuracy,0.6783696823749554,0.6783696823749554,0.6783696823749554,0.6783696823749554
case,0.7401307123326355,0.6676620947630922,0.701952978573502,400.8
control,0.6137672658991903,0.6924054430515375,0.6506379404945795,305.6
macro avg,0.6769489891159128,0.6800337689073148,0.6762954595340407,706.4
weighted avg,0.6854631566587744,0.6783696823749554,0.6797545134031775,706.4
