,precision,recall,f1-score,support
accuracy,0.5991268618387263,0.5991268618387263,0.5991268618387263,0.5991268618387263
case,0.6714601102558768,0.583049504950495,0.6211199118013682,100.2
control,0.5323499350856161,0.6206425153793574,0.5709461402185351,76.4
macro avg,0.6019050226707465,0.6018460101649262,0.5960330260099516,176.6
weighted avg,0.6113312674619398,0.5991268618387263,0.5993444555148446,176.6
