,precision,recall,f1-score,support
accuracy,0.5429864253393666,0.5429864253393666,0.5429864253393666,0.5429864253393666
case,0.5881597622681592,0.6448,0.6147486237257229,125.0
control,0.4684577031710301,0.4104166666666667,0.43670301964030295,96.0
macro avg,0.5283087327195947,0.5276083333333333,0.525725821683013,221.0
weighted avg,0.5361624877282299,0.5429864253393666,0.5374075468379387,221.0
