,precision,recall,f1-score,support
accuracy,0.5746606334841629,0.5746606334841629,0.5746606334841629,0.5746606334841629
case,0.618610556725553,0.6464000000000001,0.6320600746203626,125.0
control,0.5114440085526409,0.48125,0.4956629178800035,96.0
macro avg,0.565027282639097,0.563825,0.563861496250183,221.0
weighted avg,0.5720585719988582,0.5746606334841629,0.5728106309684419,221.0
