,precision,recall,f1-score,support
accuracy,0.6795012241005566,0.6795012241005566,0.6795012241005566,0.6795012241005566
case,0.7450740571079554,0.6616758104738155,0.7008322464873519,400.8
control,0.6130301176507791,0.7028822457944927,0.6548178122289932,305.6
macro avg,0.6790520873793673,0.6822790281341541,0.6778250293581726,706.4
weighted avg,0.6879508030184678,0.6795012241005566,0.6809256384143024,706.4
