,precision,recall,f1-score,support
accuracy,0.6401432858785676,0.6401432858785676,0.6401432858785676,0.6401432858785676
case,0.6808237405731625,0.6891321695760599,0.6847508940041337,400.8
control,0.585730083088954,0.575898424943748,0.5804561422076304,305.6
macro avg,0.6332769118310584,0.6325152972599039,0.632603518105882,706.4
weighted avg,0.6396886193201349,0.6401432858785676,0.6396321721952496,706.4
