,precision,recall,f1-score,support
accuracy,0.5775680534155111,0.5775680534155111,0.5775680534155111,0.5775680534155111
case,0.6392533610046286,0.5867326732673267,0.6103968528453795,100.2
control,0.5116660516888827,0.5653793574846206,0.5357559972847631,76.4
macro avg,0.5754597063467557,0.5760560153759737,0.5730764250650713,176.6
weighted avg,0.5840598248541862,0.5775680534155111,0.5781438274338255,176.6
