,precision,recall,f1-score,support
accuracy,0.65346687211094,0.65346687211094,0.65346687211094,0.65346687211094
case,0.7109628242781546,0.6627524752475248,0.683862160044716,100.2
control,0.5932963617783125,0.641660970608339,0.6136959658573538,76.4
macro avg,0.6521295930282335,0.6522067229279319,0.6487790629510349,176.6
weighted avg,0.6601170232080283,0.65346687211094,0.6534554406815519,176.6
