,precision,recall,f1-score,support
accuracy,0.5384615384615384,0.5384615384615384,0.5384615384615384,0.5384615384615384
case,0.5919609166610184,0.6048,0.5951143388442748,125.0
control,0.46610607170607166,0.4520833333333334,0.4550219309651358,96.0
macro avg,0.5290334941835451,0.5284416666666667,0.5250681349047053,221.0
weighted avg,0.537290938762037,0.5384615384615384,0.5342597182270923,221.0
