,precision,recall,f1-score,support
accuracy,0.551131221719457,0.551131221719457,0.551131221719457,0.551131221719457
case,0.6118166228498991,0.5631999999999999,0.586301186242977,125.0
control,0.4854920408823129,0.5354166666666667,0.5090301577452017,96.0
macro avg,0.548654331866106,0.5493083333333334,0.5476656719940893,221.0
weighted avg,0.5569425962938437,0.551131221719457,0.5527354906059343,221.0
