,precision,recall,f1-score,support
accuracy,0.6432652799178223,0.6432652799178223,0.6432652799178223,0.6432652799178223
case,0.7082046154388912,0.6327722772277228,0.6674866741585179,100.2
control,0.5780833558413269,0.6572112098427888,0.6142222956014998,76.4
macro avg,0.643143985640109,0.6449917435352558,0.6408544848800088,176.6
weighted avg,0.6519485830192051,0.6432652799178223,0.6444224638793697,176.6
