,precision,recall,f1-score,support
accuracy,0.6613721145485654,0.6613721145485654,0.6613721145485654,0.6613721145485654
case,0.7190961028180048,0.6626645885286784,0.6896096899070724,400.8
control,0.5982414304407173,0.6596871316832744,0.6273361089821863,305.6
macro avg,0.6586687666293611,0.6611758601059764,0.6584728994446294,706.4
weighted avg,0.666813973966438,0.6613721145485654,0.6626677502211065,706.4
