,precision,recall,f1-score,support
accuracy,0.5167420814479639,0.5167420814479639,0.5167420814479639,0.5167420814479639
case,0.5708024847676441,0.584,0.5768649855490262,125.0
control,0.44292771306363543,0.4291666666666667,0.4352860739107648,96.0
macro avg,0.5068650989156398,0.5065833333333334,0.5060755297298954,221.0
weighted avg,0.5152550726247263,0.5167420814479639,0.515364643841908,221.0
