,precision,recall,f1-score,support
accuracy,0.6693017217545307,0.6693017217545307,0.6693017217545307,0.6693017217545307
case,0.7256810960615481,0.6750960099750623,0.6959295163537316,400.8
control,0.6138323825755234,0.6616564877317047,0.6330162827152479,305.6
macro avg,0.6697567393185357,0.6683762488533835,0.6644728995344897,706.4
weighted avg,0.6772873604063245,0.6693017217545307,0.6687191676124021,706.4
