,precision,recall,f1-score,support
accuracy,0.6070176422741425,0.6070176422741425,0.6070176422741425,0.6070176422741425
case,0.6839283960323119,0.5768665835411472,0.6237269507992595,400.8
control,0.5387821148986349,0.6466923818707812,0.5861738332104335,305.6
macro avg,0.6113552554654734,0.6117794827059642,0.6049503920048465,706.4
weighted avg,0.6211490364874981,0.6070176422741425,0.6074589250624035,706.4
