,precision,recall,f1-score,support
accuracy,0.6002439650744735,0.6002439650744735,0.6002439650744735,0.6002439650744735
case,0.6515402546025519,0.6509702970297029,0.6465890772432829,100.2
control,0.5389865036923861,0.5340738209159261,0.5306618247005315,76.4
macro avg,0.595263379147469,0.5925220589728145,0.5886254509719071,176.6
weighted avg,0.6028817095258605,0.6002439650744735,0.5963759012610171,176.6
