,precision,recall,f1-score,support
accuracy,0.5526623686245598,0.5526623686245598,0.5526623686245598,0.5526623686245598
case,0.6358413300463128,0.4960087281795511,0.5571253216608695,400.8
control,0.4867039349946582,0.6269859637844208,0.5479062177903372,305.6
macro avg,0.5612726325204855,0.561497345981986,0.5525157697256033,706.4
weighted avg,0.5713238548582943,0.5526623686245598,0.5531331731647827,706.4
