,precision,recall,f1-score,support
accuracy,0.5164162814586544,0.5164162814586544,0.5164162814586544,0.5164162814586544
case,0.5950160239369742,0.47102970297029706,0.5237978013370941,100.2
control,0.45187850657121337,0.5755980861244019,0.5049556180292928,76.4
macro avg,0.5234472652540939,0.5233138945473494,0.5143767096831935,176.6
weighted avg,0.5330977391811285,0.5164162814586544,0.5157251597519183,176.6
