,precision,recall,f1-score,support
accuracy,0.5203619909502263,0.5203619909502263,0.5203619909502263,0.5203619909502263
case,0.5809656425891182,0.5504,0.5634592908450721,125.0
control,0.450329756385598,0.48125,0.46332475068479484,96.0
macro avg,0.5156476994873581,0.515825,0.5133920207649334,221.0
weighted avg,0.5242188322925665,0.5203619909502263,0.5199619340333679,221.0
