,precision,recall,f1-score,support
accuracy,0.6755320129341951,0.6755320129341951,0.6755320129341951,0.6755320129341951
case,0.7256334725777367,0.6881084788029925,0.7063341306590847,400.8
control,0.6173300000272183,0.6590356798457088,0.6374545296390494,305.6
macro avg,0.6714817363024774,0.6735720793243506,0.671894330149067,706.4
weighted avg,0.6787791641116377,0.6755320129341951,0.6765359084020756,706.4
