,precision,recall,f1-score,support
accuracy,0.6092899332306112,0.6092899332306112,0.6092899332306112,0.6092899332306112
case,0.6576465527423878,0.6506732673267327,0.6538261456081169,100.2
control,0.5478451371624062,0.5549897470950103,0.5509396902168116,76.4
macro avg,0.602745844952397,0.6028315072108714,0.6023829179124643,176.6
weighted avg,0.6101406715011197,0.6092899332306112,0.6093193200528596,176.6
