,precision,recall,f1-score,support
accuracy,0.5248868778280543,0.5248868778280543,0.5248868778280543,0.5248868778280543
case,0.576828571521671,0.6048,0.590158643300297,125.0
control,0.44889575652973024,0.4208333333333334,0.4338964663459265,96.0
macro avg,0.5128621640257006,0.5128166666666667,0.5120275548231117,221.0
weighted avg,0.5212559460048098,0.5248868778280543,0.5222800505961361,221.0
