,precision,recall,f1-score,support
accuracy,0.5378916281458654,0.5378916281458654,0.5378916281458654,0.5378916281458654
case,0.6097680207023768,0.5046336633663366,0.5484328796990767,100.2
control,0.4754105405118783,0.5808612440191387,0.5201196040775408,76.4
macro avg,0.5425892806071275,0.5427474536927377,0.5342762418883087,176.6
weighted avg,0.551627126207618,0.5378916281458654,0.5363187818164789,176.6
