,precision,recall,f1-score,support
accuracy,0.5152670775552132,0.5152670775552132,0.5152670775552132,0.5152670775552132
case,0.5795409133673548,0.5307326732673268,0.5519275493498208,100.2
control,0.44563367427871,0.4943950786056049,0.4665216240408189,76.4
macro avg,0.5125872938230324,0.5125638759364658,0.5092245866953199,176.6
weighted avg,0.5216125536932188,0.5152670775552132,0.5151081108438361,176.6
