,precision,recall,f1-score,support
accuracy,0.5968156137647663,0.5968156137647663,0.5968156137647663,0.5968156137647663
case,0.6553271755929563,0.6107326732673267,0.6319163085386086,100.2
control,0.5313687833842873,0.5783663704716336,0.5535363455139939,76.4
macro avg,0.5933479794886218,0.5945495218694802,0.5927263270263012,176.6
weighted avg,0.6016947879685866,0.5968156137647663,0.5980471638986382,176.6
