,precision,recall,f1-score,support
accuracy,0.6104210825777032,0.6104210825777032,0.6104210825777032,0.6104210825777032
case,0.6756231522268235,0.6038104738154614,0.6373591979945952,400.8
control,0.5437847045657079,0.6191406835958427,0.5786812157664271,305.6
macro avg,0.6097039283962656,0.6114755787056521,0.6080202068805111,706.4
weighted avg,0.618592767056804,0.6104210825777032,0.6119660287895238,706.4
