,precision,recall,f1-score,support
accuracy,0.5375565610859729,0.5375565610859729,0.5375565610859729,0.5375565610859729
case,0.6100067445692003,0.5056,0.552213082588288,125.0
control,0.47391620435661486,0.5791666666666666,0.5207674111202144,96.0
macro avg,0.5419614744629077,0.5423833333333332,0.5364902468542512,221.0
weighted avg,0.5508904918071723,0.5375565610859729,0.5385534243940118,221.0
