,precision,recall,f1-score,support
accuracy,0.5194570135746607,0.5194570135746607,0.5194570135746607,0.5194570135746607
case,0.5768393229768297,0.5696,0.572745141466839,125.0
control,0.4465722924947587,0.4541666666666666,0.44978482851074847,96.0
macro avg,0.5117058077357942,0.5118833333333332,0.5112649849887937,221.0
weighted avg,0.5202527396000025,0.5194570135746607,0.519332516834329,221.0
