,precision,recall,f1-score,support
accuracy,0.5276018099547511,0.5276018099547511,0.5276018099547511,0.5276018099547511
case,0.5813380027311572,0.584,0.5796663673728378,125.0
control,0.45868316109624063,0.4541666666666667,0.45263666347161546,96.0
macro avg,0.5200105819136989,0.5190833333333333,0.5161515154222267,221.0
weighted avg,0.5280580715232297,0.5276018099547511,0.5244860435062435,221.0
