,precision,recall,f1-score,support
accuracy,0.6075826117617832,0.6075826117617832,0.6075826117617832,0.6075826117617832
case,0.684718121546189,0.5763690773067331,0.6238600557261357,400.8
control,0.5393020817353941,0.6486317368477446,0.5872665504330774,305.6
macro avg,0.6120101016407916,0.6125004070772389,0.6055633030796066,706.4
weighted avg,0.6218198551837938,0.6075826117617832,0.6080102775938092,706.4
