,precision,recall,f1-score,support
accuracy,0.5220980996404725,0.5220980996404725,0.5220980996404725,0.5220980996404725
case,0.5881714820759765,0.5309108910891089,0.5576862891148606,100.2
control,0.4527955366294261,0.5107313738892686,0.4796437338563285,76.4
macro avg,0.5204835093527013,0.5208211324891888,0.5186650114855945,176.6
weighted avg,0.5296192452697298,0.5220980996404725,0.5238895454235788,176.6
