,precision,recall,f1-score,support
accuracy,0.6392950302719467,0.6392950302719467,0.6392950302719467,0.6392950302719467
case,0.6961939448839735,0.646719451371571,0.67026198990014,400.8
control,0.57641907171254,0.6295960570020358,0.6015168165762272,305.6
macro avg,0.6363065082982567,0.6381577541868035,0.6358894032381837,706.4
weighted avg,0.6443825948074137,0.6392950302719467,0.6405161144211517,706.4
