,precision,recall,f1-score,support
accuracy,0.6840305965036002,0.6840305965036002,0.6840305965036002,0.6840305965036002
case,0.7493574517221335,0.6661608478802993,0.7051664317857369,400.8
control,0.617823786430726,0.7074402657237758,0.6594579515490816,305.6
macro avg,0.6835906190764297,0.6868005568020376,0.6823121916674093,706.4
weighted avg,0.6924502774191563,0.6840305965036002,0.6853961633843879,706.4
