,precision,recall,f1-score,support
accuracy,0.4588235294117647,0.4588235294117647,0.4588235294117647,0.4588235294117647
case,0.5240377753668405,0.4816,0.5015027385043334,125.0
control,0.38789370115472865,0.4291666666666667,0.4071003856336488,96.0
macro avg,0.45596573826078457,0.45538333333333336,0.4543015620689911,221.0
weighted avg,0.4648982680167828,0.4588235294117647,0.4604953816012305,221.0
