,precision,recall,f1-score,support
accuracy,0.5321266968325792,0.5321266968325792,0.5321266968325792,0.5321266968325792
case,0.5979749512036434,0.528,0.5606404170614476,125.0
control,0.4664805212072863,0.5375,0.49932494503554353,96.0
macro avg,0.5322277362054648,0.5327500000000001,0.5299826810484956,221.0
weighted avg,0.5408551988070358,0.5321266968325792,0.5340056418827743,221.0
