,precision,recall,f1-score,support
accuracy,0.6160567539804828,0.6160567539804828,0.6160567539804828,0.6160567539804828
case,0.6759043528992834,0.6227524752475248,0.6480937107139919,100.2
control,0.5504910543619543,0.607177033492823,0.5772930181871638,76.4
macro avg,0.6131977036306189,0.6149647543701738,0.6126933644505779,176.6
weighted avg,0.6216536107647721,0.6160567539804828,0.6174878374261538,176.6
