,precision,recall,f1-score,support
accuracy,0.6398882896764253,0.6398882896764253,0.6398882896764253,0.6398882896764253
case,0.6953408371886973,0.6507722772277228,0.6719091794710607,100.2
control,0.578072160176293,0.6258031442241968,0.6004786589683772,76.4
macro avg,0.6367064986824952,0.6382877107259598,0.6361939192197189,176.6
weighted avg,0.6446423828379271,0.6398882896764253,0.6409835095593782,176.6
