,precision,recall,f1-score,support
accuracy,0.5741974833076527,0.5741974833076527,0.5741974833076527,0.5741974833076527
case,0.6326286767025452,0.5968712871287128,0.6137733700558424,100.2
control,0.507456872237574,0.5446343130553657,0.5248881265798753,76.4
macro avg,0.5700427744700596,0.5707528000920392,0.5693307483178589,176.6
weighted avg,0.578493364504488,0.5741974833076527,0.5752909239177523,176.6
