,precision,recall,f1-score,support
accuracy,0.4714932126696832,0.4714932126696832,0.4714932126696832,0.4714932126696832
case,0.534484861543685,0.4976,0.5150715308558574,125.0
control,0.4014518125552608,0.4375,0.41840950902945506,96.0
macro avg,0.4679683370494729,0.46754999999999997,0.4667405199426563,221.0
weighted avg,0.47669674976590803,0.4714932126696832,0.4730825982977822,221.0
