,precision,recall,f1-score,support
accuracy,0.4778280542986425,0.4778280542986425,0.4778280542986425,0.4778280542986425
case,0.5393756001574184,0.528,0.5335680571558135,125.0
control,0.40133876150772974,0.4125,0.4067727285588273,96.0
macro avg,0.470357180832574,0.47024999999999995,0.4701703928573203,221.0
weighted avg,0.4794138964905853,0.4778280542986425,0.4784895433761271,221.0
