,precision,recall,f1-score,support
accuracy,0.5402285567539804,0.5402285567539804,0.5402285567539804,0.5402285567539804
case,0.61723395518232,0.504950495049505,0.552716593856182,100.2
control,0.47443030708267775,0.5860902255639098,0.522512499083865,76.4
macro avg,0.5458321311324988,0.5455203603067074,0.5376145464700235,176.6
weighted avg,0.5554495163761024,0.5402285567539804,0.5397374441373706,176.6
