,precision,recall,f1-score,support
accuracy,0.5461471885755957,0.5461471885755957,0.5461471885755957,0.5461471885755957
case,0.6129551337407569,0.5429114713216958,0.5757536540748456,400.8
control,0.47868951522036324,0.550391085395907,0.5119917184759614,305.6
macro avg,0.5458223244805601,0.5466512783588013,0.5438726862754035,706.4
weighted avg,0.5548700748104074,0.5461471885755957,0.5481693844399731,706.4
