,precision,recall,f1-score,support
accuracy,0.4968325791855204,0.4968325791855204,0.4968325791855204,0.4968325791855204
case,0.5563855380822496,0.5391999999999999,0.5471866633782153,125.0
control,0.4247295833326047,0.4416666666666667,0.4325224517147223,96.0
macro avg,0.49055756070742706,0.4904333333333333,0.4898545575464688,221.0
weighted avg,0.49919562108692866,0.4968325791855204,0.49737777505380204,221.0
