,precision,recall,f1-score,support
accuracy,0.6744020739589135,0.6744020739589135,0.6744020739589135,0.6744020739589135
case,0.7398732959313898,0.6581895261845386,0.6959517815091064,400.8
control,0.6090919111687065,0.6957205614486232,0.648830945959778,305.6
macro avg,0.6744826035500482,0.676955043816581,0.6723913637344422,706.4
weighted avg,0.6833042054619562,0.6744020739589135,0.6755591651847667,706.4
