,precision,recall,f1-score,support
accuracy,0.6455893682588598,0.6455893682588598,0.6455893682588598,0.6455893682588598
case,0.7044811150646948,0.6468118811881188,0.6738627327981602,100.2
control,0.5827324043514006,0.6442241968557758,0.6113510384980161,76.4
macro avg,0.6436067597080477,0.6455180390219473,0.6426068856480882,176.6
weighted avg,0.6518420449300204,0.6455893682588598,0.6467838520724278,176.6
