,precision,recall,f1-score,support
accuracy,0.6772361372114549,0.6772361372114549,0.6772361372114549,0.6772361372114549
case,0.7353373807927253,0.6736496259351621,0.7031291791300172,400.8
control,0.6143641183353751,0.6819329261759348,0.6463728820365839,305.6
macro avg,0.6748507495640502,0.6777912760555485,0.6747510305833005,706.4
weighted avg,0.6830018295202203,0.6772361372114549,0.678576703707985,706.4
