,precision,recall,f1-score,support
accuracy,0.5176470588235295,0.5176470588235295,0.5176470588235295,0.5176470588235295
case,0.5870226363612658,0.504,0.5385727577853388,125.0
control,0.4524356939897779,0.5354166666666667,0.48716840907042835,96.0
macro avg,0.5197291651755218,0.5197083333333333,0.5128705834278835,221.0
weighted avg,0.5285595301727463,0.5176470588235295,0.5162432669408528,221.0
