,precision,recall,f1-score,support
accuracy,0.5158371040723981,0.5158371040723981,0.5158371040723981,0.5158371040723981
case,0.5780443598048205,0.5296000000000001,0.552510630537238,125.0
control,0.44909358939301514,0.4979166666666667,0.4720055676909213,96.0
macro avg,0.5135689745989179,0.5137583333333333,0.5122580991140797,221.0
weighted avg,0.5220295455082897,0.5158371040723981,0.517540105499924,221.0
