,precision,recall,f1-score,support
accuracy,0.5203619909502262,0.5203619909502262,0.5203619909502262,0.5203619909502262
case,0.5843500918417,0.5264,0.553824979931036,125.0
control,0.4539181681383516,0.5125,0.4813965039895035,96.0
macro avg,0.5191341299900258,0.51945,0.5176107419602698,221.0
weighted avg,0.5276918806402455,0.5203619909502262,0.5223628365356191,221.0
