,precision,recall,f1-score,support
accuracy,0.5583240841283643,0.5583240841283643,0.5583240841283643,0.5583240841283643
case,0.6256300797179613,0.5518877805486284,0.5863635827840693,400.8
control,0.49092688245983096,0.5667459552126861,0.5260438526275173,305.6
macro avg,0.5582784810888961,0.5593168678806573,0.5562037177057932,706.4
weighted avg,0.5673549702259433,0.5583240841283643,0.5602723237019893,706.4
