,precision,recall,f1-score,support
accuracy,0.6286209553158706,0.6286209553158706,0.6286209553158706,0.6286209553158706
case,0.6867568957226717,0.6327524752475246,0.6567389195839395,100.2
control,0.5676742336461356,0.623069036226931,0.5920615288223041,76.4
macro avg,0.6272155646844036,0.6279107557372278,0.6244002242031218,176.6
weighted avg,0.6352398905266389,0.6286209553158706,0.6287878791800839,176.6
