,precision,recall,f1-score,support
accuracy,0.5484162895927602,0.5484162895927602,0.5484162895927602,0.5484162895927602
case,0.6091350543034232,0.5664,0.586662697527753,125.0
control,0.4810471486347775,0.525,0.5017119576163942,96.0
macro avg,0.5450911014691003,0.5457,0.5441873275720737,221.0
weighted avg,0.5534950590808441,0.5484162895927602,0.5497610186522307,221.0
