,precision,recall,f1-score,support
accuracy,0.6614406779661017,0.6614406779661017,0.6614406779661017,0.6614406779661017
case,0.720738193952877,0.6566336633663366,0.6867768717841042,100.2
control,0.5990107137011998,0.6676691729323309,0.63101725888266,76.4
macro avg,0.6598744538270384,0.6621514181493338,0.6588970653333821,176.6
weighted avg,0.6680677314383158,0.6614406779661017,0.6626661966071252,176.6
