,precision,recall,f1-score,support
accuracy,0.6546032357473035,0.6546032357473035,0.6546032357473035,0.6546032357473035
case,0.7131524758727952,0.6546138613861385,0.6824342101415803,100.2
control,0.5912970979506669,0.6546821599453179,0.6211605415722564,76.4
macro avg,0.652224786911731,0.6546480106657282,0.6517973758569184,176.6
weighted avg,0.6604481652972005,0.6546032357473035,0.6559126107879288,176.6
