,precision,recall,f1-score,support
accuracy,0.5366515837104072,0.5366515837104072,0.5366515837104072,0.5366515837104072
case,0.5840801734018366,0.624,0.603194526785203,125.0
control,0.46501780202009374,0.4229166666666667,0.4426563000332463,96.0
macro avg,0.5245489877109651,0.5234583333333334,0.5229254134092247,221.0
weighted avg,0.5323607722586361,0.5366515837104072,0.5334584644857105,221.0
