,precision,recall,f1-score,support
accuracy,0.5549563430919363,0.5549563430919363,0.5549563430919363,0.5549563430919363
case,0.6142310971735176,0.5751089108910892,0.5918420237776117,100.2
control,0.4905982177768582,0.528879015721121,0.5067892452342826,76.4
macro avg,0.5524146574751879,0.5519939633061051,0.5493156345059471,176.6
weighted avg,0.5607757261363777,0.5549563430919363,0.5549857525370584,176.6
