,precision,recall,f1-score,support
accuracy,0.5366515837104073,0.5366515837104073,0.5366515837104073,0.5366515837104073
case,0.5974192740853295,0.5584,0.5753314541778582,125.0
control,0.46950985606293977,0.5083333333333334,0.4861709199604688,96.0
macro avg,0.5334645650741346,0.5333666666666667,0.5307511870691635,221.0
weighted avg,0.5418568119579565,0.5366515837104073,0.5366010863730194,221.0
