,precision,recall,f1-score,support
accuracy,0.6090042512952226,0.6090042512952226,0.6090042512952226,0.6090042512952226
case,0.6672331145542781,0.6217331670822943,0.6418308782987601,400.8
control,0.5463709008262391,0.5922275795564127,0.5664984689337069,305.6
macro avg,0.6068020076902586,0.6069803733193535,0.6041646736162335,706.4
weighted avg,0.6149387113661359,0.6090042512952226,0.6092549017153882,706.4
