,precision,recall,f1-score,support
accuracy,0.6305163660842006,0.6305163660842006,0.6305163660842006,0.6305163660842006
case,0.691928810859962,0.6297431421446384,0.6588195678896833,400.8
control,0.5658043475981237,0.6315568413157613,0.5963235620890599,305.6
macro avg,0.6288665792290429,0.6306499917301999,0.6275715649893716,706.4
weighted avg,0.6373693616497237,0.6305163660842006,0.6317791222227142,706.4
