,precision,recall,f1-score,support
accuracy,0.5163328197226502,0.5163328197226502,0.5163328197226502,0.5163328197226502
case,0.5800850611376926,0.5309306930693068,0.5542719954443481,100.2
control,0.4478504804731651,0.4973000683526999,0.47112627870243406,76.4
macro avg,0.513967770805429,0.5141153807110033,0.5126991370733911,176.6
weighted avg,0.5228935383308355,0.5163328197226502,0.5182853149850847,176.6
