,precision,recall,f1-score,support
accuracy,0.6851677478553198,0.6851677478553198,0.6851677478553198,0.6851677478553198
case,0.7494917902785909,0.6691758104738155,0.7068045201967947,400.8
control,0.6196287117408745,0.7061502196507018,0.6598142327096134,305.6
macro avg,0.6845602510097327,0.6876630150622587,0.683309376453204,706.4
weighted avg,0.693313497325229,0.6851677478553198,0.6864751709736804,706.4
