,precision,recall,f1-score,support
accuracy,0.6882802889758827,0.6882802889758827,0.6882802889758827,0.6882802889758827
case,0.7464240041740158,0.6826346633416459,0.7130666466190722,400.8
control,0.6256394772109435,0.6956948462445087,0.6587679072885655,305.6
macro avg,0.6860317406924796,0.6891647547930774,0.6859172769538188,706.4
weighted avg,0.6941722130231444,0.6882802889758827,0.6895747286747337,706.4
