,precision,recall,f1-score,support
accuracy,0.5167420814479639,0.5167420814479639,0.5167420814479639,0.5167420814479639
case,0.5808904391704853,0.5264,0.5513340040025521,125.0
control,0.44938260081998227,0.5041666666666667,0.4743648427872573,96.0
macro avg,0.5151365199952338,0.5152833333333333,0.5128494233949047,221.0
weighted avg,0.5237648623304478,0.5167420814479639,0.5178994362348222,221.0
