,precision,recall,f1-score,support
accuracy,0.5571584488957371,0.5571584488957371,0.5571584488957371,0.5571584488957371
case,0.6218305512585351,0.558950495049505,0.5882160433767468,100.2
control,0.49053041549997534,0.5548872180451128,0.5202218214920755,76.4
macro avg,0.5561804833792553,0.5569188565473089,0.5542189324344112,176.6
weighted avg,0.5650446461556917,0.5571584488957371,0.5587920603711212,176.6
