,precision,recall,f1-score,support
accuracy,0.7083843876091372,0.7083843876091372,0.7083843876091372,0.7083843876091372
case,0.7681581138751468,0.6961084788029925,0.7303063595104337,400.8
control,0.6452604066007555,0.7244680167148826,0.6825180532146272,305.6
macro avg,0.706709260237951,0.7102882477589375,0.7064122063625304,706.4
weighted avg,0.714988016309562,0.7083843876091372,0.7096345996233362,706.4
