,precision,recall,f1-score,support
accuracy,0.49411764705882355,0.49411764705882355,0.49411764705882355,0.49411764705882355
case,0.5532250888564711,0.5359999999999999,0.5428741929651999,125.0
control,0.42393491467875827,0.4395833333333333,0.42930892369713963,96.0
macro avg,0.4885800017676146,0.48779166666666657,0.4860915583311697,221.0
weighted avg,0.4970628412498629,0.49411764705882355,0.49354267328314644,221.0
