,precision,recall,f1-score,support
accuracy,0.6469425534216716,0.6469425534216716,0.6469425534216716,0.6469425534216716
case,0.7044122917826545,0.651716957605985,0.676329044578355,400.8
control,0.5847713216214887,0.6407221686488803,0.6106921472409524,305.6
macro avg,0.6445918067020716,0.6462195631274327,0.6435105959096538,706.4
weighted avg,0.6526591141744371,0.6469425534216716,0.6479273132913039,706.4
