,precision,recall,f1-score,support
accuracy,0.6316495105601212,0.6316495105601212,0.6316495105601212,0.6316495105601212
case,0.6809785737151858,0.6621770573566085,0.6697431891974095,400.8
control,0.5752301549208145,0.5916704168006001,0.5805686058149736,305.6
macro avg,0.6281043643180001,0.6269237370786043,0.6251558975061916,706.4
weighted avg,0.6352377421376187,0.6316495105601212,0.6311559484435856,706.4
