,precision,recall,f1-score,support
accuracy,0.5158371040723981,0.5158371040723981,0.5158371040723981,0.5158371040723981
case,0.5731430000308249,0.5696,0.5705194715525126,125.0
control,0.4418989181137519,0.4458333333333333,0.4428106125311994,96.0
macro avg,0.5075209590722884,0.5077166666666667,0.506665042041856,221.0
weighted avg,0.5161319961211461,0.5158371040723981,0.5150441300771911,221.0
