,precision,recall,f1-score,support
accuracy,0.6409283513097073,0.6409283513097073,0.6409283513097073,0.6409283513097073
case,0.7010249624867565,0.6426930693069307,0.6698866838899861,100.2
control,0.5768734405286116,0.6385167464114833,0.6053888067704257,76.4
macro avg,0.638949201507684,0.640604907859207,0.6376377453302059,176.6
weighted avg,0.6473214940742164,0.6409283513097073,0.642007957542668,176.6
