,precision,recall,f1-score,support
accuracy,0.561691063174114,0.561691063174114,0.561691063174114,0.561691063174114
case,0.6215799971454875,0.5888118811881189,0.6033428951001026,100.2
control,0.4930720844031187,0.5259398496240602,0.5073567943630183,76.4
macro avg,0.5573260407743031,0.5573758654060895,0.5553498447315605,176.6
weighted avg,0.5660033509907205,0.561691063174114,0.561865741438214,176.6
