,precision,recall,f1-score,support
accuracy,0.5073253723677452,0.5073253723677452,0.5073253723677452,0.5073253723677452
case,0.5789122807017544,0.49099009900990104,0.5299574726348919,100.2
control,0.44075667437549615,0.5287423103212576,0.4796764467887842,76.4
macro avg,0.5098344775386253,0.5098662046655793,0.5048169597118382,176.6
weighted avg,0.5191550699496253,0.5073253723677452,0.5082125906292262,176.6
