,precision,recall,f1-score,support
accuracy,0.5574660633484163,0.5574660633484163,0.5574660633484163,0.5574660633484163
case,0.6088290520247839,0.608,0.6082787021992621,125.0
control,0.4910232906424293,0.4916666666666666,0.4911674343160371,96.0
macro avg,0.5499261713336066,0.5498333333333333,0.5497230682576496,221.0
weighted avg,0.5576555086188741,0.5574660633484163,0.5574068392273634,221.0
