,precision,recall,f1-score,support
accuracy,0.6862932792672225,0.6862932792672225,0.6862932792672225,0.6862932792672225
case,0.7266211526099207,0.7170623441396509,0.7217110201541329,400.8
control,0.6352438169867767,0.6459316404157291,0.6403970113539008,305.6
macro avg,0.6809324847983487,0.68149699227769,0.6810540157540169,706.4
weighted avg,0.6870900024782816,0.6862932792672225,0.6865349509758761,706.4
