,precision,recall,f1-score,support
accuracy,0.5469889573703133,0.5469889573703133,0.5469889573703133,0.5469889573703133
case,0.6055315682029085,0.5827722772277227,0.5912372236426497,100.2
control,0.4771716103445427,0.49976076555023924,0.4849831518442329,76.4
macro avg,0.5413515892737257,0.541266521388981,0.5381101877434414,176.6
weighted avg,0.5500076182875803,0.5469889573703133,0.5453380505269811,176.6
