,precision,recall,f1-score,support
accuracy,0.6928056545031274,0.6928056545031274,0.6928056545031274,0.6928056545031274
case,0.7450503626528887,0.6976097256857855,0.7201179567706198,400.8
control,0.6347809326618614,0.6865338047787422,0.6590803988168384,305.6
macro avg,0.6899156476573751,0.6920717652322639,0.6895991777937291,706.4
weighted avg,0.697352030080755,0.6928056545031274,0.6937089707025358,706.4
