,precision,recall,f1-score,support
accuracy,0.6766727704741337,0.6766727704741337,0.6766727704741337,0.6766727704741337
case,0.7369684693129279,0.6686645885286783,0.7010652038007451,400.8
control,0.6129159390771124,0.6871552555448408,0.6478235262686964,305.6
macro avg,0.6749422041950202,0.6779099220367597,0.6744443650347207,706.4
weighted avg,0.6832993486538832,0.6766727704741337,0.6780353640010967,706.4
