,precision,recall,f1-score,support
accuracy,0.6171674370826914,0.6171674370826914,0.6171674370826914,0.6171674370826914
case,0.6649529220818529,0.6587128712871287,0.6606299364568278,100.2
control,0.5583951891529406,0.5629528366370471,0.5590056640151773,76.4
macro avg,0.6116740556173967,0.6108328539620879,0.6098178002360026,176.6
weighted avg,0.6189000032825002,0.6171674370826914,0.616629131013402,176.6
