,precision,recall,f1-score,support
accuracy,0.6732709329208924,0.6732709329208924,0.6732709329208924,0.6732709329208924
case,0.7219413074883698,0.694067331670823,0.7056859604732073,400.8
control,0.6194638489633343,0.6458694953391193,0.6299210618320582,305.6
macro avg,0.670702578225852,0.6699684135049712,0.6678035111526327,706.4
weighted avg,0.677590353314771,0.6732709329208924,0.6729274629140306,706.4
