,precision,recall,f1-score,support
accuracy,0.6036226164097591,0.6036226164097591,0.6036226164097591,0.6036226164097591
case,0.6733484046647693,0.5883366583541146,0.6266980986443315,400.8
control,0.5364972981543528,0.6237265616629165,0.5758042461657596,305.6
macro avg,0.604922851409561,0.6060316100085157,0.6012511724050456,706.4
weighted avg,0.6141506379470469,0.6036226164097591,0.6046714560486302,706.4
