,precision,recall,f1-score,support
accuracy,0.5158371040723981,0.5158371040723981,0.5158371040723981,0.5158371040723981
case,0.5721230025075854,0.5744,0.5729651796653905,125.0
control,0.4415294770856396,0.4395833333333333,0.44015868220717796,96.0
macro avg,0.5068262397966125,0.5069916666666667,0.5065619309362843,221.0
weighted avg,0.515394593274523,0.5158371040723981,0.5152754794120493,221.0
