,precision,recall,f1-score,support
accuracy,0.6644922687331462,0.6644922687331462,0.6644922687331462,0.6644922687331462
case,0.72142445520172,0.6656720698254365,0.6923957753124974,400.8
control,0.6020279931132935,0.6629593914068359,0.6309899128141214,305.6
macro avg,0.6617262241575068,0.6643157306161361,0.6616928440633094,706.4
weighted avg,0.6697744063042661,0.6644922687331462,0.6658289179050516,706.4
