,precision,recall,f1-score,support
accuracy,0.5197996918335901,0.5197996918335901,0.5197996918335901,0.5197996918335901
case,0.5874336240227012,0.5268712871287129,0.553768787893895,100.2
control,0.4493940891772216,0.5101161995898839,0.4763811660180715,76.4
macro avg,0.5184138565999614,0.5184937433592983,0.5150749769559833,176.6
weighted avg,0.5277234555802639,0.5197996918335901,0.5203824287259324,176.6
