,precision,recall,f1-score,support
accuracy,0.5176470588235295,0.5176470588235295,0.5176470588235295,0.5176470588235295
case,0.584786047422214,0.5216000000000001,0.5483459170412099,125.0
control,0.45084623293243986,0.5125,0.47703504140475933,96.0
macro avg,0.5178161401773269,0.51705,0.5126904792229846,221.0
weighted avg,0.5266040465578776,0.5176470588235295,0.5173692470814848,221.0
