,precision,recall,f1-score,support
accuracy,0.5039291217257319,0.5039291217257319,0.5039291217257319,0.5039291217257319
case,0.5684561210424282,0.5248910891089109,0.5449210591830622,100.2
control,0.43260963197849006,0.4763841421736158,0.45261991130497814,76.4
macro avg,0.5005328765104591,0.5006376156412633,0.4987704852440201,176.6
weighted avg,0.5096975735991762,0.5039291217257319,0.5050069034402387,176.6
