,precision,recall,f1-score,support
accuracy,0.5058823529411764,0.5058823529411764,0.5058823529411764,0.5058823529411764
case,0.5654852864307409,0.5456,0.55530116020607,125.0
control,0.4342981721249048,0.4541666666666667,0.44393592665492587,96.0
macro avg,0.4998917292778229,0.49988333333333335,0.499618543430498,221.0
weighted avg,0.5084990286327307,0.5058823529411764,0.5069253121476545,221.0
