,precision,recall,f1-score,support
accuracy,0.518552036199095,0.518552036199095,0.518552036199095,0.518552036199095
case,0.5720591988141716,0.584,0.5773112028735866,125.0
control,0.4466011787678779,0.4333333333333333,0.4389817981634961,96.0
macro avg,0.5093301887910248,0.5086666666666667,0.5081465005185414,221.0
weighted avg,0.5175615973460983,0.518552036199095,0.517222411687303,221.0
