,precision,recall,f1-score,support
accuracy,0.5058823529411764,0.5058823529411764,0.5058823529411764,0.5058823529411764
case,0.5652526090644245,0.5488000000000001,0.5565304005068163,125.0
control,0.43353281703542745,0.45,0.44115868172985256,96.0
macro avg,0.49939271304992605,0.49939999999999996,0.4988445411183344,221.0
weighted avg,0.5080349618482086,0.5058823529411764,0.5064141787756465,221.0
