,precision,recall,f1-score,support
accuracy,0.4767398561890087,0.4767398561890087,0.4767398561890087,0.4767398561890087
case,0.545711747718381,0.4849108910891089,0.5116930581897092,100.2
control,0.4037959452555725,0.46555023923444977,0.4309029398796744,76.4
macro avg,0.4747538464869768,0.4752305651617793,0.47129799903469183,176.6
weighted avg,0.4843353957867464,0.4767398561890087,0.4768536519554383,176.6
