,precision,recall,f1-score,support
accuracy,0.6159732922444787,0.6159732922444787,0.6159732922444787,0.6159732922444787
case,0.6795591915106577,0.6126534653465348,0.644173607862718,100.2
control,0.5495474234172953,0.6201298701298701,0.5825148333704853,76.4
macro avg,0.6145533074639765,0.6163916677382024,0.6133442206166017,176.6
weighted avg,0.6233011885325034,0.6159732922444787,0.6175349919473234,176.6
