,precision,recall,f1-score,support
accuracy,0.6245829844012325,0.6245829844012325,0.6245829844012325,0.6245829844012325
case,0.6866119267946916,0.6237418952618453,0.6533403529722575,400.8
control,0.5589779690912441,0.6256637737062037,0.5901018268675582,305.6
macro avg,0.6227949479429679,0.6247028344840245,0.6217210899199078,706.4
weighted avg,0.6313931108052117,0.6245829844012325,0.6259859856775207,706.4
