,precision,recall,f1-score,support
accuracy,0.6024460708782742,0.6024460708782742,0.6024460708782742,0.6024460708782742
case,0.6660807884685161,0.6006732673267327,0.6306532277050729,100.2
control,0.5367641452914644,0.604477101845523,0.5677083471800712,76.4
macro avg,0.6014224668799903,0.6025751845861278,0.5991807874425721,176.6
weighted avg,0.61012084175269,0.6024460708782742,0.6034780950877201,176.6
