,precision,recall,f1-score,support
accuracy,0.4995475113122172,0.4995475113122172,0.4995475113122172,0.4995475113122172
case,0.5604602910914342,0.5376000000000001,0.5486477217143737,125.0
control,0.42708261129902353,0.45,0.438081351500046,96.0
macro avg,0.4937714511952288,0.49380000000000007,0.4933645366072098,221.0
weighted avg,0.5025224754350024,0.4995475113122172,0.5006188912140322,221.0
