,precision,recall,f1-score,support
accuracy,0.5540735902809221,0.5540735902809221,0.5540735902809221,0.5540735902809221
case,0.6171214187823009,0.563360349127182,0.588928236276931,400.8
control,0.48644094454396025,0.541892210436087,0.512582409126342,305.6
macro avg,0.5517811816631306,0.5526262797816346,0.5507553227016365,706.4
weighted avg,0.560587182474339,0.5540735902809221,0.5559002761885753,706.4
