,precision,recall,f1-score,support
accuracy,0.6865777674489424,0.6865777674489424,0.6865777674489424,0.6865777674489424
case,0.7429400194383329,0.6905586034912718,0.7127625068268131,400.8
control,0.6299031421793229,0.6812921890067503,0.6516391517251433,305.6
macro avg,0.6864215808088278,0.685925396249011,0.6822008292759782,706.4
weighted avg,0.694028287470139,0.6865777674489424,0.6863287180537135,706.4
