,precision,recall,f1-score,support
accuracy,0.4778280542986425,0.4778280542986425,0.4778280542986425,0.4778280542986425
case,0.5463694423014258,0.45759999999999995,0.4972526354380876,125.0
control,0.4158613182426766,0.5041666666666667,0.45516722085037564,96.0
macro avg,0.48111538027205125,0.48088333333333333,0.4762099281442316,221.0
weighted avg,0.4896781304931004,0.4778280542986425,0.478971188377362,221.0
