,precision,recall,f1-score,support
accuracy,0.621738572162301,0.621738572162301,0.621738572162301,0.621738572162301
case,0.6738906611338045,0.649029702970297,0.6578357802379118,100.2
control,0.5641513878278583,0.5862952836637046,0.5715735143858672,76.4
macro avg,0.6190210244808314,0.617662493317001,0.6147046473118895,176.6
weighted avg,0.6264633042366177,0.621738572162301,0.6204650579809572,176.6
