,precision,recall,f1-score,support
accuracy,0.5221237801746277,0.5221237801746277,0.5221237801746277,0.5221237801746277
case,0.5868416873500106,0.5268910891089109,0.5548455880052188,100.2
control,0.4551429452447028,0.5156527682843473,0.4831450915256584,76.4
macro avg,0.5209923162973567,0.5212719286966291,0.5189953397654385,176.6
weighted avg,0.5298721092841289,0.5221237801746277,0.523876683137569,176.6
