,precision,recall,f1-score,support
accuracy,0.44162895927601803,0.44162895927601803,0.44162895927601803,0.44162895927601803
case,0.507502278423331,0.472,0.4888105977921877,125.0
control,0.36774776878365156,0.4020833333333333,0.3838645503164964,96.0
macro avg,0.4376250236034912,0.43704166666666666,0.4363375740543421,221.0
weighted avg,0.44679443713188655,0.44162895927601803,0.44322317445433085,221.0
