,precision,recall,f1-score,support
accuracy,0.4886877828054298,0.4886877828054298,0.4886877828054298,0.4886877828054298
case,0.5491536998559878,0.544,0.5442795883914207,125.0
control,0.41033845821145665,0.4166666666666667,0.41078505195369874,96.0
macro avg,0.47974607903372224,0.4803333333333334,0.47753232017255964,221.0
weighted avg,0.4888538663814404,0.4886877828054298,0.4862910114772971,221.0
