,precision,recall,f1-score,support
accuracy,0.46877828054298637,0.46877828054298637,0.46877828054298637,0.46877828054298637
case,0.5321623797553527,0.5056,0.512685373376879,125.0
control,0.3927014294261681,0.4208333333333333,0.4013130900041285,96.0
macro avg,0.4624319045907604,0.46321666666666667,0.4569992316905037,221.0
weighted avg,0.47158205744041276,0.46877828054298637,0.46430646295251676,221.0
