,precision,recall,f1-score,support
accuracy,0.5058823529411764,0.5058823529411764,0.5058823529411764,0.5058823529411764
case,0.5767032831534149,0.4928,0.5297880203081954,125.0
control,0.43981194438874127,0.5229166666666667,0.47656016722794625,96.0
macro avg,0.5082576137710781,0.5078583333333333,0.5031740937680709,221.0
weighted avg,0.5172391721968146,0.5058823529411764,0.5066664189701686,221.0
