,precision,recall,f1-score,support
accuracy,0.4479638009049774,0.4479638009049774,0.4479638009049774,0.4479638009049774
case,0.5132066790153454,0.47359999999999997,0.4925168006916768,125.0
control,0.3765558900212365,0.4145833333333333,0.39456789391843555,96.0
macro avg,0.44488128451829095,0.44409166666666666,0.44354234730505615,221.0
weighted avg,0.4538470602667733,0.4479638009049774,0.4499688592879159,221.0
