,precision,recall,f1-score,support
accuracy,0.5368708269131999,0.5368708269131999,0.5368708269131999,0.5368708269131999
case,0.5921071611315514,0.5985940594059406,0.5915848627940623,100.2
control,0.4630457516339869,0.4552973342447026,0.4541142663732467,76.4
macro avg,0.5275764563827692,0.5269456968253217,0.5228495645836546,176.6
weighted avg,0.5362655461456984,0.5368708269131999,0.5322469570944293,176.6
