,precision,recall,f1-score,support
accuracy,0.703566520148575,0.703566520148575,0.703566520148575,0.703566520148575
case,0.7560548059829368,0.7050960099750624,0.729647620055254,400.8
control,0.644682185330714,0.7015686274509804,0.6718777107674846,305.6
macro avg,0.7003684956568254,0.7033323187130214,0.7007626654113693,706.4
weighted avg,0.7078756657001952,0.703566520148575,0.7046549369861211,706.4
