,precision,recall,f1-score,support
accuracy,0.6443631227529533,0.6443631227529533,0.6443631227529533,0.6443631227529533
case,0.7041448054283745,0.6447524752475248,0.6728815226490887,100.2
control,0.5801043351293003,0.6438824333561175,0.6100457626946554,76.4
macro avg,0.6421245702788374,0.6443174543018212,0.6414636426718721,176.6
weighted avg,0.6504996549496281,0.6443631227529533,0.6456998344709495,176.6
