,precision,recall,f1-score,support
accuracy,0.5226520709537567,0.5226520709537567,0.5226520709537567,0.5226520709537567
case,0.5905429870134057,0.5174613466334165,0.5514182848386568,400.8
control,0.45555606474961313,0.529428908175292,0.4895699484956092,305.6
macro avg,0.5230495258815094,0.5234451274043542,0.5204941166671331,706.4
weighted avg,0.5321454537272989,0.5226520709537567,0.5246683431573669,706.4
