,precision,recall,f1-score,support
accuracy,0.4495634309193631,0.4495634309193631,0.4495634309193631,0.4495634309193631
case,0.5185078734384027,0.44912871287128714,0.480396012559322,100.2
control,0.38084242637434124,0.45,0.4118014824768899,76.4
macro avg,0.4496751499063719,0.4495643564356436,0.446098747518106,176.6
weighted avg,0.4589716085559328,0.4495634309193631,0.45075988698606445,176.6
