,precision,recall,f1-score,support
accuracy,0.6194802280713705,0.6194802280713705,0.6194802280713705,0.6194802280713705
case,0.6691935559396402,0.6587319201995012,0.6610460107149494,400.8
control,0.5620448205712703,0.5681324333011893,0.5611524835238286,305.6
macro avg,0.6156191882554551,0.6134321767503452,0.611099247119389,706.4
weighted avg,0.622854688235523,0.6194802280713705,0.6178091425681244,706.4
