,precision,recall,f1-score,support
accuracy,0.7061160952193964,0.7061160952193964,0.7061160952193964,0.7061160952193964
case,0.7643225546208853,0.6971034912718205,0.7291474350414744,400.8
control,0.6437183312321089,0.7179513554055502,0.6787892417753566,305.6
macro avg,0.7040204429264971,0.7075274233386853,0.7039683384084154,706.4
weighted avg,0.7121494486483716,0.7061160952193964,0.707359568393465,706.4
