,precision,recall,f1-score,support
accuracy,0.6465909090909091,0.6465909090909091,0.6465909090909091,0.6465909090909091
case,0.7121523436517341,0.6347722772277228,0.6707644304591411,100.2
control,0.5803079685091213,0.6622693096377307,0.6181344722672726,76.4
macro avg,0.6462301560804276,0.6485207934327267,0.6444494513632069,176.6
weighted avg,0.6551506872299244,0.6465909090909091,0.6479758283094057,176.6
