,precision,recall,f1-score,support
accuracy,0.6503427882245933,0.6503427882245933,0.6503427882245933,0.6503427882245933
case,0.7132104167607785,0.6422431421446384,0.6754844715045524,400.8
control,0.5854576702711732,0.661013607628844,0.6205425210675101,305.6
macro avg,0.6493340435159759,0.6516283748867412,0.6480134962860311,706.4
weighted avg,0.6579503883222385,0.6503427882245933,0.651709355931452,706.4
