,precision,recall,f1-score,support
accuracy,0.5560798664612223,0.5560798664612223,0.5560798664612223,0.5560798664612223
case,0.6273820079676652,0.5467326732673268,0.5809309855917879,100.2
control,0.487783170184124,0.5676691729323309,0.5220748485850609,76.4
macro avg,0.5575825890758945,0.5572009230998287,0.5515029170884245,176.6
weighted avg,0.5669647761072655,0.5560798664612223,0.5556031051964265,176.6
