,precision,recall,f1-score,support
accuracy,0.5096109399075501,0.5096109399075501,0.5096109399075501,0.5096109399075501
case,0.5720670668562854,0.5427920792079208,0.5554590808479309,100.2
control,0.43710923092796306,0.4660970608339029,0.4495563158726652,76.4
macro avg,0.5045881488921242,0.5044445700209119,0.5025076983602981,176.6
weighted avg,0.5136941626095597,0.5096109399075501,0.5096491548322564,176.6
