,precision,recall,f1-score,support
accuracy,0.6480744958348527,0.6480744958348527,0.6480744958348527,0.6480744958348527
case,0.7005008124617852,0.6646608478802992,0.6811735368503854,400.8
control,0.5888107344317154,0.6262616522018642,0.6058915908527024,305.6
macro avg,0.6446557734467503,0.6454612500410818,0.6435325638515439,706.4
weighted avg,0.6521745331505437,0.6480744958348527,0.6486145021045483,706.4
