,precision,recall,f1-score,support
accuracy,0.5990305598356447,0.5990305598356447,0.5990305598356447,0.5990305598356447
case,0.6622330831524484,0.5985940594059406,0.6267420428159792,100.2
control,0.5351708677795635,0.5994531784005468,0.5633002546135555,76.4
macro avg,0.598701975466006,0.5990236189032437,0.5950211487147674,176.6
weighted avg,0.6072506556527418,0.5990305598356447,0.5993219485184724,176.6
