,precision,recall,f1-score,support
accuracy,0.5923407806882384,0.5923407806882384,0.5923407806882384,0.5923407806882384
case,0.6598317609642675,0.5847128712871287,0.6163618773251394,100.2
control,0.5279638519606287,0.6019822282980177,0.5593071517217115,76.4
macro avg,0.5938978064624482,0.5933475497925732,0.5878345145234255,176.6
weighted avg,0.6027678321077508,0.5923407806882384,0.5917495842603483,176.6
