,precision,recall,f1-score,support
accuracy,0.5049773755656108,0.5049773755656108,0.5049773755656108,0.5049773755656108
case,0.5747955542009839,0.4816,0.5227898502045198,125.0
control,0.4423700610753813,0.5354166666666667,0.48358380229887593,96.0
macro avg,0.5085828076381826,0.5085083333333333,0.5031868262516979,221.0
weighted avg,0.5172713580921249,0.5049773755656108,0.5057591687613442,221.0
