,precision,recall,f1-score,support
accuracy,0.69819009420165,0.69819009420165,0.69819009420165,0.69819009420165
case,0.7587919807027419,0.686639650872818,0.7206976382512091,400.8
control,0.6347276363640303,0.7133676202721526,0.6715210197254228,305.6
macro avg,0.696759808533386,0.7000036355724852,0.6961093289883159,706.4
weighted avg,0.7051255831885641,0.69819009420165,0.699419789015096,706.4
