,precision,recall,f1-score,support
accuracy,0.5486963629588374,0.5486963629588374,0.5486963629588374,0.5486963629588374
case,0.6190167704702892,0.5314501246882793,0.5716558782873203,400.8
control,0.4820877954017158,0.5713232615450552,0.5227236426358166,305.6
macro avg,0.5505522829360026,0.5513866931166673,0.5471897604615684,706.4
weighted avg,0.5597798346927663,0.5486963629588374,0.5504856015727319,706.4
