,precision,recall,f1-score,support
accuracy,0.5520361990950227,0.5520361990950227,0.5520361990950227,0.5520361990950227
case,0.6089860997409283,0.5808,0.5942335666941553,125.0
control,0.4857406173442774,0.5145833333333334,0.49935100785591946,96.0
macro avg,0.5473633585426029,0.5476916666666667,0.5467922872750373,221.0
weighted avg,0.5554496006003017,0.5520361990950227,0.5530176135336546,221.0
