,precision,recall,f1-score,support
accuracy,0.6908250557957455,0.6908250557957455,0.6908250557957455,0.6908250557957455
case,0.7466344993019522,0.6901197007481297,0.7165117924079293,400.8
control,0.6309997961581046,0.6917882781527911,0.659187479517775,305.6
macro avg,0.6888171477300284,0.6909539894504604,0.6878496359628521,706.4
weighted avg,0.6966158696251348,0.6908250557957455,0.6917075842769147,706.4
