,precision,recall,f1-score,support
accuracy,0.486979969183359,0.486979969183359,0.486979969183359,0.486979969183359
case,0.5587130103715507,0.471009900990099,0.5098121456263611,100.2
control,0.4206286927815828,0.5080314422419685,0.45920647055346747,76.4
macro avg,0.48967085157656676,0.4895206716160338,0.4845093080899144,176.6
weighted avg,0.4989795692543793,0.486979969183359,0.4878982588376899,176.6
