,precision,recall,f1-score,support
accuracy,0.5457013574660634,0.5457013574660634,0.5457013574660634,0.5457013574660634
case,0.6027116266997682,0.5728,0.5868092318719078,125.0
control,0.48005275098013306,0.5104166666666667,0.4941570930016238,96.0
macro avg,0.5413821888399506,0.5416083333333334,0.5404831624367659,221.0
weighted avg,0.549429943129248,0.5457013574660634,0.5465621489237301,221.0
