,precision,recall,f1-score,support
accuracy,0.5619909502262443,0.5619909502262443,0.5619909502262443,0.5619909502262443
case,0.6183119414766322,0.5888,0.6028876327859078,125.0
control,0.49661299463279657,0.5270833333333333,0.511037621156274,96.0
macro avg,0.5574624680547144,0.5579416666666667,0.5569626269710909,221.0
weighted avg,0.5654472405851922,0.5619909502262443,0.5629889852001846,221.0
