,precision,recall,f1-score,support
accuracy,0.5194570135746607,0.5194570135746607,0.5194570135746607,0.5194570135746607
case,0.5848109011210616,0.5216000000000001,0.5498888888253314,125.0
control,0.45338629720097706,0.5166666666666667,0.48173093347090284,96.0
macro avg,0.5190985991610193,0.5191333333333333,0.5158099111481171,221.0
weighted avg,0.5277214804136945,0.5194570135746607,0.5202818131962583,221.0
