,precision,recall,f1-score,support
accuracy,0.6851673471677399,0.6851673471677399,0.6851673471677399,0.6851673471677399
case,0.7450326860606713,0.6771645885286783,0.7091808545085274,400.8
control,0.6220806927809492,0.6956905603771564,0.6565125784884067,305.6
macro avg,0.6835566894208103,0.6864275744529174,0.6828467164984671,706.4
weighted avg,0.6918469318304314,0.6851673471677399,0.6863924824890736,706.4
