,precision,recall,f1-score,support
accuracy,0.61834628222029,0.61834628222029,0.61834628222029,0.61834628222029
case,0.6929082686244674,0.5898528678304239,0.635964135331017,400.8
control,0.5503667543120537,0.6557891353262616,0.597491216571427,305.6
macro avg,0.6216375114682606,0.6228210015783427,0.616727675951222,706.4
weighted avg,0.6312517850613767,0.61834628222029,0.6193088014129895,706.4
