,precision,recall,f1-score,support
accuracy,0.6069465844889574,0.6069465844889574,0.6069465844889574,0.6069465844889574
case,0.6722781362546586,0.6005742574257426,0.6323444694079035,100.2
control,0.5428025819620677,0.614935064935065,0.5744144713926929,76.4
macro avg,0.6075403591083631,0.6077546611804038,0.6033794704002982,176.6
weighted avg,0.6162301910670142,0.6069465844889574,0.6073457784833124,176.6
