,precision,recall,f1-score,support
accuracy,0.48235294117647054,0.48235294117647054,0.48235294117647054,0.48235294117647054
case,0.5507120890027531,0.4608,0.5015621843534193,125.0
control,0.4209093619852197,0.5104166666666667,0.46121681538369985,96.0
macro avg,0.4858107254939864,0.4856083333333333,0.4813894998685596,221.0
weighted avg,0.4943271940087115,0.48235294117647054,0.4840365942127267,221.0
