,precision,recall,f1-score,support
accuracy,0.5946006676938881,0.5946006676938881,0.5946006676938881,0.5946006676938881
case,0.6604009021909041,0.5909306930693069,0.6228287736236447,100.2
control,0.5277283562997848,0.5995557074504443,0.5605249765402174,76.4
macro avg,0.5940646292453445,0.5952432002598755,0.5916768750819311,176.6
weighted avg,0.6030215192150543,0.5946006676938881,0.5958528888409689,176.6
