,precision,recall,f1-score,support
accuracy,0.5730803800719055,0.5730803800719055,0.5730803800719055,0.5730803800719055
case,0.633402381376189,0.5989306930693069,0.6133990954272645,100.2
control,0.5044512281125154,0.5393028024606972,0.5186567605018257,76.4
macro avg,0.5689268047443522,0.5691167477650021,0.566027927964545,176.6
weighted avg,0.5776336500739248,0.5730803800719055,0.5723939429304613,176.6
