,precision,recall,f1-score,support
accuracy,0.6003017462763225,0.6003017462763225,0.6003017462763225,0.6003017462763225
case,0.6592811601273294,0.6128316831683168,0.6342606640549848,100.2
control,0.5358616750560486,0.5838345864661654,0.5577701818394316,76.4
macro avg,0.597571417591689,0.598333134817241,0.5960154229472082,176.6
weighted avg,0.6058848524931018,0.6003017462763225,0.6011755745798779,176.6
