,precision,recall,f1-score,support
accuracy,0.61976551762825,0.61976551762825,0.61976551762825,0.61976551762825
case,0.6777143100490601,0.6292468827930174,0.651620207549511,400.8
control,0.557127027812607,0.6073695489124612,0.5799960709058303,305.6
macro avg,0.6174206689308337,0.6183082158527393,0.6158081392276706,706.4
weighted avg,0.6255512012363985,0.61976551762825,0.6206285019910023,706.4
