,precision,recall,f1-score,support
accuracy,0.5104072398190045,0.5104072398190045,0.5104072398190045,0.5104072398190045
case,0.5696693954749613,0.5439999999999999,0.5554649525780752,125.0
control,0.4408618799896116,0.4666666666666667,0.4523097205544552,96.0
macro avg,0.5052656377322865,0.5053333333333333,0.5038873365662652,221.0
weighted avg,0.5137168095627732,0.5104072398190045,0.5106554400248285,221.0
