,precision,recall,f1-score,support
accuracy,0.4895927601809954,0.4895927601809954,0.4895927601809954,0.4895927601809954
case,0.5565468554267998,0.48,0.515432286129341,125.0
control,0.4258266722982909,0.5020833333333333,0.46080974567130706,96.0
macro avg,0.4911867638625454,0.49104166666666665,0.4881210159003241,221.0
weighted avg,0.49976342746147473,0.4895927601809954,0.49170484774033085,221.0
