,precision,recall,f1-score,support
accuracy,0.49491525423728816,0.49491525423728816,0.49491525423728816,0.49491525423728816
case,0.5606539972338912,0.495009900990099,0.5247181054239878,100.2
control,0.42885182289835627,0.494771018455229,0.45854768049227645,76.4
macro avg,0.4947529100661237,0.49489045972266404,0.4916328929581321,176.6
weighted avg,0.5036542577747992,0.49491525423728816,0.4961064849776215,176.6
