,precision,recall,f1-score,support
accuracy,0.6579883079364188,0.6579883079364188,0.6579883079364188,0.6579883079364188
case,0.7202987406643132,0.6497069825436409,0.6830142018519336,400.8
control,0.5929773146114898,0.6688588878174221,0.6284629866759398,305.6
macro avg,0.6566380276379016,0.6592829351805315,0.6557385942639367,706.4
weighted avg,0.6652189700920663,0.6579883079364188,0.659413209725953,706.4
