,precision,recall,f1-score,support
accuracy,0.5617552645095019,0.5617552645095019,0.5617552645095019,0.5617552645095019
case,0.6391138380373057,0.5530099009900991,0.5876125658975024,100.2
control,0.49156641264577017,0.5727272727272728,0.5254561523583231,76.4
macro avg,0.565340125341538,0.5628685868586859,0.5565343591279127,176.6
weighted avg,0.575240227932411,0.5617552645095019,0.5608139023856202,176.6
