,precision,recall,f1-score,support
accuracy,0.5085972850678733,0.5085972850678733,0.5085972850678733,0.5085972850678733
case,0.5744744410632261,0.5056,0.5377921022748495,125.0
control,0.44332133373578014,0.5125,0.47536491542074993,96.0
macro avg,0.5088978873995031,0.50905,0.5065785088477998,221.0
weighted avg,0.517502955527322,0.5085972850678733,0.5106744102477293,221.0
