,precision,recall,f1-score,support
accuracy,0.5639837961942693,0.5639837961942693,0.5639837961942693,0.5639837961942693
case,0.6287229449220252,0.565859102244389,0.5953894168299592,400.8
control,0.4966125949865884,0.5614979106396657,0.5268272637627036,305.6
macro avg,0.5626677699543068,0.5636785064420273,0.5611083402963314,706.4
weighted avg,0.5715691392002109,0.5639837961942693,0.5657336285054401,706.4
