,precision,recall,f1-score,support
accuracy,0.6588377656057796,0.6588377656057796,0.6588377656057796,0.6588377656057796
case,0.7137461113754544,0.6661546134663341,0.6889986377467171,400.8
control,0.5972393991793099,0.6492381870781099,0.6220047405919946,305.6
macro avg,0.6554927552773822,0.657696400272222,0.6555016891693558,706.4
weighted avg,0.6633424996552768,0.6588377656057796,0.6600162603877419,706.4
