,precision,recall,f1-score,support
accuracy,0.6115502201778251,0.6115502201778251,0.6115502201778251,0.6115502201778251
case,0.6809258437026718,0.599788029925187,0.6345074594175355,400.8
control,0.5462347129369938,0.6270438229936783,0.5811083282922749,305.6
macro avg,0.6135802783198329,0.6134159264594328,0.6078078938549052,706.4
weighted avg,0.6226634107818821,0.6115502201778251,0.6113947570518471,706.4
