,precision,recall,f1-score,support
accuracy,0.659684017774501,0.659684017774501,0.659684017774501,0.659684017774501
case,0.7079515190558618,0.6831147132169576,0.694547460455323,400.8
control,0.6029098331306421,0.6289553198328511,0.6146736126496578,305.6
macro avg,0.6554306760932519,0.6560350165249045,0.6546105365524905,706.4
weighted avg,0.6625090722976841,0.659684017774501,0.6599926226973052,706.4
