,precision,recall,f1-score,support
accuracy,0.5076923076923077,0.5076923076923077,0.5076923076923077,0.5076923076923077
case,0.5753218494646954,0.4976,0.5333462431024055,125.0
control,0.44288423210330324,0.5208333333333333,0.47844650590714943,96.0
macro avg,0.5091030407839993,0.5092166666666667,0.5058963745047775,221.0
weighted avg,0.5177923867194754,0.5076923076923077,0.5094983934610273,221.0
