,precision,recall,f1-score,support
accuracy,0.5299627632254751,0.5299627632254751,0.5299627632254751,0.5299627632254751
case,0.5937921628848789,0.5428316831683169,0.566907978084884,100.2
control,0.46119900424778476,0.5130211893369788,0.4854819537856326,76.4
macro avg,0.5274955835663319,0.5279264362526478,0.5261949659352583,176.6
weighted avg,0.5364376287280261,0.5299627632254751,0.5316992108017498,176.6
