,precision,recall,f1-score,support
accuracy,0.514027149321267,0.514027149321267,0.514027149321267,0.514027149321267
case,0.5707156145300353,0.5599999999999999,0.5640791607378477,125.0
control,0.4438941435191713,0.4541666666666667,0.44755848331717535,96.0
macro avg,0.5073048790246033,0.5070833333333333,0.5058188220275115,221.0
weighted avg,0.5156257447696599,0.514027149321267,0.5134638438492298,221.0
