,precision,recall,f1-score,support
accuracy,0.4886877828054299,0.4886877828054299,0.4886877828054299,0.4886877828054299
case,0.5560206857082973,0.4848,0.5145003687687327,125.0
control,0.4229583711545991,0.49375,0.45317026624404677,96.0
macro avg,0.4894895284314482,0.48927499999999996,0.48383531750638975,221.0
weighted avg,0.49821986128678136,0.4886877828054299,0.4878592382602719,221.0
