,precision,recall,f1-score,support
accuracy,0.6148882896764253,0.6148882896764253,0.6148882896764253,0.6148882896764253
case,0.6688049687321673,0.6347128712871287,0.6504411815910324,100.2
control,0.5537956254272044,0.5889610389610389,0.5698392539530653,76.4
macro avg,0.6113002970796859,0.6118369551240839,0.6101402177720489,176.6
weighted avg,0.6190835732575966,0.6148882896764253,0.6155725866655888,176.6
