,precision,recall,f1-score,support
accuracy,0.5061825885978428,0.5061825885978428,0.5061825885978428,0.5061825885978428
case,0.5715677314337768,0.5168514851485149,0.5412669345679003,100.2
control,0.4371630599514186,0.4920710868079289,0.46148137587044114,76.4
macro avg,0.5043653956925976,0.5044612859782218,0.5013741552191707,176.6
weighted avg,0.51343643620521,0.5061825885978428,0.5067832531244401,176.6
