,precision,recall,f1-score,support
accuracy,0.6183230611196713,0.6183230611196713,0.6183230611196713,0.6183230611196713
case,0.6809135427220534,0.6227326732673267,0.6496538651648438,100.2
control,0.5514444559286739,0.6124401913875598,0.5795109374825493,76.4
macro avg,0.6161789993253637,0.6175864323274433,0.6145824013236966,176.6
weighted avg,0.6249092867447681,0.6183230611196713,0.6193333243500352,176.6
