,precision,recall,f1-score,support
accuracy,0.5185520361990951,0.5185520361990951,0.5185520361990951,0.5185520361990951
case,0.5775368757493771,0.5616,0.5690876378813214,125.0
control,0.44597273516285185,0.4625,0.45365207722261464,96.0
macro avg,0.5117548054561144,0.51205,0.5113698575519681,221.0
weighted avg,0.5203868418294385,0.5185520361990951,0.518943683930028,221.0
