,precision,recall,f1-score,support
accuracy,0.6928048531279676,0.6928048531279676,0.6928048531279676,0.6928048531279676
case,0.7464501785209218,0.6966109725685785,0.719776925249276,400.8
control,0.6344635454964352,0.6878195649844637,0.6590344519830145,305.6
macro avg,0.6904568620086785,0.6922152687765212,0.6894056886161453,706.4
weighted avg,0.6980052753508998,0.6928048531279676,0.6934985320925406,706.4
