,precision,recall,f1-score,support
accuracy,0.5040723981900452,0.5040723981900452,0.5040723981900452,0.5040723981900452
case,0.5635919967610217,0.5376,0.5498537884426351,125.0
control,0.43475407037475866,0.4604166666666666,0.4467498185985555,96.0
macro avg,0.4991730335678902,0.4990083333333333,0.49830180352059533,221.0
weighted avg,0.5076262006837309,0.5040723981900452,0.5050665436234875,221.0
