,precision,recall,f1-score,support
accuracy,0.6273882896764252,0.6273882896764252,0.6273882896764252,0.6273882896764252
case,0.6857522027780648,0.6347524752475248,0.6589524251790361,100.2
control,0.5632074432614456,0.6176008202323992,0.5888032169657833,76.4
macro avg,0.6244798230197552,0.626176647739962,0.6238778210724096,176.6
weighted avg,0.6327402126304449,0.6273882896764252,0.6286339266281933,176.6
