,precision,recall,f1-score,support
accuracy,0.705546317480797,0.705546317480797,0.705546317480797,0.705546317480797
case,0.7640128725632733,0.6961197007481297,0.7283791664918831,400.8
control,0.6432439607931508,0.7179299260687882,0.678424517289159,305.6
macro avg,0.7036284166782121,0.7070248134084589,0.703401841890521,706.4
weighted avg,0.7117713254966143,0.705546317480797,0.7067661386649496,706.4
