,precision,recall,f1-score,support
accuracy,0.5040767847971238,0.5040767847971238,0.5040767847971238,0.5040767847971238
case,0.5656280173341657,0.5248910891089109,0.540750923912676,100.2
control,0.43604094865354276,0.4762474367737525,0.4512525067113605,76.4
macro avg,0.5008344829938542,0.5005692629413317,0.4960017153120182,176.6
weighted avg,0.5095926628315093,0.5040767847971238,0.5021610153323259,176.6
