,precision,recall,f1-score,support
accuracy,0.47420814479638007,0.47420814479638007,0.47420814479638007,0.47420814479638007
case,0.5378980248888604,0.4992,0.5177919986190265,125.0
control,0.4038346073810445,0.4416666666666667,0.42186943433050006,96.0
macro avg,0.47086631613495245,0.47043333333333337,0.4698307164747633,221.0
weighted avg,0.479662332215782,0.47420814479638007,0.47612427838509647,221.0
