,precision,recall,f1-score,support
accuracy,0.6432614366252489,0.6432614366252489,0.6432614366252489,0.6432614366252489
case,0.6987930341699089,0.6526945137157107,0.6747920481045153,400.8
control,0.5809987162358972,0.630898960677167,0.6047189581791939,305.6
macro avg,0.639895875202903,0.6417967371964389,0.6397555031418546,706.4
weighted avg,0.6478351945323907,0.6432614366252489,0.6444762782358419,706.4
