,precision,recall,f1-score,support
accuracy,0.6101337895829243,0.6101337895829243,0.6101337895829243,0.6101337895829243
case,0.6758091242616698,0.6093241895261845,0.6367483039145337,400.8
control,0.5470807757002695,0.6113168327440266,0.5729820893498678,305.6
macro avg,0.6114449499809698,0.6103205111351055,0.6048651966322008,706.4
weighted avg,0.6201312420426317,0.6101337895829243,0.609141856123203,706.4
