,precision,recall,f1-score,support
accuracy,0.4624434389140271,0.4624434389140271,0.4624434389140271,0.4624434389140271
case,0.526996195279948,0.47519999999999996,0.4996887963079354,125.0
control,0.395338868923244,0.4458333333333333,0.4190079635595579,96.0
macro avg,0.46116753210159606,0.46051666666666663,0.45934837993374666,221.0
weighted avg,0.46980568247341603,0.4624434389140271,0.4646419187339796,221.0
