,precision,recall,f1-score,support
accuracy,0.5221719457013574,0.5221719457013574,0.5221719457013574,0.5221719457013574
case,0.585643742227054,0.5424,0.5583480110493322,125.0
control,0.45277762657225457,0.4958333333333333,0.46790473725645343,96.0
macro avg,0.5192106843996542,0.5191166666666667,0.5131263741528928,221.0
weighted avg,0.5279281444765529,0.5221719457013574,0.5190604351031043,221.0
