,precision,recall,f1-score,support
accuracy,0.5556561085972851,0.5556561085972851,0.5556561085972851,0.5556561085972851
case,0.6087004251232934,0.6,0.6033581846118745,125.0
control,0.4898189599969502,0.4979166666666666,0.49258522042661845,96.0
macro avg,0.5492596925601217,0.5489583333333333,0.5479717025192465,221.0
weighted avg,0.5570596076928457,0.5556561085972851,0.5552396119341163,221.0
