,precision,recall,f1-score,support
accuracy,0.5523854935068577,0.5523854935068577,0.5523854935068577,0.5523854935068577
case,0.6140008192524322,0.5673802992518703,0.5896667681681729,400.8
control,0.48461264737044896,0.5327075966998821,0.5074208785942599,305.6
macro avg,0.5493067333114405,0.5500439479758763,0.5485438233812163,706.4
weighted avg,0.5580262310519626,0.5523854935068577,0.5540888493865651,706.4
