,precision,recall,f1-score,support
accuracy,0.6891229349563851,0.6891229349563851,0.6891229349563851,0.6891229349563851
case,0.7463989502813861,0.6851321695760598,0.7143617159455624,400.8
control,0.6270552986918132,0.694355512696882,0.6588863405619829,305.6
macro avg,0.6867271244865997,0.6897438411364709,0.6866240282537726,706.4
weighted avg,0.6947701986505306,0.6891229349563851,0.6903630951551134,706.4
