,precision,recall,f1-score,support
accuracy,0.5322547508988187,0.5322547508988187,0.5322547508988187,0.5322547508988187
case,0.5966818181818182,0.546950495049505,0.5694720805650514,100.2
control,0.46294422350775283,0.5129528366370472,0.4853571757473545,76.4
macro avg,0.5298130208447855,0.529951665843276,0.5274146281562029,176.6
weighted avg,0.5388553302146635,0.5322547508988187,0.5331038488129377,176.6
