,precision,recall,f1-score,support
accuracy,0.546606334841629,0.546606334841629,0.546606334841629,0.546606334841629
case,0.6067039868195492,0.5648,0.584625104011729,125.0
control,0.4799551455647741,0.5229166666666666,0.5001485499619581,96.0
macro avg,0.5433295661921617,0.5438583333333333,0.5423868269868435,221.0
weighted avg,0.5516456666364794,0.546606334841629,0.5479294063249507,221.0
