,precision,recall,f1-score,support
accuracy,0.5493212669683258,0.5493212669683258,0.5493212669683258,0.5493212669683258
case,0.6148220244716351,0.544,0.5762575868332714,125.0
control,0.48426114023591094,0.55625,0.5169863227416922,96.0
macro avg,0.549541582353773,0.550125,0.5466219547874818,221.0
weighted avg,0.5581077942153929,0.5493212669683258,0.5505107933817256,221.0
