,precision,recall,f1-score,support
accuracy,0.6732701315457325,0.6732701315457325,0.6732701315457325,0.6732701315457325
case,0.743099298526746,0.6492007481296758,0.6927734286636362,400.8
control,0.6049514893996191,0.7048344583735133,0.6508996622287181,305.6
macro avg,0.6740253939631826,0.6770176032515945,0.6718365454461772,706.4
weighted avg,0.6833343198858745,0.6732701315457325,0.6746588354994174,706.4
