,precision,recall,f1-score,support
accuracy,0.5951280397161529,0.5951280397161529,0.5951280397161529,0.5951280397161529
case,0.6818898175840081,0.5384114713216958,0.5992454065521782,400.8
control,0.5268666710369133,0.6695403407264545,0.5882218194747417,305.6
macro avg,0.6043782443104606,0.6039759060240751,0.5937336130134601,706.4
weighted avg,0.6148272044596739,0.5951280397161529,0.5944712564372984,706.4
