,precision,recall,f1-score,support
accuracy,0.5588934611793839,0.5588934611793839,0.5588934611793839,0.5588934611793839
case,0.6186640417064038,0.5818316708229426,0.5993764602747536,400.8
control,0.4906093579039862,0.528816029143898,0.5086350764220561,305.6
macro avg,0.5546366998051949,0.5553238499834203,0.5540057683484048,706.4
weighted avg,0.5632661786453188,0.5588934611793839,0.560119214970658,706.4
