,precision,recall,f1-score,support
accuracy,0.619517205957884,0.619517205957884,0.619517205957884,0.619517205957884
case,0.6833053688644125,0.6206534653465346,0.6491657969186115,100.2
control,0.5530527629362293,0.6179425837320573,0.5823183769819777,76.4
macro avg,0.6181790659003209,0.6192980245392959,0.6157420869502946,176.6
weighted avg,0.6269518296045292,0.619517205957884,0.6202626328002433,176.6
