,precision,recall,f1-score,support
accuracy,0.6013803287108372,0.6013803287108372,0.6013803287108372,0.6013803287108372
case,0.6678878163293753,0.5967524752475247,0.6287771433650438,100.2
control,0.5347448976542141,0.6074846206425153,0.5675560581994337,76.4
macro avg,0.6013163569917948,0.6021185479450201,0.5981666007822387,176.6
weighted avg,0.6103010275394473,0.6013803287108372,0.6022906877605667,176.6
