,precision,recall,f1-score,support
accuracy,0.5991140215716487,0.5991140215716487,0.5991140215716487,0.5991140215716487
case,0.6746728223053046,0.5727524752475247,0.6178125405134283,100.2
control,0.5303855501223922,0.6335953520164047,0.5760480116290971,76.4
macro avg,0.6025291862138483,0.6031739136319647,0.5969302760712627,176.6
weighted avg,0.6122595784540261,0.5991140215716487,0.5997678417129274,176.6
