,precision,recall,f1-score,support
accuracy,0.6761049961734337,0.6761049961734337,0.6761049961734337,0.6761049961734337
case,0.7266895621566147,0.6881172069825436,0.7067565293845826,400.8
control,0.6176368692262796,0.6603664416586307,0.6381441922853404,305.6
macro avg,0.6721632156914471,0.6742418243205872,0.6724503608349615,706.4
weighted avg,0.6795132931564398,0.6761049961734337,0.677071215549953,706.4
