,precision,recall,f1-score,support
accuracy,0.5647058823529412,0.5647058823529412,0.5647058823529412,0.5647058823529412
case,0.6226216365501459,0.584,0.602520072686447,125.0
control,0.4995835012721364,0.5395833333333333,0.518609312543268,96.0
macro avg,0.5611025689111412,0.5617916666666667,0.5605646926148575,221.0
weighted avg,0.5691752067461237,0.5647058823529412,0.566070149728324,221.0
