,precision,recall,f1-score,support
accuracy,0.551131221719457,0.551131221719457,0.551131221719457,0.551131221719457
case,0.6125179997800027,0.568,0.588163281243188,125.0
control,0.483786958318393,0.5291666666666666,0.5041098015768284,96.0
macro avg,0.5481524790491978,0.5485833333333334,0.5461365414100082,221.0
weighted avg,0.5565986333532401,0.551131221719457,0.5516513624740906,221.0
