,precision,recall,f1-score,support
accuracy,0.5175847457627119,0.5175847457627119,0.5175847457627119,0.5175847457627119
case,0.5944700790922895,0.46302970297029694,0.5188239100438639,100.2
control,0.4568318551849961,0.5890293916609706,0.5135498559467867,76.4
macro avg,0.5256509671386429,0.5260295473156338,0.5161868829953252,176.6
weighted avg,0.5349421832398226,0.5175847457627119,0.516575070686006,176.6
