,precision,recall,f1-score,support
accuracy,0.669024045261669,0.669024045261669,0.669024045261669,0.669024045261669
case,0.7278314565096393,0.6656645885286783,0.69522376876852,400.8
control,0.6058629511722172,0.6734233365477339,0.6377209518788592,305.6
macro avg,0.6668472038409282,0.6695439625382061,0.6664723603236896,706.4
weighted avg,0.6750651360938469,0.669024045261669,0.6703481714889861,706.4
