,precision,recall,f1-score,support
accuracy,0.5221719457013575,0.5221719457013575,0.5221719457013575,0.5221719457013575
case,0.5756345949968924,0.584,0.578913825502201,125.0
control,0.45166654632393055,0.4416666666666667,0.4452207107797683,96.0
macro avg,0.5136505706604114,0.5128333333333333,0.5120672681409847,221.0
weighted avg,0.5217842209127099,0.5221719457013575,0.5208389883377054,221.0
