,precision,recall,f1-score,support
accuracy,0.5129686697483308,0.5129686697483308,0.5129686697483308,0.5129686697483308
case,0.5722321260451009,0.5567920792079207,0.5641283326623048,100.2
control,0.4402556384398374,0.4555023923444976,0.44743499451100865,76.4
macro avg,0.5062438822424692,0.5061472357762091,0.5057816635866568,176.6
weighted avg,0.5151441033763753,0.5129686697483308,0.5136465989982337,176.6
