,precision,recall,f1-score,support
accuracy,0.5243836671802773,0.5243836671802773,0.5243836671802773,0.5243836671802773
case,0.5905472604888622,0.5268910891089109,0.5563976548157075,100.2
control,0.4565421094539639,0.5210184552289816,0.486215463080559,76.4
macro avg,0.523544684971413,0.5239547721689461,0.5213065589481333,176.6
weighted avg,0.5325803950639628,0.5243836671802773,0.5260553846914839,176.6
