,precision,recall,f1-score,support
accuracy,0.5393665158371042,0.5393665158371042,0.5393665158371042,0.5393665158371042
case,0.6147492532544775,0.4992,0.5492286687812225,125.0
control,0.475991882199171,0.5916666666666667,0.5264815369089606,96.0
macro avg,0.5453705677268242,0.5454333333333334,0.5378551028450915,221.0
weighted avg,0.5544745581354305,0.5393665158371042,0.5393475617235882,221.0
