,precision,recall,f1-score,support
accuracy,0.6157991112749478,0.6157991112749478,0.6157991112749478,0.6157991112749478
case,0.6874509786328973,0.5918154613466334,0.6359110365702728,400.8
control,0.5476042221140139,0.6472495446265938,0.5931422554749564,305.6
macro avg,0.6175276003734556,0.6195325029866136,0.6145266460226146,706.4
weighted avg,0.6269508489380466,0.6157991112749478,0.6174094607815114,706.4
