,precision,recall,f1-score,support
accuracy,0.4588235294117647,0.4588235294117647,0.4588235294117647,0.4588235294117647
case,0.5262567563020812,0.43200000000000005,0.47437827889468204,125.0
control,0.4003275492343101,0.49375,0.4420783477682467,96.0
macro avg,0.46329215276819563,0.4628749999999999,0.4582283133314644,221.0
weighted avg,0.47155447630884123,0.4588235294117647,0.4603475395818413,221.0
