,precision,recall,f1-score,support
accuracy,0.5900038520801233,0.5900038520801233,0.5900038520801233,0.5900038520801233
case,0.6634925531052549,0.560970297029703,0.6051562203091427,100.2
control,0.525328730143846,0.6285030758714969,0.5697920364590192,76.4
macro avg,0.5944106416245505,0.5947366864505998,0.5874741283840811,176.6
weighted avg,0.6037613039953886,0.5900038520801233,0.5897860628150016,176.6
