,precision,recall,f1-score,support
accuracy,0.6650588409711065,0.6650588409711065,0.6650588409711065,0.6650588409711065
case,0.7181626785646834,0.675143391521197,0.695050581842039,400.8
control,0.6068281366444901,0.6518461373620485,0.6272110405584789,305.6
macro avg,0.6624954076045868,0.6634947644416227,0.661130811200259,706.4
weighted avg,0.6700006991911427,0.6650588409711065,0.6657007587345533,706.4
