,precision,recall,f1-score,support
accuracy,0.4914027149321267,0.4914027149321267,0.4914027149321267,0.4914027149321267
case,0.5632308792785887,0.46719999999999995,0.5098535311905323,125.0
control,0.4275685055917301,0.5229166666666666,0.46981136035296045,96.0
macro avg,0.49539969243515947,0.4950583333333333,0.48983244577174634,221.0
weighted avg,0.5043006174055642,0.4914027149321267,0.4924596470257952,221.0
