,precision,recall,f1-score,support
accuracy,0.5518137123303589,0.5518137123303589,0.5518137123303589,0.5518137123303589
case,0.6142520699223768,0.5648703241895262,0.5885100962288685,400.8
control,0.4836953479758839,0.5346919532840458,0.5078989189905908,305.6
macro avg,0.5489737089491303,0.549781138736786,0.5482045076097296,706.4
weighted avg,0.5577718536448882,0.5518137123303588,0.5536362912301522,706.4
