,precision,recall,f1-score,support
accuracy,0.4615384615384615,0.4615384615384615,0.4615384615384615,0.4615384615384615
case,0.5323405460035869,0.3952,0.45265461200706236,125.0
control,0.41002444891058476,0.5479166666666666,0.4685098344715781,96.0
macro avg,0.4711824974570858,0.4715583333333333,0.46058222323932024,221.0
weighted avg,0.4792077617459932,0.4615384615384615,0.4595419484622366,221.0
