,precision,recall,f1-score,support
accuracy,0.6319356014921605,0.6319356014921605,0.6319356014921605,0.6319356014921605
case,0.6921657203919569,0.6327394014962593,0.6610428916790871,400.8
control,0.567176783775403,0.630898960677167,0.597261887100614,305.6
macro avg,0.62967125208368,0.6318191810867132,0.6291523893898505,706.4
weighted avg,0.6380963975623826,0.6319356014921605,0.6334479009334708,706.4
