,precision,recall,f1-score,support
accuracy,0.5571199280945043,0.5571199280945043,0.5571199280945043,0.5571199280945043
case,0.6141039182451261,0.5886534653465347,0.6006693940657355,100.2
control,0.48986000470018737,0.5156185919343814,0.5018747195251919,76.4
macro avg,0.5519819614726568,0.5521360286404581,0.5512720567954636,176.6
weighted avg,0.5603470624931959,0.5571199280945043,0.5579569457920797,176.6
