,precision,recall,f1-score,support
accuracy,0.6656310228351852,0.6656310228351852,0.6656310228351852,0.6656310228351852
case,0.7226901070247461,0.6661870324189526,0.6931312739413408,400.8
control,0.6034769093501093,0.6649244615879139,0.6325300064366058,305.6
macro avg,0.6630835081874278,0.6655557470034332,0.6628306401889733,706.4
weighted avg,0.6711208736954136,0.6656310228351852,0.6669115041403476,706.4
