,precision,recall,f1-score,support
accuracy,0.655720416234258,0.655720416234258,0.655720416234258,0.655720416234258
case,0.7302404060573415,0.6257443890274315,0.6730261936227507,400.8
control,0.5866842243379972,0.6949876781313618,0.6353629572343149,305.6
macro avg,0.6584623151976693,0.6603660335793966,0.6541945754285329,706.4
weighted avg,0.6681299908370294,0.655720416234258,0.6567396853322451,706.4
