,precision,recall,f1-score,support
accuracy,0.45248868778280543,0.45248868778280543,0.45248868778280543,0.45248868778280543
case,0.5173971866271371,0.45280000000000004,0.4813207752012917,125.0
control,0.3875599972663352,0.4520833333333333,0.4160030068959659,96.0
macro avg,0.4524785919467361,0.45244166666666663,0.4486618910486288,221.0
weighted avg,0.46099732156543133,0.45248868778280543,0.45294744598268866,221.0
