,precision,recall,f1-score,support
accuracy,0.6047829994863892,0.6047829994863892,0.6047829994863892,0.6047829994863892
case,0.6644137582745835,0.6127524752475247,0.637049073143314,100.2
control,0.5399828853317226,0.5941558441558442,0.5652580362341209,76.4
macro avg,0.602198321803153,0.6034541597016845,0.6011535546887175,176.6
weighted avg,0.6105806498806173,0.6047829994863892,0.6060275688542921,176.6
