,precision,recall,f1-score,support
accuracy,0.5031674208144796,0.5031674208144796,0.5031674208144796,0.5031674208144796
case,0.5725223956554717,0.4816,0.5226431705233666,125.0
control,0.4401580645643991,0.53125,0.48103025717090997,96.0
macro avg,0.5063402301099355,0.5064249999999999,0.5018367138471382,221.0
weighted avg,0.5150247676702093,0.5031674208144796,0.5045669728680008,221.0
