,precision,recall,f1-score,support
accuracy,0.6155254416578849,0.6155254416578849,0.6155254416578849,0.6155254416578849
case,0.6712628630699259,0.6342431421446384,0.6500776438620888,400.8
control,0.5545512815455778,0.5909032465445194,0.5695527374586182,305.6
macro avg,0.6129070723077519,0.6125731943445789,0.6098151906603536,706.4
weighted avg,0.6207644730462409,0.6155254416578849,0.6152537680480042,706.4
