,precision,recall,f1-score,support
accuracy,0.5058823529411764,0.5058823529411764,0.5058823529411764,0.5058823529411764
case,0.5838181417760979,0.44000000000000006,0.5004797938180452,125.0
control,0.44814908460926156,0.5916666666666666,0.509258134949482,96.0
macro avg,0.5159836131926797,0.5158333333333334,0.5048689643837636,221.0
weighted avg,0.5248849766719518,0.5058823529411764,0.5042930098751398,221.0
