,precision,recall,f1-score,support
accuracy,0.5130713918849512,0.5130713918849512,0.5130713918849512,0.5130713918849512
case,0.5795619784904282,0.526930693069307,0.5511930105676972,100.2
control,0.4420065617640711,0.49494190020505807,0.4662562462400124,76.4
macro avg,0.5107842701272497,0.5109362966371825,0.5087246284038548,176.6
weighted avg,0.5200673046432601,0.5130713918849512,0.5144448453355309,176.6
