,precision,recall,f1-score,support
accuracy,0.6024460708782742,0.6024460708782742,0.6024460708782742,0.6024460708782742
case,0.6668257925995186,0.5967524752475247,0.6294850869198969,100.2
control,0.5365470979680438,0.6099111414900888,0.570564073915593,76.4
macro avg,0.6016864452837812,0.6033318083688067,0.600024580417745,176.6
weighted avg,0.6104738233631952,0.6024460708782742,0.6039997306483738,176.6
