,precision,recall,f1-score,support
accuracy,0.560567539804828,0.560567539804828,0.560567539804828,0.560567539804828
case,0.6172556860429126,0.6025742574257426,0.604341892042968,100.2
control,0.4960676985719431,0.5057074504442925,0.4938020584282531,76.4
macro avg,0.5566616923074278,0.5541408539350176,0.5490719752356105,176.6
weighted avg,0.5648360589516384,0.560567539804828,0.5564733794089112,176.6
