,precision,recall,f1-score,support
accuracy,0.5438817009989141,0.5438817009989141,0.5438817009989141,0.5438817009989141
case,0.6045363802200626,0.5668690773067332,0.5850159648500737,400.8
control,0.4750083184496428,0.5137297760634307,0.49351882342138625,305.6
macro avg,0.5397723493348527,0.540299426685082,0.53926739413573,706.4
weighted avg,0.5485016742515345,0.5438817009989141,0.5454342048813361,706.4
