,precision,recall,f1-score,support
accuracy,0.6698751056813492,0.6698751056813492,0.6698751056813492,0.6698751056813492
case,0.7298823288419376,0.6651596009975063,0.6955444306085597,400.8
control,0.606510118554196,0.6760698596378443,0.6389249694576995,305.6
macro avg,0.6681962236980669,0.6706147303176753,0.6672347000331297,706.4
weighted avg,0.6765115987177561,0.6698751056813492,0.6710487642444619,706.4
