,precision,recall,f1-score,support
accuracy,0.4624434389140271,0.4624434389140271,0.4624434389140271,0.4624434389140271
case,0.5267521759047182,0.4896,0.5074254959963441,125.0
control,0.39109233808262933,0.4270833333333333,0.408226661977229,96.0
macro avg,0.45892225699367384,0.45834166666666665,0.45782607898678657,221.0
weighted avg,0.4678230155838108,0.4624434389140271,0.46433459977084607,221.0
