,precision,recall,f1-score,support
accuracy,0.49502262443438916,0.49502262443438916,0.49502262443438916,0.49502262443438916
case,0.5558109435627069,0.5328,0.5432193171363753,125.0
control,0.42286171176493753,0.4458333333333334,0.43314372924730415,96.0
macro avg,0.48933632766382223,0.4893166666666667,0.4881815231918397,221.0
weighted avg,0.4980592410623183,0.49502262443438916,0.4954036771483625,221.0
