,precision,recall,f1-score,support
accuracy,0.5004524886877828,0.5004524886877828,0.5004524886877828,0.5004524886877828
case,0.5664397012331965,0.5024,0.5278702168731001,125.0
control,0.43278711467152464,0.4979166666666666,0.4591355169210759,96.0
macro avg,0.49961340795236053,0.5001583333333333,0.49350286689708805,221.0
weighted avg,0.5083824690616106,0.5004524886877828,0.49801260965412125,221.0
