,precision,recall,f1-score,support
accuracy,0.6670394396784883,0.6670394396784883,0.6670394396784883,0.6670394396784883
case,0.7267150419545737,0.6621807980049875,0.6929463440075769,400.8
control,0.6031709785961538,0.6734083360120005,0.6363549407254638,305.6
macro avg,0.6649430102753637,0.6677945670084939,0.6646506423665203,706.4
weighted avg,0.6732688327791712,0.6670394396784883,0.6684651751693831,706.4
