,precision,recall,f1-score,support
accuracy,0.4588235294117647,0.4588235294117647,0.4588235294117647,0.4588235294117647
case,0.522688819704576,0.5056,0.5139674041774234,125.0
control,0.3814117702832239,0.39791666666666664,0.3894510232077337,96.0
macro avg,0.4520502949938999,0.4517583333333334,0.45170921369257855,221.0
weighted avg,0.46131960366634156,0.4588235294117647,0.45987884049828215,221.0
