,precision,recall,f1-score,support
accuracy,0.6149332306111968,0.6149332306111968,0.6149332306111968,0.6149332306111968
case,0.6851138051931178,0.5968514851485148,0.6343745414842837,100.2
control,0.5509040809265697,0.6384825700615174,0.5887510847512478,76.4
macro avg,0.6180089430598438,0.6176670276050161,0.6115628131177658,176.6
weighted avg,0.627051930403953,0.6149332306111968,0.6146752132033394,176.6
