,precision,recall,f1-score,support
accuracy,0.5605354391371341,0.5605354391371341,0.5605354391371341,0.5605354391371341
case,0.6257575964060986,0.5727326732673268,0.595090240265768,100.2
control,0.49121799062874577,0.5442583732057417,0.5136203361829437,76.4
macro avg,0.5584877935174222,0.5584955232365342,0.5543552882243559,176.6
weighted avg,0.567563900220523,0.5605354391371341,0.5599105840686475,176.6
