,precision,recall,f1-score,support
accuracy,0.6316491098725413,0.6316491098725413,0.6316491098725413,0.6316491098725413
case,0.6862931796590755,0.6467044887780549,0.6656285335308528,400.8
control,0.5694008531637431,0.6118954248366013,0.5895380021618946,305.6
macro avg,0.6278470164114094,0.6292999568073281,0.6275832678463737,706.4
weighted avg,0.6357247224544518,0.6316491098725413,0.6327128432775522,706.4
