,precision,recall,f1-score,support
accuracy,0.6285310734463276,0.6285310734463276,0.6285310734463276,0.6285310734463276
case,0.6932642274413615,0.6187920792079208,0.6536151276439044,100.2
control,0.5626343373239834,0.6412850307587149,0.5991109691224108,76.4
macro avg,0.6279492823826724,0.6300385549833178,0.6263630483831577,176.6
weighted avg,0.6367620298342882,0.6285310734463276,0.630045218686884,176.6
