,precision,recall,f1-score,support
accuracy,0.490497737556561,0.490497737556561,0.490497737556561,0.490497737556561
case,0.5497373439885068,0.5456000000000001,0.5472519250104879,125.0
control,0.41464808265723596,0.41875,0.416217154014232,96.0
macro avg,0.4821927133228714,0.48217499999999996,0.4817345395123599,221.0
weighted avg,0.49105603589890495,0.490497737556561,0.4903318434917523,221.0
