,precision,recall,f1-score,support
accuracy,0.47330316742081446,0.47330316742081446,0.47330316742081446,0.47330316742081446
case,0.5388368245849064,0.48,0.5073284472722353,125.0
control,0.4065795802657874,0.4645833333333333,0.43330780768445054,96.0
macro avg,0.4727082024253469,0.47229166666666667,0.4703181274783429,221.0
weighted avg,0.4813857139304475,0.47330316742081446,0.47517468527935136,221.0
