,precision,recall,f1-score,support
accuracy,0.6715744217076504,0.6715744217076504,0.6715744217076504,0.6715744217076504
case,0.7312403462475097,0.6661708229426434,0.6969210807675862,400.8
control,0.6083259738723856,0.6786842387228116,0.6413000383510475,305.6
macro avg,0.6697831600599476,0.6724275308327274,0.6691105595593168,706.4
weighted avg,0.6780696270200451,0.6715744217076504,0.6728556308032433,706.4
