,precision,recall,f1-score,support
accuracy,0.4665767847971238,0.4665767847971238,0.4665767847971238,0.4665767847971238
case,0.5330803734418192,0.484970297029703,0.5069017798604093,100.2
control,0.3944409812838702,0.44220779220779216,0.416009678894841,76.4
macro avg,0.46376067736284465,0.4635890446187475,0.4614557293776252,176.6
weighted avg,0.4731200857719456,0.4665767847971238,0.4676420505178173,176.6
