,precision,recall,f1-score,support
accuracy,0.4926296866974833,0.4926296866974833,0.4926296866974833,0.4926296866974833
case,0.5583438085268011,0.5068316831683168,0.5300733068255935,100.2
control,0.4225767428190045,0.47388926862611075,0.44557029885324095,76.4
macro avg,0.49046027567290273,0.4903604758972138,0.4878218028394173,176.6
weighted avg,0.49961383414191046,0.4926296866974833,0.49354311051448485,176.6
