,precision,recall,f1-score,support
accuracy,0.6090002444194237,0.6090002444194237,0.6090002444194237,0.6090002444194237
case,0.6739405361219963,0.6063266832917706,0.6360563559885242,400.8
control,0.5445129737395515,0.6125704489446051,0.5743552977466871,305.6
macro avg,0.6092267549307738,0.6094485661181879,0.6052058268676056,706.4
weighted avg,0.6179552978082545,0.6090002444194237,0.6093534348331872,706.4
