,precision,recall,f1-score,support
accuracy,0.6432331792501284,0.6432331792501284,0.6432331792501284,0.6432331792501284
case,0.7090087403431109,0.6327920792079208,0.6682288195125707,100.2
control,0.5765091360138157,0.656971975393028,0.6135938400851708,76.4
macro avg,0.6427589381784633,0.6448820273004744,0.6409113297988707,176.6
weighted avg,0.6517077533106922,0.6432331792501284,0.6445934684414698,176.6
