,precision,recall,f1-score,support
accuracy,0.5339366515837104,0.5339366515837104,0.5339366515837104,0.5339366515837104
case,0.5918036961844378,0.5648,0.5748708323454774,125.0
control,0.4695328208324193,0.49375,0.4765256410056066,96.0
macro avg,0.5306682585084286,0.5292749999999999,0.525698236675542,221.0
weighted avg,0.5386905557600316,0.5339366515837104,0.5321507492295154,221.0
