,precision,recall,f1-score,support
accuracy,0.5888803287108372,0.5888803287108372,0.5888803287108372,0.5888803287108372
case,0.6539628291566529,0.5907128712871288,0.6179612091650785,100.2
control,0.5225770764146114,0.5861244019138756,0.5499139836438882,76.4
macro avg,0.5882699527856322,0.5884186366005022,0.5839375964044834,176.6
weighted avg,0.597119203022784,0.5888803287108372,0.5885970658969585,176.6
