,precision,recall,f1-score,support
accuracy,0.6534601375961149,0.6534601375961149,0.6534601375961149,0.6534601375961149
case,0.6985722225005319,0.6851521197007482,0.6911859938694146,400.8
control,0.5985101498842711,0.6118975677702775,0.6042554622277652,305.6
macro avg,0.6485411861924014,0.6485248437355129,0.6477207280485899,706.4
weighted avg,0.6552851499265847,0.6534601375961149,0.6535787417664347,706.4
