,precision,recall,f1-score,support
accuracy,0.6786533691815155,0.6786533691815155,0.6786533691815155,0.6786533691815155
case,0.7440670034568402,0.6651895261845386,0.700421783596824,400.8
control,0.6148199992658883,0.6963184399442837,0.6513720283296858,305.6
macro avg,0.6794435013613642,0.6807539830644112,0.6758969059632549,706.4
weighted avg,0.6881534486114983,0.6786533691815155,0.6792010643879018,706.4
