,precision,recall,f1-score,support
accuracy,0.5285067873303168,0.5285067873303168,0.5285067873303168,0.5285067873303168
case,0.5897467900497749,0.5456,0.566678677836095,125.0
control,0.4613996115918638,0.50625,0.4826479499741355,96.0
macro avg,0.5255732008208194,0.525925,0.5246633139051152,221.0
weighted avg,0.533994169543171,0.5285067873303168,0.5301766422037506,221.0
