,precision,recall,f1-score,support
accuracy,0.5095022624434389,0.5095022624434389,0.5095022624434389,0.5095022624434389
case,0.5824456111264622,0.46560000000000007,0.5172393441738926,125.0
control,0.4494144052894019,0.5666666666666667,0.5010907295027044,96.0
macro avg,0.5159300082079321,0.5161333333333333,0.5091650368382985,221.0
weighted avg,0.5246582999936216,0.5095022624434389,0.5102245613302996,221.0
