,precision,recall,f1-score,support
accuracy,0.47873303167420805,0.47873303167420805,0.47873303167420805,0.47873303167420805
case,0.5422096908939015,0.5056,0.5230363755248401,125.0
control,0.40766145473366233,0.44375,0.4247011366345578,96.0
macro avg,0.4749355728137819,0.47467499999999996,0.4738687560796988,221.0
weighted avg,0.48376339826320935,0.47873303167420805,0.48032061564489836,221.0
