,precision,recall,f1-score,support
accuracy,0.6911091432898855,0.6911091432898855,0.6911091432898855,0.6911091432898855
case,0.7495207518794966,0.685138403990025,0.7155617388006386,400.8
control,0.6288115108412672,0.6989156755598415,0.6616874389124681,305.6
macro avg,0.689166131360382,0.6920270397749333,0.6886245888565533,706.4
weighted avg,0.6972974220916118,0.6911091432898855,0.6922587482329197,706.4
