,precision,recall,f1-score,support
accuracy,0.5436376476630713,0.5436376476630713,0.5436376476630713,0.5436376476630713
case,0.5939719531762397,0.6168316831683168,0.6045948511024682,100.2
control,0.4720575153821479,0.44750512645249485,0.45856805239253084,76.4
macro avg,0.5330147342791939,0.5321684048104058,0.5315814517474996,176.6
weighted avg,0.5412388885026712,0.5436376476630713,0.5414555958337413,176.6
