,precision,recall,f1-score,support
accuracy,0.5865883410374936,0.5865883410374936,0.5865883410374936,0.5865883410374936
case,0.6486101930778865,0.5966732673267326,0.6151350828462093,100.2
control,0.5256748794552496,0.5733766233766234,0.5431467578770931,76.4
macro avg,0.587142536266568,0.585024945351678,0.5791409203616512,176.6
weighted avg,0.5954431615758842,0.5865883410374936,0.583995381629389,176.6
