,precision,recall,f1-score,support
accuracy,0.5119157678479713,0.5119157678479713,0.5119157678479713,0.5119157678479713
case,0.583394239796962,0.491009900990099,0.5325590411874987,100.2
control,0.44659253837837143,0.539336978810663,0.4880567378582774,76.4
macro avg,0.5149933890876668,0.515173439900381,0.5103078895228881,176.6
weighted avg,0.5242282632398474,0.5119157678479713,0.5133145223015695,176.6
