,precision,recall,f1-score,support
accuracy,0.7341433900573384,0.7341433900573384,0.7341433900573384,0.7341433900573384
case,0.7831380428148206,0.7350299251870325,0.7582883957865099,400.8
control,0.6784208144326807,0.7329818922104361,0.7046062828771607,305.6
macro avg,0.7307794286237506,0.7340059086987343,0.7314473393318353,706.4
weighted avg,0.7378363631310231,0.7341433900573384,0.7350647365855791,706.4
