,precision,recall,f1-score,support
accuracy,0.6460975033156897,0.6460975033156897,0.6460975033156897,0.6460975033156897
case,0.7052403039534261,0.6476957605985036,0.674813360153241,400.8
control,0.5824442545466759,0.6439687131683274,0.6112260128785405,305.6
macro avg,0.6438422792500511,0.6458322368834156,0.6430196865158908,706.4
weighted avg,0.652112305262088,0.6460975033156897,0.6473092179646118,706.4
