,precision,recall,f1-score,support
accuracy,0.6465588084232152,0.6465588084232152,0.6465588084232152,0.6465588084232152
case,0.6997347926921968,0.6606732673267327,0.6790962265144632,100.2
control,0.5868386519206646,0.6282296650717704,0.6061308691174285,76.4
macro avg,0.6432867223064308,0.6444514661992515,0.6426135478159459,176.6
weighted avg,0.6509390002332877,0.6465588084232152,0.647513637599631,176.6
