,precision,recall,f1-score,support
accuracy,0.5149321266968326,0.5149321266968326,0.5149321266968326,0.5149321266968326
case,0.5778808091524208,0.5248,0.5497003291399344,125.0
control,0.4485694762155209,0.5020833333333334,0.4735000721678599,96.0
macro avg,0.5132251426839709,0.5134416666666667,0.5116002006538971,221.0
weighted avg,0.5217093704106001,0.5149321266968326,0.5165997650253681,221.0
