,precision,recall,f1-score,support
accuracy,0.704702068749975,0.704702068749975,0.704702068749975,0.704702068749975
case,0.7693233013803897,0.6851433915211971,0.7246579055167911,400.8
control,0.639008924887832,0.7303675131254688,0.6814985612559972,305.6
macro avg,0.7041661131341109,0.7077554523233329,0.7030782333863941,706.4
weighted avg,0.7129502675778302,0.704702068749975,0.7059850565004357,706.4
