,precision,recall,f1-score,support
accuracy,0.5514316897791474,0.5514316897791474,0.5514316897791474,0.5514316897791474
case,0.6144648162295221,0.5586930693069306,0.5836437164064044,100.2
control,0.48532966849908377,0.5419343814080656,0.5105050414762475,76.4
macro avg,0.549897242364303,0.5503137253574981,0.5470743789413259,176.6
weighted avg,0.5585941389439492,0.5514316897791474,0.551994607472601,176.6
