,precision,recall,f1-score,support
accuracy,0.7313077240544775,0.7313077240544775,0.7313077240544775,0.7313077240544775
case,0.787131181546536,0.7215523690773067,0.7528407240439225,400.8
control,0.6710220900981682,0.7441080038572807,0.7055965698229094,305.6
macro avg,0.729076635822352,0.7328301864672937,0.729218646933416,706.4
weighted avg,0.7369022936014487,0.7313077240544775,0.7324017636547819,706.4
