,precision,recall,f1-score,support
accuracy,0.4968325791855204,0.4968325791855204,0.4968325791855204,0.4968325791855204
case,0.5603861825238391,0.5216000000000001,0.5400222279543383,125.0
control,0.42568174126048985,0.4645833333333333,0.4440040438873127,96.0
macro avg,0.4930339618921645,0.49309166666666665,0.4920131359208256,221.0
weighted avg,0.5018720360927009,0.4968325791855204,0.498312971527033,221.0
