,precision,recall,f1-score,support
accuracy,0.6149974319465845,0.6149974319465845,0.6149974319465845,0.6149974319465845
case,0.680112351539348,0.6106930693069307,0.6424484223113663,100.2
control,0.5484088473413362,0.6205399863294601,0.581157825133276,76.4
macro avg,0.6142605994403422,0.6156165278181953,0.6118031237223212,176.6
weighted avg,0.623131400259908,0.6149974319465845,0.6159533651612736,176.6
