,precision,recall,f1-score,support
accuracy,0.6741239967784718,0.6741239967784718,0.6741239967784718,0.6741239967784718
case,0.7228103887326551,0.692133416458853,0.7063458287403215,400.8
control,0.6180914018127807,0.6505153755491268,0.6328335815101009,305.6
macro avg,0.6704508952727178,0.6713243960039899,0.6695897051252112,706.4
weighted avg,0.6775086810727229,0.6741239967784718,0.6745415784826272,706.4
