,precision,recall,f1-score,support
accuracy,0.4778280542986425,0.4778280542986425,0.4778280542986425,0.4778280542986425
case,0.5432958758116552,0.4864,0.5130958145335828,125.0
control,0.4104205808220767,0.4666666666666667,0.43657765574128254,96.0
macro avg,0.47685822831686586,0.47653333333333325,0.4748367351374327,221.0
weighted avg,0.48557629065781105,0.4778280542986425,0.47985715732063794,221.0
