,precision,recall,f1-score,support
accuracy,0.677516217829796,0.677516217829796,0.677516217829796,0.677516217829796
case,0.7339651803352798,0.678149625935162,0.7047462862485822,400.8
control,0.6156587041230999,0.6767148826743812,0.6445073249455653,305.6
macro avg,0.6748119422291898,0.6774322543047717,0.6746268055970737,706.4
weighted avg,0.6827878650407719,0.677516217829796,0.6786816379860786,706.4
