,precision,recall,f1-score,support
accuracy,0.5085972850678733,0.5085972850678733,0.5085972850678733,0.5085972850678733
case,0.5740038359349604,0.5136000000000001,0.5417626566635028,125.0
control,0.441455183379525,0.5020833333333333,0.4694961976199724,96.0
macro avg,0.5077295096572427,0.5078416666666666,0.5056294271417375,221.0
weighted avg,0.5164261407072599,0.5085972850678733,0.5103708916491184,221.0
