,precision,recall,f1-score,support
accuracy,0.514027149321267,0.514027149321267,0.514027149321267,0.514027149321267
case,0.5722801703609967,0.568,0.5687705565745041,125.0
control,0.4392846258353528,0.44375,0.4399834164622236,96.0
macro avg,0.5057823980981747,0.505875,0.5043769865183639,221.0
weighted avg,0.5145083501145631,0.514027149321267,0.5128268215031063,221.0
