,precision,recall,f1-score,support
accuracy,0.5549691833590138,0.5549691833590138,0.5549691833590138,0.5549691833590138
case,0.6124417460605078,0.5849504950495049,0.5982607482524018,100.2
control,0.4873874912974573,0.5156527682843473,0.5009811695137455,76.4
macro avg,0.5499146186789825,0.550301631666926,0.5496209588830736,176.6
weighted avg,0.5583528850824963,0.5549691833590138,0.5561809040210972,176.6
