,precision,recall,f1-score,support
accuracy,0.4995475113122172,0.4995475113122172,0.4995475113122172,0.4995475113122172
case,0.5633291579078719,0.5184,0.5396160632092755,125.0
control,0.42995234890385603,0.475,0.45103983615143284,96.0
macro avg,0.49664075340586394,0.49670000000000003,0.49532794968035415,221.0
weighted avg,0.5053917205124623,0.4995475113122172,0.5011395120891265,221.0
