,precision,recall,f1-score,support
accuracy,0.6466544590517328,0.6466544590517328,0.6466544590517328,0.6466544590517328
case,0.7119639762464363,0.6337269326683292,0.6703296950095824,400.8
control,0.5804501801692523,0.6636387013821923,0.6190295208098651,305.6
macro avg,0.6462070782078443,0.6486828170252606,0.6446796079097237,706.4
weighted avg,0.6550731415191662,0.6466544590517328,0.6481321525248036,706.4
