,precision,recall,f1-score,support
accuracy,0.6149653312788905,0.6149653312788905,0.6149653312788905,0.6149653312788905
case,0.6741421307523247,0.6226732673267327,0.647328983346185,100.2
control,0.549791223885901,0.6048872180451128,0.5759628672157129,76.4
macro avg,0.6119666773191128,0.6137802426859228,0.611645925280949,176.6
weighted avg,0.6203483240668344,0.6149653312788905,0.616449451518988,176.6
