,precision,recall,f1-score,support
accuracy,0.49230769230769234,0.49230769230769234,0.49230769230769234,0.49230769230769234
case,0.5486746609060773,0.576,0.5608250347304354,125.0
control,0.4098275699554471,0.3833333333333333,0.39441310802684343,96.0
macro avg,0.4792511154307622,0.4796666666666667,0.47761907137863935,221.0
weighted avg,0.48836099243883524,0.49230769230769234,0.4885375009587394,221.0
