,precision,recall,f1-score,support
accuracy,0.5742424242424242,0.5742424242424242,0.5742424242424242,0.5742424242424242
case,0.6316678688543014,0.608930693069307,0.6164089154908554,100.2
control,0.5098665655113994,0.5289473684210526,0.5137557103977375,76.4
macro avg,0.5707672171828504,0.5689390307451798,0.5650823129442963,176.6
weighted avg,0.5789906200251157,0.5742424242424242,0.5719659017639092,176.6
