,precision,recall,f1-score,support
accuracy,0.505225988700565,0.505225988700565,0.505225988700565,0.505225988700565
case,0.5582225199726236,0.597029702970297,0.5758521841326418,100.2
control,0.4258979806015525,0.3850307587149692,0.40258409509928744,76.4
macro avg,0.49206025028708805,0.49103023084263314,0.4892181396159646,176.6
weighted avg,0.5009565905258331,0.505225988700565,0.500839436026058,176.6
