,precision,recall,f1-score,support
accuracy,0.5889252696456087,0.5889252696456087,0.5889252696456087,0.5889252696456087
case,0.6358853067769468,0.6505940594059406,0.6422825835350819,100.2
control,0.5242783161844964,0.5077238550922761,0.5144992526001037,76.4
macro avg,0.5800818114807216,0.5791589572491084,0.5783909180675928,176.6
weighted avg,0.5875854507927484,0.5889252696456087,0.5870636738725663,176.6
