,precision,recall,f1-score,support
accuracy,0.4886877828054299,0.4886877828054299,0.4886877828054299,0.4886877828054299
case,0.5498968964715504,0.5296000000000001,0.5376541887690759,125.0
control,0.41486788398198743,0.4354166666666666,0.42270108224312175,96.0
macro avg,0.4823823902267689,0.4825083333333334,0.4801776355060987,221.0
weighted avg,0.4912417598245004,0.4886877828054299,0.4877198076537292,221.0
