,precision,recall,f1-score,support
accuracy,0.5990920419439758,0.5990920419439758,0.5990920419439758,0.5990920419439758
case,0.6521090208256849,0.6322556109725685,0.6410096917645371,400.8
control,0.5354455180608155,0.5555705560912889,0.5440499264481689,305.6
macro avg,0.5937772694432502,0.5939130835319288,0.592529809106353,706.4
weighted avg,0.6016397145634883,0.5990920419439758,0.5990698146867313,706.4
