,precision,recall,f1-score,support
accuracy,0.5742231638418079,0.5742231638418079,0.5742231638418079,0.5742231638418079
case,0.6364093567251462,0.5828118811881188,0.6078875078220688,100.2
control,0.5074544960431814,0.5628503075871497,0.5331549454442992,76.4
macro avg,0.5719319263841637,0.5728310943876342,0.5705212266331839,176.6
weighted avg,0.5806182262333942,0.5742231638418079,0.5755788836947415,176.6
