,precision,recall,f1-score,support
accuracy,0.5108050847457627,0.5108050847457627,0.5108050847457627,0.5108050847457627
case,0.56980526489024,0.5667524752475248,0.5679083368565885,100.2
control,0.434012942147154,0.4374231032125769,0.4352357490057446,76.4
macro avg,0.5019091035186969,0.5020877892300508,0.5015720429311665,176.6
weighted avg,0.5110509540267801,0.5108050847457627,0.5105093141355992,176.6
