,precision,recall,f1-score,support
accuracy,0.5058823529411764,0.5058823529411764,0.5058823529411764,0.5058823529411764
case,0.5600749973531727,0.592,0.574945767457026,125.0
control,0.42485250110687345,0.39375,0.40775014040377167,96.0
macro avg,0.49246374923002306,0.492875,0.4913479539303989,221.0
weighted avg,0.5013358134633774,0.5058823529411764,0.5023178027642097,221.0
