,precision,recall,f1-score,support
accuracy,0.6370343509462237,0.6370343509462237,0.6370343509462237,0.6370343509462237
case,0.6896029859913758,0.6556832917705735,0.6720893804713335,400.8
control,0.5756721273528209,0.612600450016072,0.5934055217779595,305.6
macro avg,0.6326375566720983,0.6341418708933227,0.6327474511246465,706.4
weighted avg,0.640317158173983,0.6370343509462237,0.6380454710713519,706.4
