,precision,recall,f1-score,support
accuracy,0.6435455241193889,0.6435455241193889,0.6435455241193889,0.6435455241193889
case,0.6954509795330661,0.6641184538653366,0.6776314461980937,400.8
control,0.585352275334153,0.6165027322404372,0.5984592143463914,305.6
macro avg,0.6404016274336095,0.640310593052887,0.6380453302722426,706.4
weighted avg,0.6478127471610573,0.6435455241193889,0.6433895052386067,706.4
