,precision,recall,f1-score,support
accuracy,0.5384615384615385,0.5384615384615385,0.5384615384615385,0.5384615384615385
case,0.5814784117306278,0.6527999999999999,0.6145136478474201,125.0
control,0.46494322032856017,0.38958333333333334,0.4228264038938496,96.0
macro avg,0.5232108160295941,0.5211916666666666,0.5186700258706349,221.0
weighted avg,0.5308567901261096,0.5384615384615385,0.5312467907454167,221.0
