,precision,recall,f1-score,support
accuracy,0.48235294117647054,0.48235294117647054,0.48235294117647054,0.48235294117647054
case,0.5422848742004304,0.5424,0.5421228946326943,125.0
control,0.4042024184815946,0.4041666666666667,0.40391239260188216,96.0
macro avg,0.47324364634101246,0.4732833333333334,0.4730176436172882,221.0
weighted avg,0.4823033549741488,0.48235294117647054,0.48208575347903826,221.0
