,precision,recall,f1-score,support
accuracy,0.5175462249614793,0.5175462249614793,0.5175462249614793,0.5175462249614793
case,0.5859233306397729,0.5087722772277228,0.5431727630176114,100.2
control,0.4513647012434908,0.5286397812713602,0.4856247143473559,76.4
macro avg,0.5186440159416319,0.5187060292495416,0.5143987386824838,176.6
weighted avg,0.5277124430409957,0.5175462249614793,0.5183667299866,176.6
