,precision,recall,f1-score,support
accuracy,0.60698510529019,0.60698510529019,0.60698510529019,0.60698510529019
case,0.6764797851031239,0.590871287128713,0.630159900908933,100.2
control,0.5394545559298176,0.6280246069719754,0.5798349302646573,76.4
macro avg,0.6079671705164708,0.609447947050344,0.6049974155867952,176.6
weighted avg,0.6172088970231127,0.60698510529019,0.6084130400944268,176.6
