,precision,recall,f1-score,support
accuracy,0.6778051135748945,0.6778051135748945,0.6778051135748945,0.6778051135748945
case,0.7447459624149187,0.6576907730673317,0.698395016931807,400.8
control,0.6107996960388018,0.7041744348012429,0.6540607501790888,305.6
macro avg,0.6777728292268603,0.6809326039342872,0.6762278835554479,706.4
weighted avg,0.6867975836807069,0.6778051135748945,0.6792171311672803,706.4
