,precision,recall,f1-score,support
accuracy,0.6891257397694444,0.6891257397694444,0.6891257397694444,0.6891257397694444
case,0.7419463713753222,0.6936047381546134,0.7168231911586057,400.8
control,0.6297469991586839,0.6832186863816565,0.6552315258208121,305.6
macro avg,0.6858466852670031,0.6884117122681349,0.686027358489709,706.4
weighted avg,0.6934024077579342,0.6891257397694444,0.6901823000199805,706.4
