,precision,recall,f1-score,support
accuracy,0.597894196199281,0.597894196199281,0.597894196199281,0.597894196199281
case,0.6642444811278383,0.5829900990099011,0.6188049637781206,100.2
control,0.535865367400189,0.61784005468216,0.5717514047720941,76.4
macro avg,0.6000549242640136,0.6004150768460305,0.5952781842751074,176.6
weighted avg,0.6087569589971629,0.597894196199281,0.5983883747345177,176.6
