,precision,recall,f1-score,support
accuracy,0.49592760180995477,0.49592760180995477,0.49592760180995477,0.49592760180995477
case,0.5647633194692018,0.47359999999999997,0.5150387730366386,125.0
control,0.4338374814168671,0.525,0.4749775225513611,96.0
macro avg,0.4993004004430345,0.49929999999999997,0.49500814779399976,221.0
weighted avg,0.5078905572383234,0.49592760180995477,0.4976366008801379,221.0
