,precision,recall,f1-score,support
accuracy,0.5266968325791855,0.5266968325791855,0.5266968325791855,0.5266968325791855
case,0.5780200642673241,0.6064,0.5917648102682176,125.0
control,0.4515527323087437,0.4229166666666667,0.43659510643822214,96.0
macro avg,0.514786398288034,0.5146583333333334,0.51417995835322,221.0
weighted avg,0.5230840286654069,0.5266968325791855,0.5243607760253236,221.0
