,precision,recall,f1-score,support
accuracy,0.5049773755656108,0.5049773755656108,0.5049773755656108,0.5049773755656108
case,0.5738964116355204,0.5008,0.5328912141421174,125.0
control,0.4370620080414106,0.5104166666666667,0.46918226341228253,96.0
macro avg,0.5054792098384655,0.5056083333333333,0.5010367387772,221.0
weighted avg,0.5144570326987126,0.5049773755656108,0.5052167378069855,221.0
