,precision,recall,f1-score,support
accuracy,0.6112677354340048,0.6112677354340048,0.6112677354340048,0.6112677354340048
case,0.6803732302451891,0.5938167082294264,0.6340328571040132,400.8
control,0.5436629717318355,0.6341733633344048,0.5853271569468185,305.6
macro avg,0.6120181009885123,0.6139950357819156,0.6096800070254158,706.4
weighted avg,0.6212325776345683,0.6112677354340048,0.612959265442397,706.4
