,precision,recall,f1-score,support
accuracy,0.4914027149321267,0.4914027149321267,0.4914027149321267,0.4914027149321267
case,0.5578882453451458,0.4816,0.516271032478431,125.0
control,0.42790541390220466,0.5041666666666667,0.46238216901434814,96.0
macro avg,0.4928968296236752,0.49288333333333334,0.48932660074638956,221.0
weighted avg,0.5014251149445922,0.4914027149321267,0.4928622954080602,221.0
