,precision,recall,f1-score,support
accuracy,0.603910310092118,0.603910310092118,0.603910310092118,0.603910310092118
case,0.6803991253476407,0.5733266832917706,0.620580187724613,400.8
control,0.5356326559772007,0.6438979963570127,0.5834410046118302,305.6
macro avg,0.6080158906624207,0.6086123398243917,0.6020105961682216,706.4
weighted avg,0.6177592960441958,0.603910310092118,0.6045342352924948,706.4
