,precision,recall,f1-score,support
accuracy,0.6387326656394453,0.6387326656394453,0.6387326656394453,0.6387326656394453
case,0.6947855865540653,0.6526534653465347,0.6723097425827003,100.2
control,0.5753314153397003,0.6201982228298017,0.5960204411313127,76.4
macro avg,0.6350585009468828,0.6364258440881683,0.6341650918570065,176.6
weighted avg,0.6431007692541717,0.6387326656394453,0.6393621063291361,176.6
