,precision,recall,f1-score,support
accuracy,0.4846879815100154,0.4846879815100154,0.4846879815100154,0.4846879815100154
case,0.5469501630422542,0.5251683168316832,0.5346408567707255,100.2
control,0.4102111289043752,0.4317156527682843,0.41939643931435944,76.4
macro avg,0.4785806459733147,0.47844198479998373,0.47701864804254246,176.6
weighted avg,0.4878052925325024,0.4846879815100154,0.48476396885942163,176.6
