,precision,recall,f1-score,support
accuracy,0.6511748844375963,0.6511748844375963,0.6511748844375963,0.6511748844375963
case,0.7139471657608912,0.6508316831683169,0.6787010935563211,100.2
control,0.587473603075483,0.6517771701982229,0.6155614139684824,76.4
macro avg,0.6507103844181872,0.6513044266832698,0.6471312537624018,176.6
weighted avg,0.6592609799329732,0.6511748844375963,0.6513672744442164,176.6
