,precision,recall,f1-score,support
accuracy,0.4479638009049774,0.4479638009049774,0.4479638009049774,0.4479638009049774
case,0.5136993941545893,0.44160000000000005,0.4745406150310078,125.0
control,0.3855307409543266,0.45625,0.4176101029418242,96.0
macro avg,0.44961506755445796,0.448925,0.44607535898641604,221.0
weighted avg,0.458024323081172,0.4479638009049774,0.44981061882937157,221.0
