,precision,recall,f1-score,support
accuracy,0.6545775552131484,0.6545775552131484,0.6545775552131484,0.6545775552131484
case,0.717263613579403,0.6548514851485148,0.6822200051872965,100.2
control,0.5906861290749352,0.6544087491455912,0.6185102274917622,76.4
macro avg,0.6539748713271691,0.6546301171470531,0.6503651163395293,176.6
weighted avg,0.6625425332607667,0.6545775552131484,0.654635858794291,176.6
