,precision,recall,f1-score,support
accuracy,0.7024389852987727,0.7024389852987727,0.7024389852987727,0.7024389852987727
case,0.7621718696504715,0.6916184538653367,0.7250926188213084,400.8
control,0.6392228698263085,0.7166398799957141,0.6756213821422922,305.6
macro avg,0.70069736973839,0.7041291669305254,0.7003570004818003,706.4
weighted avg,0.7089841755356535,0.7024389852987727,0.7036895384827975,706.4
