,precision,recall,f1-score,support
accuracy,0.69904195599649,0.69904195599649,0.69904195599649,0.69904195599649
case,0.7570442461264746,0.6916209476309227,0.7228272821540197,400.8
control,0.6366752959786043,0.7087903139397835,0.6707689615083182,305.6
macro avg,0.6968597710525395,0.700205630785353,0.696798121831169,706.4
weighted avg,0.7049733281445298,0.69904195599649,0.7003040085728509,706.4
