,precision,recall,f1-score,support
accuracy,0.5334488957370314,0.5334488957370314,0.5334488957370314,0.5334488957370314
case,0.596243467340131,0.5411089108910891,0.5665163924618177,100.2
control,0.46799049997843917,0.5236158578263842,0.4934178335815588,76.4
macro avg,0.5321169836592852,0.5323623843587366,0.5299671130216883,176.6
weighted avg,0.5407746287598454,0.5334488957370314,0.5348545190082191,176.6
