,precision,recall,f1-score,support
accuracy,0.6769556559055339,0.6769556559055339,0.6769556559055339,0.6769556559055339
case,0.7202415976254078,0.7045872817955112,0.7121485634246636,400.8
control,0.6234117976858303,0.6407264545162328,0.631707032607277,305.6
macro avg,0.6718266976556191,0.672656868155872,0.6719277980159702,706.4
weighted avg,0.6783523162273115,0.6769556559055339,0.6773465175488825,706.4
