,precision,recall,f1-score,support
accuracy,0.590010272213662,0.590010272213662,0.590010272213662,0.590010272213662
case,0.6381271487791217,0.6468712871287129,0.6407993898001424,100.2
control,0.5264386650892625,0.5156869446343131,0.5185438702444063,76.4
macro avg,0.5822829069341922,0.5812791158815129,0.5796716300222744,176.6
weighted avg,0.5898503695546697,0.590010272213662,0.5878766302172594,176.6
