,precision,recall,f1-score,support
accuracy,0.44253393665158364,0.44253393665158364,0.44253393665158364,0.44253393665158364
case,0.5079918692626253,0.45600000000000007,0.480181599633938,125.0
control,0.3746660836359381,0.425,0.3978769590280297,96.0
macro avg,0.4413289764492817,0.44049999999999995,0.4390292793309839,221.0
weighted avg,0.45007659586822724,0.44253393665158364,0.4444293575607833,221.0
