,precision,recall,f1-score,support
accuracy,0.5176470588235295,0.5176470588235295,0.5176470588235295,0.5176470588235295
case,0.5817418550645588,0.5232,0.5501725761271116,125.0
control,0.45146177231954726,0.5104166666666666,0.478430128280915,96.0
macro avg,0.516601813692053,0.5168083333333333,0.5143013522040133,221.0
weighted avg,0.5251496019264542,0.5176470588235295,0.5190084358862299,221.0
