,precision,recall,f1-score,support
accuracy,0.6183478849706096,0.6183478849706096,0.6183478849706096,0.6183478849706096
case,0.6866574984150108,0.602285536159601,0.6412279924178184,400.8
control,0.5513303155211081,0.6393699774991963,0.5916766002069034,305.6
macro avg,0.6189939069680594,0.6208277568293987,0.6164522963123609,706.4
weighted avg,0.6281086307035759,0.6183478849706096,0.6197986445043988,706.4
