,precision,recall,f1-score,support
accuracy,0.5076923076923077,0.5076923076923077,0.5076923076923077,0.5076923076923077
case,0.5690274450986099,0.5408000000000001,0.5539127008468089,125.0
control,0.43588702921559913,0.4645833333333333,0.4490732603145419,96.0
macro avg,0.5024572371571046,0.5026916666666666,0.5014929805806754,221.0
weighted avg,0.5111926943077998,0.5076923076923077,0.5083715864074531,221.0
