,precision,recall,f1-score,support
accuracy,0.7041290855107365,0.7041290855107365,0.7041290855107365,0.7041290855107365
case,0.754249434910431,0.7095910224438903,0.7311425212859876,400.8
control,0.6470589862908724,0.6969870352512589,0.6709824380935187,305.6
macro avg,0.7006542106006517,0.7032890288475746,0.7010624796897531,706.4
weighted avg,0.7078826942984492,0.7041290855107365,0.7051145300653519,706.4
