,precision,recall,f1-score,support
accuracy,0.5730418592706729,0.5730418592706729,0.5730418592706729,0.5730418592706729
case,0.633786021802494,0.5928316831683168,0.6120089916187841,100.2
control,0.5046577047886635,0.5471975393028025,0.5244083694083693,76.4
macro avg,0.5692218632955787,0.5700146112355596,0.5682086805135768,176.6
weighted avg,0.5779446272157621,0.5730418592706729,0.57409869065704,176.6
