,precision,recall,f1-score,support
accuracy,0.6466572638647919,0.6466572638647919,0.6466572638647919,0.6466572638647919
case,0.695299040555659,0.6721533665835412,0.6832389402409978,400.8
control,0.5881865198663738,0.61325618772099,0.6000811446440117,305.6
macro avg,0.6417427802110164,0.6427047771522656,0.6416600424425047,706.4
weighted avg,0.6489651869593404,0.6466572638647919,0.6472578624449963,706.4
