,precision,recall,f1-score,support
accuracy,0.7061120883435976,0.7061120883435976,0.7061120883435976,0.7061120883435976
case,0.7625679860188301,0.7001034912718205,0.7299316590413742,400.8
control,0.6449052561975087,0.7139869281045751,0.6776100251465015,305.6
macro avg,0.7037366211081695,0.7070452096881977,0.7037708420939378,706.4
weighted avg,0.7116658713643365,0.7061120883435976,0.7072980084868312,706.4
