,precision,recall,f1-score,support
accuracy,0.6466551104262969,0.6466551104262969,0.6466551104262969,0.6466551104262969
case,0.7041192985939888,0.6547920792079208,0.6772164580811446,100.2
control,0.5847589171172565,0.6359193438140807,0.6075901851130399,76.4
macro avg,0.6444391078556226,0.6453557115110007,0.6424033215970921,176.6
weighted avg,0.6524879575858933,0.6466551104262969,0.647112023528221,176.6
