,precision,recall,f1-score,support
accuracy,0.6956397177556688,0.6956397177556688,0.6956397177556688,0.6956397177556688
case,0.7619856975781787,0.6766259351620947,0.7158894989801662,400.8
control,0.6299534847103464,0.7204993035465552,0.6713617099812833,305.6
macro avg,0.6959695911442625,0.698562619354325,0.6936256044807247,706.4
weighted avg,0.7048540004291054,0.6956397177556688,0.6966364785039353,706.4
