,precision,recall,f1-score,support
accuracy,0.4968325791855204,0.4968325791855204,0.4968325791855204,0.4968325791855204
case,0.5619006254736669,0.512,0.5349576150705543,125.0
control,0.4270241973219494,0.4770833333333334,0.4498855191546568,96.0
macro avg,0.4944624113978081,0.49454166666666666,0.49242156711260554,221.0
weighted avg,0.5033117698059525,0.4968325791855204,0.4980032204645536,221.0
