,precision,recall,f1-score,support
accuracy,0.49592760180995477,0.49592760180995477,0.49592760180995477,0.49592760180995477
case,0.5591779835986718,0.5024,0.5283137038161578,125.0
control,0.4309166532930724,0.4875,0.4565378918886568,96.0
macro avg,0.4950473184458721,0.49495000000000006,0.4924257978524073,221.0
weighted avg,0.5034626545971445,0.49592760180995477,0.4971350705806822,221.0
