,precision,recall,f1-score,support
accuracy,0.6047380585516179,0.6047380585516179,0.6047380585516179,0.6047380585516179
case,0.6693467705133046,0.5987722772277227,0.6314761797253498,100.2
control,0.5388395900247868,0.6123718386876281,0.5727245651218985,76.4
macro avg,0.6040931802690457,0.6055720579576754,0.6021003724236242,176.6
weighted avg,0.6128817041555911,0.6047380585516179,0.6060977326814306,176.6
