,precision,recall,f1-score,support
accuracy,0.556348694359521,0.556348694359521,0.556348694359521,0.556348694359521
case,0.6263967367688672,0.5419189526184539,0.5806319486221447,400.8
control,0.48913929968069747,0.5752919747133827,0.5283525675191167,305.6
macro avg,0.5577680182247823,0.5586054636659183,0.5544922580706307,706.4
weighted avg,0.5670185696543767,0.556348694359521,0.558011823351263,706.4
