,precision,recall,f1-score,support
accuracy,0.583314072932717,0.583314072932717,0.583314072932717,0.583314072932717
case,0.6530059350280608,0.565069306930693,0.6041259342925265,100.2
control,0.5183584632149951,0.6074846206425153,0.5578263053597634,76.4
macro avg,0.585682199121528,0.5862769637866043,0.5809761198261449,176.6
weighted avg,0.5947730092949988,0.583314072932717,0.584052081675152,176.6
