,precision,recall,f1-score,support
accuracy,0.5366515837104073,0.5366515837104073,0.5366515837104073,0.5366515837104073
case,0.5854653959504307,0.6208,0.6020518283941929,125.0
control,0.46358874277520634,0.4270833333333333,0.44366300510259515,96.0
macro avg,0.5245270693628186,0.5239416666666667,0.522857416748394,221.0
weighted avg,0.532523501358478,0.5366515837104073,0.5332494436159424,221.0
