,precision,recall,f1-score,support
accuracy,0.5447963800904978,0.5447963800904978,0.5447963800904978,0.5447963800904978
case,0.597132408258561,0.5952,0.5958190566438696,125.0
control,0.478192901346193,0.4791666666666667,0.4781797346791049,96.0
macro avg,0.5376626548023771,0.5371833333333333,0.5369993956614872,221.0
weighted avg,0.5454663781065822,0.5447963800904978,0.5447178127134741,221.0
