,precision,recall,f1-score,support
accuracy,0.8539081063104288,0.8539081063104288,0.8539081063104288,0.8539081063104288
case,0.8862723283109817,0.8517930174563592,0.8686402254717367,400.8
control,0.8153338237257877,0.8566677381335047,0.8354213827054519,305.6
macro avg,0.8508030760183848,0.8542303777949319,0.8520308040885943,706.4
weighted avg,0.8555786164730069,0.8539081063104288,0.8542699952552824,706.4
