,precision,recall,f1-score,support
accuracy,0.7428351309707242,0.7428351309707242,0.7428351309707242,0.7428351309707242
case,0.7876341382375759,0.7523762376237624,0.7686844699883606,100.2
control,0.6923080222627421,0.7299726589200273,0.7095280435437115,76.4
macro avg,0.7399710802501589,0.7411744482718949,0.739106256766036,176.6
weighted avg,0.7463297731457244,0.7428351309707242,0.7431350823742546,176.6
