,precision,recall,f1-score,support
accuracy,0.5610859728506787,0.5610859728506787,0.5610859728506787,0.5610859728506787
case,0.627074631618917,0.5536000000000001,0.5879985599540379,125.0
control,0.4952697109746844,0.5708333333333334,0.5303269900830877,96.0
macro avg,0.5611721712968006,0.5622166666666667,0.5591627750185627,221.0
weighted avg,0.5698200054567164,0.5610859728506787,0.5629466562996884,221.0
