,precision,recall,f1-score,support
accuracy,0.7446129558322081,0.7446129558322081,0.7446129558322081,0.7446129558322081
case,0.8107307994952582,0.7220024937655861,0.7606383934482601,400.8
control,0.684771969651512,0.7742312225436623,0.7238249165791997,305.6
macro avg,0.7477513845733851,0.7481168581546241,0.74223165501373,706.4
weighted avg,0.756231626746146,0.7446129558322081,0.7447168303892683,706.4
