,precision,recall,f1-score,support
accuracy,0.5067873303167421,0.5067873303167421,0.5067873303167421,0.5067873303167421
case,0.5677192187110831,0.5408,0.5531018338257214,125.0
control,0.4354148042376593,0.4625,0.44767963473465333,96.0
macro avg,0.5015670114743712,0.5016499999999999,0.5003907342801874,221.0
weighted avg,0.5102476178538493,0.5067873303167421,0.5073075753970222,221.0
