,precision,recall,f1-score,support
accuracy,0.7740695032676073,0.7740695032676073,0.7740695032676073,0.7740695032676073
case,0.8019840231041331,0.7994177057356608,0.8005252203750362,400.8
control,0.7384507564521202,0.7408528876031287,0.7393723996340809,305.6
macro avg,0.7702173897781266,0.7701352966693948,0.7699488100045585,706.4
weighted avg,0.7745059929590222,0.7740695032676073,0.7740671840923581,706.4
