,precision,recall,f1-score,support
accuracy,0.561633281972265,0.561633281972265,0.561633281972265,0.561633281972265
case,0.6158213296216196,0.6087920792079208,0.6112664090494235,100.2
control,0.49343611771405127,0.5002050580997949,0.4954327763499145,76.4
macro avg,0.5546287236678354,0.5544985686538578,0.553349592699669,176.6
weighted avg,0.5629052315946478,0.561633281972265,0.5610785199092435,176.6
