,precision,recall,f1-score,support
accuracy,0.7423518758189053,0.7423518758189053,0.7423518758189053,0.7423518758189053
case,0.8348966934977147,0.6816658354114713,0.7496339854502378,400.8
control,0.6642904295765262,0.8220122147219543,0.7340676257320908,305.6
macro avg,0.7495935615371204,0.7518390250667129,0.7418508055911645,706.4
weighted avg,0.7611049670168021,0.7423518758189053,0.7428922259870792,706.4
