,precision,recall,f1-score,support
accuracy,0.4518554185927067,0.4518554185927067,0.4518554185927067,0.4518554185927067
case,0.5173093676550862,0.46112871287128715,0.48621056371699345,100.2
control,0.38443653405082007,0.43991797676008193,0.40896073273067357,76.4
macro avg,0.45087295085295304,0.45052334481568457,0.4475856482238335,176.6
weighted avg,0.4598272680402811,0.4518554185927067,0.45274293371035973,176.6
