,precision,recall,f1-score,support
accuracy,0.7701206985105291,0.7701206985105291,0.7701206985105291,0.7701206985105291
case,0.8080421728808826,0.7805346534653465,0.793239422539747,100.2
control,0.7273284504175468,0.7565618591934381,0.7405506861676201,76.4
macro avg,0.7676853116492147,0.7685482563293923,0.7668950543536835,176.6
weighted avg,0.7731519725966194,0.7701206985105291,0.7704384131700346,176.6
