,precision,recall,f1-score,support
accuracy,0.5013574660633484,0.5013574660633484,0.5013574660633484,0.5013574660633484
case,0.5730218525685777,0.46719999999999995,0.5143785181442914,125.0
control,0.4400762824011112,0.5458333333333333,0.48703385079919065,96.0
macro avg,0.5065490674848444,0.5065166666666666,0.500706184471741,221.0
weighted avg,0.5152717406406284,0.5013574660633484,0.5025002916052431,221.0
