,precision,recall,f1-score,support
accuracy,0.5312217194570137,0.5312217194570137,0.5312217194570137,0.5312217194570137
case,0.5831575282291751,0.5984,0.5905393263594544,125.0
control,0.4597219413341226,0.44375,0.45138525796849827,96.0
macro avg,0.5214397347816488,0.521075,0.5209622921639763,221.0
weighted avg,0.529538449758926,0.5312217194570137,0.5300923102258264,221.0
