,precision,recall,f1-score,support
accuracy,0.6509033501488555,0.6509033501488555,0.6509033501488555,0.6509033501488555
case,0.7415420106296489,0.6063029925187032,0.6580086372188949,400.8
control,0.5852024573417364,0.7094567663130826,0.6348718836683859,305.6
macro avg,0.6633722339856927,0.657879879415893,0.6464402604436403,706.4
weighted avg,0.6739163255910772,0.6509033501488555,0.6479898899528217,706.4
