,precision,recall,f1-score,support
accuracy,0.5158371040723982,0.5158371040723982,0.5158371040723982,0.5158371040723982
case,0.5712151321613,0.5824,0.5757421538289791,125.0
control,0.439860688552651,0.4291666666666667,0.4330484033685251,96.0
macro avg,0.5055379103569756,0.5057833333333333,0.5043952785987521,221.0
weighted avg,0.5141561883312986,0.5158371040723982,0.5137575382443476,221.0
