,precision,recall,f1-score,support
accuracy,0.5039869029275809,0.5039869029275809,0.5039869029275809,0.5039869029275809
case,0.5666595053991083,0.5468910891089109,0.55524800526208,100.2
control,0.427164702469804,0.4480861244019139,0.4358796203523596,76.4
macro avg,0.4969121039344562,0.4974886067554124,0.4955638128072197,176.6
weighted avg,0.506303326784741,0.5039869029275809,0.5035233387880418,176.6
