,precision,recall,f1-score,support
accuracy,0.8901490958484759,0.8901490958484759,0.8901490958484759,0.8901490958484759
case,0.9148099479818544,0.8892306733167082,0.901832806603011,400.8
control,0.8598467580298849,0.8913489767491696,0.8753054980594529,305.6
macro avg,0.8873283530058697,0.890289825032939,0.8885691523312319,706.4
weighted avg,0.8910328401530491,0.8901490958484759,0.8903580940160453,706.4
