,precision,recall,f1-score,support
accuracy,0.8312275295326141,0.8312275295326141,0.8312275295326141,0.8312275295326141
case,0.8514229899614667,0.8563960396039605,0.8521886234197922,100.2
control,0.8117526354709452,0.7983937115516062,0.8022793840155087,76.4
macro avg,0.831587812716206,0.8273948755777834,0.8272340037176505,176.6
weighted avg,0.8343155793252306,0.8312275295326141,0.8305879259607101,176.6
