,precision,recall,f1-score,support
accuracy,0.7644413814105004,0.7644413814105004,0.7644413814105004,0.7644413814105004
case,0.7988454522155071,0.781937655860349,0.7901166190931133,400.8
control,0.7221295883181147,0.7414829101039323,0.7314182001361356,305.6
macro avg,0.7604875202668109,0.7617102829821407,0.7607674096146243,706.4
weighted avg,0.7656534787673243,0.7644413814105004,0.7647235439824913,706.4
