,precision,recall,f1-score,support
accuracy,0.5212669683257919,0.5212669683257919,0.5212669683257919,0.5212669683257919
case,0.5787554878786187,0.5648,0.571340804186292,125.0
control,0.4504793265771728,0.4645833333333333,0.4569771110468216,96.0
macro avg,0.5146174072278958,0.5146916666666667,0.5141589576165568,221.0
weighted avg,0.5230337164535563,0.5212669683257919,0.5216624578451645,221.0
