,precision,recall,f1-score,support
accuracy,0.7078061954313603,0.7078061954313603,0.7078061954313603,0.7078061954313603
case,0.7568251836757394,0.7145473815461347,0.7348922996077182,400.8
control,0.6518219042705453,0.6989821065038038,0.6743440408644965,305.6
macro avg,0.7043235439731423,0.7067647440249691,0.7046181702361074,706.4
weighted avg,0.7114011860757783,0.7078061954313603,0.7086955476665762,706.4
