,precision,recall,f1-score,support
accuracy,0.5232152028762198,0.5232152028762198,0.5232152028762198,0.5232152028762198
case,0.5759959927248746,0.6107920792079208,0.5918000840504458,100.2
control,0.4428099228973975,0.40827067669172934,0.4231170801647709,76.4
macro avg,0.5094029578111361,0.509531377949825,0.5074585821076083,176.6
weighted avg,0.518379260069512,0.5232152028762198,0.5188443823081463,176.6
