,precision,recall,f1-score,support
accuracy,0.49321266968325794,0.49321266968325794,0.49321266968325794,0.49321266968325794
case,0.5623606554724185,0.4864,0.5209051360535681,125.0
control,0.4263957720872911,0.5020833333333334,0.46056150848811395,96.0
macro avg,0.4943782137798548,0.49424166666666663,0.4907333222708411,221.0
weighted avg,0.5032989866716392,0.49321266968325794,0.49469251955454735,221.0
