,precision,recall,f1-score,support
accuracy,0.47058823529411764,0.47058823529411764,0.47058823529411764,0.47058823529411764
case,0.5353290677104444,0.4784,0.5050209153085413,125.0
control,0.40445789121424064,0.4604166666666667,0.43040391571420633,96.0
macro avg,0.4698934794623425,0.4694083333333333,0.46771241551137377,221.0
weighted avg,0.4784800498659396,0.47058823529411764,0.4726081010051198,221.0
