,precision,recall,f1-score,support
accuracy,0.8335255298091525,0.8335255298091525,0.8335255298091525,0.8335255298091525
case,0.8699852554879257,0.8308428927680798,0.8498972702713434,400.8
control,0.7906640319493302,0.8370577520625737,0.8131101530093903,305.6
macro avg,0.830324643718628,0.8339503224153267,0.8315037116403667,706.4
weighted avg,0.8356734409446617,0.8335255298091525,0.8339815206973606,706.4
