,precision,recall,f1-score,support
accuracy,0.5310670261941448,0.5310670261941448,0.5310670261941448,0.5310670261941448
case,0.5899967909345472,0.5708712871287129,0.5772224363104612,100.2
control,0.46233793404843854,0.4789473684210527,0.4665367882862472,76.4
macro avg,0.5261673624914928,0.5249093277748828,0.5218796122983542,176.6
weighted avg,0.5348057700716874,0.5310670261941448,0.5293359233205113,176.6
