,precision,recall,f1-score,support
accuracy,0.46968325791855203,0.46968325791855203,0.46968325791855203,0.46968325791855203
case,0.5338610788670344,0.488,0.5094186846498395,125.0
control,0.40069086264912424,0.4458333333333333,0.42158639060383657,96.0
macro avg,0.46727597075807925,0.46691666666666665,0.465502537626838,221.0
weighted avg,0.4760133831343675,0.46968325791855203,0.47126528995112327,221.0
