,precision,recall,f1-score,support
accuracy,0.7418079096045197,0.7418079096045197,0.7418079096045197,0.7418079096045197
case,0.7794792803719426,0.7605346534653465,0.769509540427727,100.2
control,0.6963803032952359,0.7173615857826384,0.7062091579635439,76.4
macro avg,0.7379297918335894,0.7389481196239925,0.7378593491956356,176.6
weighted avg,0.7435655096541827,0.7418079096045197,0.7421183489186921,176.6
