,precision,recall,f1-score,support
accuracy,0.7151696310869452,0.7151696310869452,0.7151696310869452,0.7151696310869452
case,0.774711438283405,0.7020698254364091,0.7364459036896684,400.8
control,0.6525641636651478,0.7323304403728705,0.6899827770477773,305.6
macro avg,0.7136378009742764,0.7172001329046397,0.7132143403687229,706.4
weighted avg,0.7218644446122041,0.7151696310869452,0.7163473913651268,706.4
