,precision,recall,f1-score,support
accuracy,0.5345531587057011,0.5345531587057011,0.5345531587057011,0.5345531587057011
case,0.5908532777757449,0.5787128712871288,0.5843303010343728,100.2
control,0.46467991439592493,0.4763841421736158,0.46997183556466293,76.4
macro avg,0.527766596085835,0.5275485067303723,0.527151068299518,176.6
weighted avg,0.5362623760688414,0.5345531587057011,0.5349084976810982,176.6
