,precision,recall,f1-score,support
accuracy,0.8590048523265924,0.8590048523265924,0.8590048523265924,0.8590048523265924
case,0.8824351998783031,0.8672643391521196,0.874696755265415,400.8
control,0.8298340347101055,0.8481817207757419,0.8387757122498292,305.6
macro avg,0.8561346172942044,0.8577230299639307,0.8567362337576221,706.4
weighted avg,0.8596822781948766,0.8590048523265924,0.8591563292198459,706.4
