,precision,recall,f1-score,support
accuracy,0.5058823529411764,0.5058823529411764,0.5058823529411764,0.5058823529411764
case,0.5675353981061841,0.5248,0.5448508437343378,125.0
control,0.4387555593881512,0.48125,0.45851318460827184,96.0
macro avg,0.5031454787471678,0.5030249999999999,0.5016820141713049,221.0
weighted avg,0.5115948346811563,0.5058823529411764,0.5073467022135127,221.0
