,precision,recall,f1-score,support
accuracy,0.49411764705882355,0.49411764705882355,0.49411764705882355,0.49411764705882355
case,0.5527580898577849,0.5519999999999999,0.5519038610070031,125.0
control,0.41797899487156076,0.41875,0.4177903886881572,96.0
macro avg,0.48536854236467286,0.485375,0.4848471248475802,221.0
weighted avg,0.494211514660149,0.49411764705882355,0.49364642506759493,221.0
