,precision,recall,f1-score,support
accuracy,0.7361004108885465,0.7361004108885465,0.7361004108885465,0.7361004108885465
case,0.7661280342582454,0.7704752475247525,0.7681403840269121,100.2
control,0.6966819599436352,0.6909090909090909,0.6935330781608146,76.4
macro avg,0.7314049971009403,0.7306921692169217,0.7308367310938634,176.6
weighted avg,0.7360859631135284,0.7361004108885465,0.7358881969014647,176.6
