,precision,recall,f1-score,support
accuracy,0.5004524886877828,0.5004524886877828,0.5004524886877828,0.5004524886877828
case,0.5635161372645326,0.5264,0.5434232943808326,125.0
control,0.4291329457529548,0.4666666666666667,0.4461671132571158,96.0
macro avg,0.4963245415087437,0.4965333333333334,0.4947952038189742,221.0
weighted avg,0.5051415382368789,0.5004524886877828,0.5011762654764126,221.0
