,precision,recall,f1-score,support
accuracy,0.726220594540231,0.726220594540231,0.726220594540231,0.726220594540231
case,0.7647612308519228,0.7475174563591022,0.7559133642466223,400.8
control,0.6786686427703655,0.6983070823957999,0.688159123254299,305.6
macro avg,0.7217149368111442,0.722912269377451,0.7220362437504606,706.4
weighted avg,0.727519593587534,0.726220594540231,0.7265996499714509,706.4
