,precision,recall,f1-score,support
accuracy,0.5294117647058824,0.5294117647058824,0.5294117647058824,0.5294117647058824
case,0.5834889267753602,0.5856,0.5843793498730918,125.0
control,0.45869257424125587,0.45625,0.4572426162426623,96.0
macro avg,0.5210907505083081,0.520925,0.5208109830578771,221.0
weighted avg,0.5292787464890525,0.5294117647058824,0.5291525334544438,221.0
