,precision,recall,f1-score,support
accuracy,0.7418207498715973,0.7418207498715973,0.7418207498715973,0.7418207498715973
case,0.7763952591345816,0.7664950495049505,0.7712252899178738,100.2
control,0.6982264957264958,0.7095693779904306,0.7035561127340719,76.4
macro avg,0.7373108774305387,0.7380322137476906,0.7373907013259728,176.6
weighted avg,0.7425999141916119,0.7418207498715973,0.7419376352789675,176.6
