,precision,recall,f1-score,support
accuracy,0.4986425339366516,0.4986425339366516,0.4986425339366516,0.4986425339366516
case,0.5549009647199799,0.5776,0.5659411713235329,125.0
control,0.4177121639615538,0.39583333333333337,0.4063591755138448,96.0
macro avg,0.4863065643407668,0.4867166666666666,0.4861501734186889,221.0
weighted avg,0.49530763950365,0.4986425339366516,0.49662048536095355,221.0
