,precision,recall,f1-score,support
accuracy,0.8652279311298188,0.8652279311298188,0.8652279311298188,0.8652279311298188
case,0.8958732235239178,0.8627743142144638,0.878974992488636,400.8
control,0.8284763573779447,0.8684495874852673,0.8479404797932999,305.6
macro avg,0.8621747904509313,0.8656119508498656,0.8634577361409679,706.4
weighted avg,0.8667181894583056,0.8652279311298188,0.8655491500030916,706.4
