,precision,recall,f1-score,support
accuracy,0.6443917762881104,0.6443917762881104,0.6443917762881104,0.6443917762881104
case,0.7333706937472465,0.5907718204488778,0.6515913260579166,400.8
control,0.5730925050243868,0.714651237544198,0.6340597503828819,305.6
macro avg,0.6532315993858167,0.652711528996538,0.6428255382203993,706.4
weighted avg,0.6640240522548925,0.6443917762881104,0.6440177371652015,706.4
