,precision,recall,f1-score,support
accuracy,0.85390369874705,0.85390369874705,0.85390369874705,0.85390369874705
case,0.8855929902685771,0.8527905236907731,0.8688381435806075,400.8
control,0.8159117289933171,0.8553498339226401,0.8351042733677401,305.6
macro avg,0.850752359630947,0.8540701788067067,0.8519712084741737,706.4
weighted avg,0.855444881556948,0.85390369874705,0.8542458441959694,706.4
