,precision,recall,f1-score,support
accuracy,0.5617295839753467,0.5617295839753467,0.5617295839753467,0.5617295839753467
case,0.6172240296888246,0.6026930693069307,0.6090569310389242,100.2
control,0.4926548615483261,0.5075871496924128,0.4989422675517584,76.4
macro avg,0.5549394456185753,0.5551401094996717,0.5539995992953413,176.6
weighted avg,0.5633317892214468,0.5617295839753467,0.5615094352608395,176.6
