,precision,recall,f1-score,support
accuracy,0.5152927580893683,0.5152927580893683,0.5152927580893683,0.5152927580893683
case,0.5811079426653755,0.5188910891089109,0.5475013428204148,100.2
control,0.44813004271476037,0.5103896103896104,0.47657811694551294,76.4
macro avg,0.5146189926900678,0.5146403497492607,0.5120397298829639,176.6
weighted avg,0.5235797902405417,0.5152927580893683,0.5168587269031166,176.6
