,precision,recall,f1-score,support
accuracy,0.7281843862352337,0.7281843862352337,0.7281843862352337,0.7281843862352337
case,0.7731312325891235,0.7385544554455445,0.7552240446273009,100.2
control,0.6754456259990593,0.7145591250854408,0.6941434836507161,76.4
macro avg,0.7242884292940914,0.7265567902654927,0.7246837641390085,176.6
weighted avg,0.7308779041310725,0.7281843862352337,0.7288085413990354,176.6
