,precision,recall,f1-score,support
accuracy,0.5248868778280544,0.5248868778280544,0.5248868778280544,0.5248868778280544
case,0.5782394577538774,0.5904,0.5841019899224233,125.0
control,0.45216475767649644,0.4395833333333333,0.44555978276236613,96.0
macro avg,0.5152021077151869,0.5149916666666667,0.5148308863423947,221.0
weighted avg,0.5234739771772775,0.5248868778280544,0.523920759662851,221.0
