,precision,recall,f1-score,support
accuracy,0.6449667629652484,0.6449667629652484,0.6449667629652484,0.6449667629652484
case,0.7102401581144756,0.6332543640897755,0.6685730138097998,400.8
control,0.5798155433488167,0.660317154184078,0.616515473700642,305.6
macro avg,0.6450278507316461,0.6467857591369268,0.6425442437552209,706.4
weighted avg,0.6538159216392311,0.6449667629652484,0.6460541691440962,706.4
