,precision,recall,f1-score,support
accuracy,0.5062018489984592,0.5062018489984592,0.5062018489984592,0.5062018489984592
case,0.5778445974261917,0.48699009900990103,0.5269272336858544,100.2
control,0.44020956073140205,0.531203007518797,0.48019773439953733,76.4
macro avg,0.5090270790787969,0.509096553264349,0.5035624840426959,176.6
weighted avg,0.5183110825277865,0.5062018489984592,0.5067585383011136,176.6
