,precision,recall,f1-score,support
accuracy,0.717441529664905,0.717441529664905,0.717441529664905,0.717441529664905
case,0.7568034799984378,0.7405087281795512,0.748268498292871,400.8
control,0.6692148380687972,0.6871788278152791,0.6776540398140043,305.6
macro avg,0.7130091590336175,0.7138437779974152,0.7129612690534376,706.4
weighted avg,0.7189104964969604,0.717441529664905,0.7177212236959245,706.4
