,precision,recall,f1-score,support
accuracy,0.6241076014381098,0.6241076014381098,0.6241076014381098,0.6241076014381098
case,0.669751887841403,0.6686534653465347,0.6636812635496889,100.2
control,0.5756969685443298,0.5649692412850308,0.5619080653556313,76.4
macro avg,0.6227244281928663,0.6168113533157827,0.6127946644526602,176.6
weighted avg,0.6289989088409409,0.6241076014381098,0.6197778143135502,176.6
