,precision,recall,f1-score,support
accuracy,0.5264958911145352,0.5264958911145352,0.5264958911145352,0.5264958911145352
case,0.5858982661863498,0.554950495049505,0.5690889262390845,100.2
control,0.45932477214721723,0.48954203691045794,0.4728758693545291,76.4
macro avg,0.5226115191667835,0.5222462659799815,0.5209823977968068,176.6
weighted avg,0.5311723334745679,0.5264958911145352,0.5274028827100603,176.6
