,precision,recall,f1-score,support
accuracy,0.5257918552036199,0.5257918552036199,0.5257918552036199,0.5257918552036199
case,0.5776823923486684,0.6,0.5884453982119305,125.0
control,0.4521913877213416,0.4291666666666667,0.4400902922935826,96.0
macro avg,0.514936890035005,0.5145833333333333,0.5142678452527566,221.0
weighted avg,0.5231704627367979,0.5257918552036199,0.5240015512971732,221.0
