,precision,recall,f1-score,support
accuracy,0.8570174419303525,0.8570174419303525,0.8570174419303525,0.8570174419303525
case,0.8815647570320942,0.8642618453865337,0.8727350475785265,400.8
control,0.8266596610114687,0.8475024108003858,0.8368173793296159,305.6
macro avg,0.8541122090217815,0.8558821280934596,0.8547762134540712,706.4
weighted avg,0.8578089455790512,0.8570174419303525,0.8571979549301716,706.4
