,precision,recall,f1-score,support
accuracy,0.5131221719457013,0.5131221719457013,0.5131221719457013,0.5131221719457013
case,0.5719810831203436,0.5536,0.5619158998881119,125.0
control,0.4420558912456012,0.4604166666666667,0.45011932433936225,96.0
macro avg,0.5070184871829724,0.5070083333333333,0.5060176121137371,221.0
weighted avg,0.5155429907222654,0.5131221719457013,0.5133526815501934,221.0
