,precision,recall,f1-score,support
accuracy,0.48325791855203615,0.48325791855203615,0.48325791855203615,0.48325791855203615
case,0.5442708333333333,0.5312,0.5375690017729899,125.0
control,0.4080433849836596,0.4208333333333333,0.4142330314919147,96.0
macro avg,0.47615710915849646,0.47601666666666664,0.4759010166324523,221.0
weighted avg,0.48509510916333937,0.48325791855203615,0.4839931956780433,221.0
