,precision,recall,f1-score,support
accuracy,0.7281983884345536,0.7281983884345536,0.7281983884345536,0.7281983884345536
case,0.7605260894498482,0.7604775561097257,0.7604746904045964,400.8
control,0.68589249462281,0.6858566377370621,0.6858321708318844,305.6
macro avg,0.7232092920363291,0.7231670969233939,0.7231534306182403,706.4
weighted avg,0.7282385205519522,0.7281983884345536,0.7281847125434798,706.4
