,precision,recall,f1-score,support
accuracy,0.8176707229606004,0.8176707229606004,0.8176707229606004,0.8176707229606004
case,0.8565041965087274,0.8153815461346634,0.8353735330571611,400.8
control,0.7722865027830342,0.8206835958427087,0.7956660948853237,305.6
macro avg,0.8143953496458808,0.818032570988686,0.8155198139712423,706.4
weighted avg,0.8200744573400796,0.8176707229606004,0.8181953025916007,706.4
