,precision,recall,f1-score,support
accuracy,0.4805429864253393,0.4805429864253393,0.4805429864253393,0.4805429864253393
case,0.549579371136624,0.4528,0.4962524701783013,125.0
control,0.4202345719411957,0.5166666666666667,0.4633020052278859,96.0
macro avg,0.4849069715389098,0.48473333333333335,0.47977723770309366,221.0
weighted avg,0.49339339501553303,0.4805429864253393,0.48193914603694443,221.0
