,precision,recall,f1-score,support
accuracy,0.6828389830508474,0.6828389830508474,0.6828389830508474,0.6828389830508474
case,0.7204640594101719,0.7205148514851485,0.7203688982550612,100.2
control,0.633871279116814,0.6333902939166097,0.6334532007090553,76.4
macro avg,0.6771676692634929,0.676952572700879,0.6769110494820583,176.6
weighted avg,0.683009054230016,0.6828389830508474,0.6827787931281203,176.6
