,precision,recall,f1-score,support
accuracy,0.548125321006677,0.548125321006677,0.548125321006677,0.548125321006677
case,0.6036907060929458,0.5968712871287128,0.5987700777313453,100.2
control,0.47847105622903774,0.4843814080656186,0.47933365022456853,76.4
macro avg,0.5410808811609917,0.5406263475971658,0.539051863977957,176.6
weighted avg,0.5495294731042665,0.548125321006677,0.5470651621755227,176.6
