,precision,recall,f1-score,support
accuracy,0.5176470588235295,0.5176470588235295,0.5176470588235295,0.5176470588235295
case,0.5738739206581949,0.584,0.5764807717721687,125.0
control,0.4385775190726428,0.43125,0.43151598803772717,96.0
macro avg,0.5062257198654189,0.507625,0.5039983799049479,221.0
weighted avg,0.5151026330916203,0.5176470588235295,0.5135096439961218,221.0
