,precision,recall,f1-score,support
accuracy,0.5095022624434389,0.5095022624434389,0.5095022624434389,0.5095022624434389
case,0.5738135428697406,0.5184,0.5429719305313156,125.0
control,0.44249509701638184,0.4979166666666667,0.4667633398922392,96.0
macro avg,0.5081543199430613,0.5081583333333333,0.5048676352117775,221.0
weighted avg,0.5167702360737115,0.5095022624434389,0.5098677463623051,221.0
