,precision,recall,f1-score,support
accuracy,0.4904977375565611,0.4904977375565611,0.4904977375565611,0.4904977375565611
case,0.5494214116761237,0.5599999999999999,0.5541147198493884,125.0
control,0.40919606197944436,0.4,0.4038306932166396,96.0
macro avg,0.479308736827784,0.48,0.47897270653301405,221.0
weighted avg,0.48850904257711364,0.4904977375565611,0.48883297072385046,221.0
