,precision,recall,f1-score,support
accuracy,0.5031674208144796,0.5031674208144796,0.5031674208144796,0.5031674208144796
case,0.5705830373143608,0.5184,0.5382091121805039,125.0
control,0.43116164568041676,0.4833333333333334,0.450986801680145,96.0
macro avg,0.5008723414973888,0.5008666666666667,0.4945979569303245,221.0
weighted avg,0.5100198988670368,0.5031674208144796,0.5003206877097598,221.0
