,precision,recall,f1-score,support
accuracy,0.6449619547142897,0.6449619547142897,0.6449619547142897,0.6449619547142897
case,0.6996037130491389,0.6646758104738154,0.6769746226496292,400.8
control,0.5905035052936318,0.6191256830601093,0.598825863543752,305.6
macro avg,0.6450536091713854,0.6419007467669624,0.6379002430966906,706.4
weighted avg,0.6524064235075084,0.6449619547142897,0.6431627986742112,706.4
