,precision,recall,f1-score,support
accuracy,0.5031674208144796,0.5031674208144796,0.5031674208144796,0.5031674208144796
case,0.5698490069571707,0.504,0.5336956570042084,125.0
control,0.43677407914070016,0.5020833333333333,0.4661926864302649,96.0
macro avg,0.5033115430489354,0.5030416666666666,0.4999441717172366,221.0
weighted avg,0.5120427034712831,0.5031674208144796,0.5043730996508211,221.0
