,precision,recall,f1-score,support
accuracy,0.4914027149321267,0.4914027149321267,0.4914027149321267,0.4914027149321267
case,0.5513462200491209,0.536,0.5432641189787137,125.0
control,0.418374140812029,0.4333333333333333,0.4253742285244872,96.0
macro avg,0.48486018043057494,0.4846666666666667,0.4843191737516004,221.0
weighted avg,0.49358459286920764,0.4914027149321267,0.4920540308176018,221.0
