,precision,recall,f1-score,support
accuracy,0.8445604657592428,0.8445604657592428,0.8445604657592428,0.8445604657592428
case,0.870610776504378,0.8528029925187033,0.8615734938306879,400.8
control,0.8121630242960929,0.8337490624665167,0.8227541857850167,305.6
macro avg,0.8413869004002356,0.84327602749261,0.8421638398078523,706.4
weighted avg,0.8453285694684315,0.8445604657592428,0.8447815203968722,706.4
