,precision,recall,f1-score,support
accuracy,0.5662878787878788,0.5662878787878788,0.5662878787878788,0.5662878787878788
case,0.6198775268006746,0.6188514851485148,0.6171755916151968,100.2
control,0.4979985838472281,0.4975734791524265,0.49520542862315053,76.4
macro avg,0.5589380553239514,0.5582124821504707,0.5561905101191736,176.6
weighted avg,0.5671840175883611,0.5662878787878788,0.5643769581313574,176.6
