,precision,recall,f1-score,support
accuracy,0.552715716486903,0.552715716486903,0.552715716486903,0.552715716486903
case,0.6095684626079763,0.5947524752475247,0.6016133089706163,100.2
control,0.4817549987486716,0.49747095010252906,0.4888927987197513,76.4
macro avg,0.5456617306783239,0.5461117126750269,0.5452530538451839,176.6
weighted avg,0.5542843494468874,0.552715716486903,0.552878303850834,176.6
