,precision,recall,f1-score,support
accuracy,0.4714932126696832,0.4714932126696832,0.4714932126696832,0.4714932126696832
case,0.537436863568939,0.472,0.5022841313924815,125.0
control,0.40618026055128664,0.4708333333333333,0.4358510082337216,96.0
macro avg,0.4718085620601128,0.47141666666666665,0.4690675698131016,221.0
weighted avg,0.48042042062914436,0.4714932126696832,0.4734263041379975,221.0
