,precision,recall,f1-score,support
accuracy,0.7180855161787365,0.7180855161787365,0.7180855161787365,0.7180855161787365
case,0.7574420142963832,0.7405346534653465,0.7485895026687184,100.2
control,0.6700027537611868,0.6885167464114833,0.6787250388295731,76.4
macro avg,0.7137223840287851,0.7145256999384149,0.7136572707491458,176.6
weighted avg,0.7195910455573172,0.7180855161787365,0.7183804486816852,176.6
