,precision,recall,f1-score,support
accuracy,0.48416289592760176,0.48416289592760176,0.48416289592760176,0.48416289592760176
case,0.5437002943237701,0.5488,0.5456649364226689,125.0
control,0.404610139541174,0.4,0.4015687438715524,96.0
macro avg,0.474155216932472,0.4744,0.47361684014711064,221.0
weighted avg,0.48328104156752927,0.48416289592760176,0.4830711152239938,221.0
