,precision,recall,f1-score,support
accuracy,0.727633018259333,0.727633018259333,0.727633018259333,0.727633018259333
case,0.7594991328870803,0.7609925187032418,0.7601697497824755,400.8
control,0.6859441704127012,0.6838851387549555,0.6847930876891037,305.6
macro avg,0.7227216516498907,0.7224388287290987,0.7224814187357896,706.4
weighted avg,0.727681160701044,0.727633018259333,0.7275613071099221,706.4
