,precision,recall,f1-score,support
accuracy,0.5402285567539804,0.5402285567539804,0.5402285567539804,0.5402285567539804
case,0.6052693562922714,0.5448118811881189,0.5721357780214017,100.2
control,0.4730561212980568,0.5341421736158578,0.5004373006465559,76.4
macro avg,0.5391627387951641,0.5394770274019883,0.5362865393339787,176.6
weighted avg,0.5480846762903949,0.5402285567539804,0.5411406129991839,176.6
