,precision,recall,f1-score,support
accuracy,0.7316897791474062,0.7316897791474062,0.7316897791474062,0.7316897791474062
case,0.7620203908415897,0.7725544554455446,0.7662845180257196,100.2
control,0.6931041204563796,0.678298017771702,0.6837897045567793,76.4
macro avg,0.7275622556489847,0.7254262366086233,0.7250371112912495,176.6
weighted avg,0.7322541600186968,0.7316897791474062,0.7305741117703932,176.6
