,precision,recall,f1-score,support
accuracy,0.48235294117647054,0.48235294117647054,0.48235294117647054,0.48235294117647054
case,0.5403773162197283,0.5664,0.5508518224654126,125.0
control,0.3962627111070547,0.3729166666666667,0.3807359825881667,96.0
macro avg,0.46832001366339143,0.4696583333333333,0.4657939025267897,221.0
weighted avg,0.47777549680426834,0.48235294117647054,0.47695534903457276,221.0
