,precision,recall,f1-score,support
accuracy,0.8360735021296545,0.8360735021296545,0.8360735021296545,0.8360735021296545
case,0.8719592135626199,0.8338316708229426,0.8523655298818997,400.8
control,0.7938756233749448,0.8390292510446802,0.8156862025631183,305.6
macro avg,0.8329174184687822,0.8364304609338115,0.834025866222509,706.4
weighted avg,0.8381833846619167,0.8360735021296545,0.8364963465408138,706.4
