,precision,recall,f1-score,support
accuracy,0.48235294117647054,0.48235294117647054,0.48235294117647054,0.48235294117647054
case,0.5428873370273795,0.5376000000000001,0.5400091371228626,125.0
control,0.4051037841477866,0.4104166666666667,0.40747220135706685,96.0
macro avg,0.47399556058758296,0.47400833333333325,0.4737406692399647,221.0
weighted avg,0.48303565794846126,0.48235294117647054,0.4824365315413404,221.0
