,precision,recall,f1-score,support
accuracy,0.8420197058151789,0.8420197058151789,0.8420197058151789,0.8420197058151789
case,0.8737915109543135,0.8433117206982544,0.8582592738533389,400.8
control,0.8036854284011167,0.840317154184078,0.8215622024824455,305.6
macro avg,0.838738469677715,0.8418144374411662,0.8399107381678924,706.4
weighted avg,0.8434593879615754,0.8420197058151789,0.8423836978766651,706.4
