,precision,recall,f1-score,support
accuracy,0.7151732372751642,0.7151732372751642,0.7151732372751642,0.7151732372751642
case,0.7602984260535329,0.7290673316708229,0.7434640276096702,400.8
control,0.6638110557414282,0.6969741776492018,0.6788716152218716,305.6
macro avg,0.7120547408974806,0.7130207546600124,0.7111678214157708,706.4
weighted avg,0.7185636292162492,0.7151732372751642,0.7155188948231016,706.4
