,precision,recall,f1-score,support
accuracy,0.7464111453518234,0.7464111453518234,0.7464111453518234,0.7464111453518234
case,0.7878495392358571,0.7586138613861386,0.7726962011898183,100.2
control,0.6970197835847658,0.7304511278195489,0.7129983061824687,76.4
macro avg,0.7424346614103114,0.7445324946028438,0.7428472536861435,176.6
weighted avg,0.7485659323502178,0.7464111453518234,0.7468657938122755,176.6
