,precision,recall,f1-score,support
accuracy,0.5866718027734977,0.5866718027734977,0.5866718027734977,0.5866718027734977
case,0.654660175703654,0.5710693069306931,0.6073603046973028,100.2
control,0.5236707706338348,0.6074162679425837,0.559995118392214,76.4
macro avg,0.5891654731687443,0.5892427874366384,0.5836777115447584,176.6
weighted avg,0.5980141708987053,0.5866718027734977,0.5868191053532489,176.6
