,precision,recall,f1-score,support
accuracy,0.5031674208144796,0.5031674208144796,0.5031674208144796,0.5031674208144796
case,0.5566031499170445,0.5904,0.5727056065717977,125.0
control,0.4235243818773057,0.3895833333333333,0.4054020618510174,96.0
macro avg,0.49006376589717515,0.4899916666666667,0.4890538342114076,221.0
weighted avg,0.49879517827987296,0.5031674208144796,0.5000307636161646,221.0
