,precision,recall,f1-score,support
accuracy,0.519863893168978,0.519863893168978,0.519863893168978,0.519863893168978
case,0.5795774966860565,0.560910891089109,0.5695900822264598,100.2
control,0.4474323667318562,0.46616541353383456,0.45599312691007476,76.4
macro avg,0.5135049317089564,0.5135381523114717,0.5127916045682672,176.6
weighted avg,0.5224162882468981,0.519863893168978,0.520420532291048,176.6
