,precision,recall,f1-score,support
accuracy,0.46968325791855203,0.46968325791855203,0.46968325791855203,0.46968325791855203
case,0.5304611046872655,0.5424,0.5361975579574534,125.0
control,0.3861530216952457,0.375,0.38027038945089614,96.0
macro avg,0.4583070631912555,0.4587,0.4582339737041748,221.0
weighted avg,0.4677752405821347,0.46968325791855203,0.46846448928492174,221.0
