,precision,recall,f1-score,support
accuracy,0.5502262443438914,0.5502262443438914,0.5502262443438914,0.5502262443438914
case,0.6235712236880462,0.5168,0.5647767146848729,125.0
control,0.48569888785578674,0.59375,0.5340135663059355,96.0
macro avg,0.5546350557719164,0.555275,0.5493951404954042,221.0
weighted avg,0.5636809782586484,0.5502262443438914,0.5514135371085018,221.0
