,precision,recall,f1-score,support
accuracy,0.6407102588041079,0.6407102588041079,0.6407102588041079,0.6407102588041079
case,0.7040677129989448,0.6332394014962593,0.6666369017837394,400.8
control,0.5748954678294671,0.6505346619522127,0.6102368520564991,305.6
macro avg,0.639481590414206,0.641887031724236,0.6384368769201192,706.4
weighted avg,0.6481890866103859,0.6407102588041079,0.6422334043925098,706.4
