,precision,recall,f1-score,support
accuracy,0.5393665158371042,0.5393665158371042,0.5393665158371042,0.5393665158371042
case,0.6055529445017829,0.5344,0.5663388426756686,125.0
control,0.4741156775385084,0.5458333333333334,0.5061749354375793,96.0
macro avg,0.5398343110201456,0.5401166666666667,0.5362568890566239,221.0
weighted avg,0.5484580231059712,0.5393665158371042,0.5402042947351412,221.0
