,precision,recall,f1-score,support
accuracy,0.5330316742081449,0.5330316742081449,0.5330316742081449,0.5330316742081449
case,0.5932876056380672,0.5599999999999999,0.5743693153388512,125.0
control,0.4645924053809864,0.4979166666666667,0.47874950662265753,96.0
macro avg,0.5289400055095268,0.5289583333333333,0.5265594109807543,221.0
weighted avg,0.5373838082413263,0.5330316742081449,0.5328331088376992,221.0
