,precision,recall,f1-score,support
accuracy,0.5962603828169138,0.5962603828169138,0.5962603828169138,0.5962603828169138
case,0.6505180435436332,0.6227992518703241,0.6352933850819499,400.8
control,0.5337511301102131,0.561521482910104,0.5458910090373019,305.6
macro avg,0.5921345868269231,0.592160367390214,0.5905921970596258,706.4
weighted avg,0.60001042975989,0.5962603828169138,0.596605635776165,706.4
