,precision,recall,f1-score,support
accuracy,0.6129634452720869,0.6129634452720869,0.6129634452720869,0.6129634452720869
case,0.6667077790888697,0.6407331670822943,0.6518213087954786,400.8
control,0.5509609261537098,0.5766527375977712,0.5615015744232181,305.6
macro avg,0.6088343526212898,0.6086929523400328,0.6066614416093484,706.4
weighted avg,0.6166444819047746,0.6129634452720869,0.6127291983737809,706.4
