,precision,recall,f1-score,support
accuracy,0.5294117647058824,0.5294117647058824,0.5294117647058824,0.5294117647058824
case,0.5797354248272241,0.6096,0.5942495518061295,125.0
control,0.45575473565867897,0.425,0.43977053310731273,96.0
macro avg,0.5177450802429515,0.5173,0.5170100424567211,221.0
weighted avg,0.5258795598490326,0.5294117647058824,0.5271455436835666,221.0
