,precision,recall,f1-score,support
accuracy,0.6103171545968156,0.6103171545968156,0.6103171545968156,0.6103171545968156
case,0.6834948179196209,0.5906336633663367,0.6309357546333972,100.2
control,0.5427008538693284,0.6357142857142858,0.583424796332361,76.4
macro avg,0.6130978358944746,0.6131739745403112,0.6071802754828791,176.6
weighted avg,0.622543400786229,0.6103171545968156,0.6104528073826432,176.6
