,precision,recall,f1-score,support
accuracy,0.5685541859270673,0.5685541859270673,0.5685541859270673,0.5685541859270673
case,0.6202437731849496,0.6128514851485148,0.6142985233032627,100.2
control,0.5066864729473426,0.5103554340396446,0.5055576906125341,76.4
macro avg,0.563465123066146,0.5616034595940798,0.5599281069578984,176.6
weighted avg,0.5711444249229156,0.5685541859270673,0.5672907128350457,176.6
