,precision,recall,f1-score,support
accuracy,0.6431818181818182,0.6431818181818182,0.6431818181818182,0.6431818181818182
case,0.6981634005938577,0.6544950495049504,0.6738345120011571,100.2
control,0.5844129384827059,0.6279562542720438,0.6034740257292099,76.4
macro avg,0.6412881695382818,0.6412256518884971,0.6386542688651835,176.6
weighted avg,0.6489087258955598,0.6431818181818182,0.6434574096469144,176.6
