,precision,recall,f1-score,support
accuracy,0.5266968325791856,0.5266968325791856,0.5266968325791856,0.5266968325791856
case,0.5931050703933181,0.5168,0.551482032334912,125.0
control,0.462610391778726,0.5395833333333333,0.4974429914106314,96.0
macro avg,0.527857731086022,0.5281916666666666,0.5244625118727717,221.0
weighted avg,0.5364195991399205,0.5266968325791856,0.5280080598067177,221.0
