,precision,recall,f1-score,support
accuracy,0.5194570135746607,0.5194570135746607,0.5194570135746607,0.5194570135746607
case,0.5758318507157679,0.5680000000000001,0.5696353139960575,125.0
control,0.4489612118329739,0.45625,0.44965170473907073,96.0
macro avg,0.5123965312743709,0.512125,0.5096435093675641,221.0
weighted avg,0.5207206229657759,0.5194570135746607,0.5175157371242441,221.0
