,precision,recall,f1-score,support
accuracy,0.4904977375565611,0.4904977375565611,0.4904977375565611,0.4904977375565611
case,0.5543203964494807,0.5024,0.526660062994016,125.0
control,0.42342264232942195,0.475,0.4473414581021739,96.0
macro avg,0.48887151938945134,0.48869999999999997,0.48700076054809494,221.0
weighted avg,0.4974598335737991,0.4904977375565611,0.49220492240751446,221.0
