,precision,recall,f1-score,support
accuracy,0.6155154244683877,0.6155154244683877,0.6155154244683877,0.6155154244683877
case,0.6925567469094146,0.5803329177057357,0.6312938423628363,400.8
control,0.5459121916847436,0.6616607735990571,0.5980820040307678,305.6
macro avg,0.619234469297079,0.6209968456523963,0.6146879231968021,706.4
weighted avg,0.6291168419936455,0.6155154244683877,0.6169257172402938,706.4
