,precision,recall,f1-score,support
accuracy,0.5933936825885978,0.5933936825885978,0.5933936825885978,0.5933936825885978
case,0.6625662451801023,0.5888316831683168,0.6206531534272977,100.2
control,0.5261616638386363,0.5994873547505126,0.5570772785081725,76.4
macro avg,0.5943639545093693,0.5941595189594147,0.5888652159677351,176.6
weighted avg,0.6035803855785971,0.5933936825885978,0.5931380060641667,176.6
