,precision,recall,f1-score,support
accuracy,0.6376025259345036,0.6376025259345036,0.6376025259345036,0.6376025259345036
case,0.6990492737397691,0.6347069825436409,0.6649229996315583,400.8
control,0.5729733579808598,0.6413586199507125,0.6048397000694232,305.6
macro avg,0.6360113158603145,0.6380328012471768,0.6348813498504907,706.4
weighted avg,0.6445018931133502,0.6376025259345036,0.6389364514553338,706.4
