,precision,recall,f1-score,support
accuracy,0.5549178222907036,0.5549178222907036,0.5549178222907036,0.5549178222907036
case,0.6282954696838094,0.5329108910891089,0.5746778071504423,100.2
control,0.48759570317498974,0.5835269993164729,0.5294089486631163,76.4
macro avg,0.5579455864293996,0.558218945202791,0.5520433779067793,176.6
weighted avg,0.5674265171661034,0.5549178222907036,0.5551491663097943,176.6
