,precision,recall,f1-score,support
accuracy,0.5085972850678733,0.5085972850678733,0.5085972850678733,0.5085972850678733
case,0.587534503450345,0.4464,0.5059242296681112,125.0
control,0.4493029924051525,0.5895833333333333,0.5091746342314278,96.0
macro avg,0.5184187479277488,0.5179916666666667,0.5075494319497695,221.0
weighted avg,0.5274882362089944,0.5085972850678733,0.5073361701119048,221.0
