,precision,recall,f1-score,support
accuracy,0.5809257832562917,0.5809257832562917,0.5809257832562917,0.5809257832562917
case,0.6363465809151034,0.6085940594059406,0.6180036983668697,100.2
control,0.5211705939615301,0.54419002050581,0.5260931415943351,76.4
macro avg,0.5787585874383167,0.5763920399558753,0.5720484199806024,176.6
weighted avg,0.5864817652991066,0.5809257832562917,0.5783208851830535,176.6
