,precision,recall,f1-score,support
accuracy,0.49592760180995465,0.49592760180995465,0.49592760180995465,0.49592760180995465
case,0.5607767957543601,0.504,0.5299728571527591,125.0
control,0.428750230296622,0.4854166666666667,0.4544939247924846,96.0
macro avg,0.4947635130254911,0.49470833333333336,0.49223339097262186,221.0
weighted avg,0.5034258894921753,0.49592760180995465,0.4971856286161692,221.0
