,precision,recall,f1-score,support
accuracy,0.5058823529411764,0.5058823529411764,0.5058823529411764,0.5058823529411764
case,0.5701687986799312,0.5152,0.5398862137459015,125.0
control,0.4385026983536626,0.49375,0.4630621513215017,96.0
macro avg,0.504335748516797,0.504475,0.5014741825337016,221.0
weighted avg,0.5129744745563033,0.5058823529411764,0.506514675317203,221.0
