,precision,recall,f1-score,support
accuracy,0.6069658448895737,0.6069658448895737,0.6069658448895737,0.6069658448895737
case,0.6725945410559782,0.6027722772277228,0.6346610973647555,100.2
control,0.5401079039505803,0.6125768967874231,0.573013734867821,76.4
macro avg,0.6063512225032792,0.6076745870075729,0.6038374161162883,176.6
weighted avg,0.6152947032376079,0.6069658448895737,0.6079755797861061,176.6
