,precision,recall,f1-score,support
accuracy,0.669879112557148,0.669879112557148,0.669879112557148,0.669879112557148
case,0.7291736359202896,0.6651820448877805,0.6955682958505077,400.8
control,0.6065781485885788,0.676035572699025,0.6392766186758317,305.6
macro avg,0.6678758922544341,0.6706088087934028,0.6674224572631697,706.4
weighted avg,0.6761375540559517,0.669879112557148,0.6712167855359116,706.4
