,precision,recall,f1-score,support
accuracy,0.6200468003093308,0.6200468003093308,0.6200468003093308,0.6200468003093308
case,0.6847762881312499,0.6142655860349128,0.6467280705322296,400.8
control,0.5540867150654426,0.6275816993464052,0.5876972430016296,305.6
macro avg,0.6194315015983463,0.620923642690659,0.6172126567669297,706.4
weighted avg,0.6282333292413128,0.6200468003093308,0.6211982816906699,706.4
