,precision,recall,f1-score,support
accuracy,0.47239819004524886,0.47239819004524886,0.47239819004524886,0.47239819004524886
case,0.5398677710414929,0.45760000000000006,0.49525696553344395,125.0
control,0.4102051733630681,0.4916666666666666,0.4471923553454193,96.0
macro avg,0.47503647220228046,0.47463333333333335,0.4712246604394316,221.0
weighted avg,0.4835437467105934,0.47239819004524886,0.4743782208363835,221.0
