,precision,recall,f1-score,support
accuracy,0.46877828054298637,0.46877828054298637,0.46877828054298637,0.46877828054298637
case,0.5403637511137511,0.42560000000000003,0.47564567834956667,125.0
control,0.4109411315956771,0.525,0.46068591965771066,96.0
macro avg,0.475652441354714,0.4753,0.46816579900363864,221.0
weighted avg,0.4841439706896103,0.46877828054298637,0.46914732163274236,221.0
