,precision,recall,f1-score,support
accuracy,0.4805429864253393,0.4805429864253393,0.4805429864253393,0.4805429864253393
case,0.5466880891905718,0.4784,0.5101702564121858,125.0
control,0.41566778185225967,0.4833333333333334,0.4468706101776421,96.0
macro avg,0.48117793552141574,0.48086666666666666,0.47852043329491395,221.0
weighted avg,0.4897742905277756,0.4805429864253393,0.48267357750487266,221.0
