,precision,recall,f1-score,support
accuracy,0.5447354904982024,0.5447354904982024,0.5447354904982024,0.5447354904982024
case,0.6119210716911867,0.542950495049505,0.5721325845041655,100.2
control,0.47885990338164247,0.5469583048530418,0.5068120153303262,76.4
macro avg,0.5453904875364145,0.5449543999512734,0.5394722999172459,176.6
weighted avg,0.5543655516113807,0.5447354904982024,0.5439045167267487,176.6
