,precision,recall,f1-score,support
accuracy,0.614952491011813,0.614952491011813,0.614952491011813,0.614952491011813
case,0.6921958816971605,0.5827722772277227,0.6311245695839558,100.2
control,0.5459031817855348,0.6567327409432673,0.5949436292250663,76.4
macro avg,0.6190495317413476,0.6197525090854951,0.6130340994045111,176.6
weighted avg,0.6288721892680669,0.614952491011813,0.6155473044531072,176.6
