,precision,recall,f1-score,support
accuracy,0.6874296292437824,0.6874296292437824,0.6874296292437824,0.6874296292437824
case,0.7486296760893663,0.6761496259351621,0.7103894141294481,400.8
control,0.6234698173931073,0.7022265080895747,0.6603470402216203,305.6
macro avg,0.6860497467412368,0.6891880670123683,0.6853682271755341,706.4
weighted avg,0.6944840784956139,0.6874296292437824,0.6887399306206172,706.4
