,precision,recall,f1-score,support
accuracy,0.47239819004524886,0.47239819004524886,0.47239819004524886,0.47239819004524886
case,0.5367356693996855,0.488,0.5109962043852926,125.0
control,0.40425013144201305,0.4520833333333333,0.4266255200036685,96.0
macro avg,0.4704929004208493,0.47004166666666664,0.4688108621944805,221.0
weighted avg,0.4791853904678459,0.47239819004524886,0.4743464953326414,221.0
