,precision,recall,f1-score,support
accuracy,0.633349627961582,0.633349627961582,0.633349627961582,0.633349627961582
case,0.686834804620245,0.651711970074813,0.6681776225775931,400.8
control,0.5721231751075484,0.609291760420015,0.5893921621713236,305.6
macro avg,0.6294789898638967,0.630501865247414,0.6287848923744583,706.4
weighted avg,0.6372124879323338,0.633349627961582,0.6340903418375539,706.4
