,precision,recall,f1-score,support
accuracy,0.6342064714946071,0.6342064714946071,0.6342064714946071,0.6342064714946071
case,0.6953414581031764,0.6327128712871287,0.6622302580839206,100.2
control,0.5694660743482116,0.636056049213944,0.6006030608369745,76.4
macro avg,0.6324037662256939,0.6343844602505363,0.6314166594604476,176.6
weighted avg,0.6408807054759964,0.6342064714946071,0.6355903417308557,176.6
