,precision,recall,f1-score,support
accuracy,0.545814072932717,0.545814072932717,0.545814072932717,0.545814072932717
case,0.6066983620541224,0.5608514851485149,0.5813732290067632,100.2
control,0.47964291173167,0.5260082023239918,0.5001912964174611,76.4
macro avg,0.5431706368928962,0.5434298437362532,0.5407822627121122,176.6
weighted avg,0.5517379114590331,0.545814072932717,0.5462736038678966,176.6
