,precision,recall,f1-score,support
accuracy,0.5674242424242424,0.5674242424242424,0.5674242424242424,0.5674242424242424
case,0.6323548976131472,0.5690495049504951,0.5975489510526056,100.2
control,0.501098837493303,0.5654135338345865,0.5298337875036925,76.4
macro avg,0.5667268675532251,0.5672315193925408,0.5636913692781491,176.6
weighted avg,0.5755785331156043,0.5674242424242424,0.5682317916881906,176.6
