,precision,recall,f1-score,support
accuracy,0.6514711244495555,0.6514711244495555,0.6514711244495555,0.6514711244495555
case,0.705879066177044,0.6616708229426435,0.6827127638593182,400.8
control,0.5903134132741321,0.6380670738240651,0.6128805413465181,305.6
macro avg,0.648096239725588,0.6498689483833543,0.6477966526029182,706.4
weighted avg,0.6558804964896741,0.6514711244495555,0.6525065010087406,706.4
