,precision,recall,f1-score,support
accuracy,0.6344819710623429,0.6344819710623429,0.6344819710623429,0.6344819710623429
case,0.6817358944530788,0.6676645885286783,0.6744001359329306,400.8
control,0.5758555826768115,0.5909503910853959,0.5829970056325595,305.6
macro avg,0.6287957385649452,0.6293074898070371,0.628698570782745,706.4
weighted avg,0.6359303474569528,0.6344819710623429,0.6348602587536598,706.4
