,precision,recall,f1-score,support
accuracy,0.4760180995475113,0.4760180995475113,0.4760180995475113,0.4760180995475113
case,0.5330526721528945,0.5776,0.5537917884653536,125.0
control,0.3860774712517422,0.34375,0.36267288037275086,96.0
macro avg,0.4595650717023183,0.460675,0.4582323344190522,221.0
weighted avg,0.46920824099221303,0.4760180995475113,0.4707718102893813,221.0
