,precision,recall,f1-score,support
accuracy,0.5662557781201849,0.5662557781201849,0.5662557781201849,0.5662557781201849
case,0.6456900965219229,0.528970297029703,0.5795674828083983,100.2
control,0.4982209877350064,0.6149008885850991,0.5489824898785259,76.4
macro avg,0.5719555421284646,0.571935592807401,0.5642749863434621,176.6
weighted avg,0.5818851776576283,0.5662557781201849,0.566388694347992,176.6
