,precision,recall,f1-score,support
accuracy,0.4769230769230769,0.4769230769230769,0.4769230769230769,0.4769230769230769
case,0.5435509494577139,0.46560000000000007,0.5010365361977426,125.0
control,0.4141700609540697,0.4916666666666666,0.4492111771123512,96.0
macro avg,0.47886050520589174,0.47863333333333336,0.47512385665504697,221.0
weighted avg,0.48734929653305387,0.4769230769230769,0.478524163020378,221.0
