,precision,recall,f1-score,support
accuracy,0.6560000961650192,0.6560000961650192,0.6560000961650192,0.6560000961650192
case,0.7007522147735822,0.6881022443890275,0.6938818876573144,400.8
control,0.6008172503389833,0.6138540662166506,0.6065625150821669,305.6
macro avg,0.6507847325562827,0.6509781553028391,0.6502222013697405,706.4
weighted avg,0.6575135939563156,0.6560000961650192,0.6561129817900503,706.4
