,precision,recall,f1-score,support
accuracy,0.5673857216230098,0.5673857216230098,0.5673857216230098,0.5673857216230098
case,0.6173216508410684,0.6288712871287128,0.6210097153435189,100.2
control,0.5012514475259573,0.48670539986329453,0.4901454779922473,76.4
macro avg,0.5592865491835128,0.5577883434960037,0.5555775966678832,176.6
weighted avg,0.5671254076940107,0.5673857216230098,0.5644147314863599,176.6
