,precision,recall,f1-score,support
accuracy,0.559172740422565,0.559172740422565,0.559172740422565,0.559172740422565
case,0.6202835766169315,0.5748678304239402,0.5965715983044277,400.8
control,0.49158618562784306,0.5386113789778206,0.5138685593766956,305.6
macro avg,0.5559348811223873,0.5567396047008805,0.5552200788405617,706.4
weighted avg,0.564609065625014,0.559172740422565,0.560789011081291,706.4
