,precision,recall,f1-score,support
accuracy,0.49592760180995477,0.49592760180995477,0.49592760180995477,0.49592760180995477
case,0.5517384432744757,0.5871999999999999,0.5685145620953829,125.0
control,0.4106486410759317,0.3770833333333333,0.3925364404665694,96.0
macro avg,0.4811935421752036,0.4821416666666666,0.4805255012809761,221.0
weighted avg,0.4904505653963751,0.49592760180995477,0.4920715771344503,221.0
