,precision,recall,f1-score,support
accuracy,0.497737556561086,0.497737556561086,0.497737556561086,0.497737556561086
case,0.5591079175360564,0.5232,0.5402985843212085,125.0
control,0.42907300566432316,0.4645833333333333,0.44584490573295293,96.0
macro avg,0.4940904616001898,0.4938916666666667,0.4930717450270807,221.0
weighted avg,0.5026221639628148,0.497737556561086,0.4992689320837762,221.0
