,precision,recall,f1-score,support
accuracy,0.6013610683102208,0.6013610683102208,0.6013610683102208,0.6013610683102208
case,0.6496829558351168,0.6468514851485148,0.6463413474219559,100.2
control,0.5425127815712758,0.5417976760082024,0.5393240091437324,76.4
macro avg,0.5960978687031963,0.5943245805783586,0.5928326782828442,176.6
weighted avg,0.6033494882220414,0.6013610683102208,0.6000379176698152,176.6
