,precision,recall,f1-score,support
accuracy,0.6693113382564481,0.6693113382564481,0.6693113382564481,0.6693113382564481
case,0.7258957050606303,0.6701745635910225,0.6968109756443415,400.8
control,0.6073461095838125,0.6682052930461803,0.6362015661550323,305.6
macro avg,0.6666209073222215,0.6691899283186014,0.666506270899687,706.4
weighted avg,0.6746142310184287,0.6693113382564481,0.6705872927908852,706.4
