,precision,recall,f1-score,support
accuracy,0.5571327683615819,0.5571327683615819,0.5571327683615819,0.5571327683615819
case,0.6186650177801617,0.5648712871287128,0.5880542568835252,100.2
control,0.4940147536533079,0.5473000683527,0.5168896086657322,76.4
macro avg,0.5563398857167348,0.5560856777407064,0.5524719327746287,176.6
weighted avg,0.5647760470507943,0.5571327683615819,0.5572171779551083,176.6
