,precision,recall,f1-score,support
accuracy,0.5095022624434389,0.5095022624434389,0.5095022624434389,0.5095022624434389
case,0.5691446165106091,0.5504,0.5591108759469403,125.0
control,0.43720727115001673,0.45625,0.44590968371417083,96.0
macro avg,0.5031759438303129,0.503325,0.5025102798305555,221.0
weighted avg,0.5118324664897183,0.5095022624434389,0.5099375073752396,221.0
