,precision,recall,f1-score,support
accuracy,0.5194570135746607,0.5194570135746607,0.5194570135746607,0.5194570135746607
case,0.5774213455113821,0.5599999999999999,0.5683188931141999,125.0
control,0.44908790802859205,0.4666666666666667,0.45741515311974024,96.0
macro avg,0.5132546267699871,0.5133333333333333,0.5128670231169701,221.0
weighted avg,0.5216746939351475,0.5194570135746607,0.5201435128451133,221.0
