,precision,recall,f1-score,support
accuracy,0.713193439942942,0.713193439942942,0.713193439942942,0.713193439942942
case,0.7713121257110389,0.7030960099750624,0.7355890878617914,400.8
control,0.651006546168567,0.7264459444980178,0.6866195125061287,305.6
macro avg,0.711159335939803,0.71477097723654,0.7111043001839601,706.4
weighted avg,0.7192683549328351,0.713193439942942,0.7144032111822325,706.4
