,precision,recall,f1-score,support
accuracy,0.5900873138161273,0.5900873138161273,0.5900873138161273,0.5900873138161273
case,0.6413609468955235,0.6306930693069307,0.6348912691187409,100.2
control,0.526915091947169,0.5366028708133971,0.5301804906478924,76.4
macro avg,0.5841380194213462,0.5836479700601639,0.5825358798833167,176.6
weighted avg,0.5918442497737499,0.5900873138161273,0.5896387245455837,176.6
