,precision,recall,f1-score,support
accuracy,0.5175398048279404,0.5175398048279404,0.5175398048279404,0.5175398048279404
case,0.5844169246646027,0.517029702970297,0.5481634120904808,100.2
control,0.4505832449628843,0.5184552289815447,0.4816711590296496,76.4
macro avg,0.5175000848137434,0.5177424659759209,0.5149172855600652,176.6
weighted avg,0.5265323790796939,0.5175398048279404,0.5193518384072222,176.6
