,precision,recall,f1-score,support
accuracy,0.6386684643040575,0.6386684643040575,0.6386684643040575,0.6386684643040575
case,0.6966344515591503,0.6426732673267327,0.6668951820121459,100.2
control,0.5783001815195437,0.6336637047163363,0.602927444520837,76.4
macro avg,0.637467316539347,0.6381684860215344,0.6349113132664914,176.6
weighted avg,0.6454845284807443,0.6386684643040575,0.6391900591895644,176.6
