,precision,recall,f1-score,support
accuracy,0.5221719457013575,0.5221719457013575,0.5221719457013575,0.5221719457013575
case,0.5791971535243066,0.5696,0.5741067887361126,125.0
control,0.4506226298335528,0.4604166666666667,0.45516402143694334,96.0
macro avg,0.5149098916789298,0.5150083333333334,0.5146354050865279,221.0
weighted avg,0.5233457767174634,0.5221719457013575,0.5224393423075142,221.0
