,precision,recall,f1-score,support
accuracy,0.5956920903954802,0.5956920903954802,0.5956920903954802,0.5956920903954802
case,0.6627014652014652,0.5869306930693069,0.6214786260859559,100.2
control,0.5294163035584604,0.6075187969924812,0.564818610502142,76.4
macro avg,0.5960588843799628,0.5972247450308942,0.5931486182940489,176.6
weighted avg,0.6050776015856469,0.5956920903954802,0.5969130438045104,176.6
