,precision,recall,f1-score,support
accuracy,0.5230769230769231,0.5230769230769231,0.5230769230769231,0.5230769230769231
case,0.5805815582599763,0.5631999999999999,0.5715879092197035,125.0
control,0.4533655226711554,0.4708333333333333,0.4617376240131733,96.0
macro avg,0.5169735404655658,0.5170166666666667,0.5166627666164384,221.0
weighted avg,0.5253202939318007,0.5230769230769231,0.5238701382702605,221.0
