,precision,recall,f1-score,support
accuracy,0.6483577819538328,0.6483577819538328,0.6483577819538328,0.6483577819538328
case,0.7097527964680751,0.6427044887780549,0.674376789816083,400.8
control,0.5839109436884667,0.6557591342547948,0.6175579209409607,305.6
macro avg,0.6468318700782709,0.6492318115164248,0.6459673553785218,706.4
weighted avg,0.6553105193994126,0.6483577819538328,0.6497983020958676,706.4
