,precision,recall,f1-score,support
accuracy,0.5424691833590138,0.5424691833590138,0.5424691833590138,0.5424691833590138
case,0.6043794226269567,0.5568910891089109,0.5754755560170065,100.2
control,0.4751841530174863,0.5233766233766234,0.49421812831850864,76.4
macro avg,0.5397817878222215,0.5401338562427671,0.5348468421677576,176.6
weighted avg,0.5485080920780957,0.5424691833590138,0.5403727385093922,176.6
