,precision,recall,f1-score,support
accuracy,0.6557203389830508,0.6557203389830508,0.6557203389830508,0.6557203389830508
case,0.7229131505918984,0.6387722772277228,0.6768239574203073,100.2
control,0.5908204380809597,0.6779562542720438,0.6300480045271722,76.4
macro avg,0.6568667943364291,0.6583642657498833,0.6534359809737398,176.6
weighted avg,0.6657835043342818,0.6557203389830508,0.6565947735775148,176.6
