,precision,recall,f1-score,support
accuracy,0.5335323574730355,0.5335323574730355,0.5335323574730355,0.5335323574730355
case,0.5948182538768465,0.5588910891089108,0.5758144817304172,100.2
control,0.4631229790658201,0.4999658236500341,0.4803378547601259,76.4
macro avg,0.5289706164713334,0.5294284563794724,0.5280761682452715,176.6
weighted avg,0.5378563068475535,0.5335323574730355,0.5345819612380045,176.6
