,precision,recall,f1-score,support
accuracy,0.5556561085972851,0.5556561085972851,0.5556561085972851,0.5556561085972851
case,0.6058091058021817,0.6112,0.6083993373986101,125.0
control,0.48941581210605,0.4833333333333333,0.4862320113439341,96.0
macro avg,0.5476124589541158,0.5472666666666667,0.547315674371272,221.0
weighted avg,0.5552491230201516,0.5556561085972851,0.5553311776644522,221.0
