,precision,recall,f1-score,support
accuracy,0.7092274342772197,0.7092274342772197,0.7092274342772197,0.7092274342772197
case,0.7683322666249517,0.6980960099750624,0.7314735241929303,400.8
control,0.6464673425521476,0.723816564877317,0.6828968125334213,305.6
macro avg,0.7073998045885496,0.7109562874261897,0.7071851683631758,706.4
weighted avg,0.7156095114838733,0.7092274342772197,0.7104595665319104,706.4
