,precision,recall,f1-score,support
accuracy,0.5176470588235293,0.5176470588235293,0.5176470588235293,0.5176470588235293
case,0.5740625262379976,0.5728,0.5732296762592839,125.0
control,0.4443016407589521,0.4458333333333333,0.4448009925152515,96.0
macro avg,0.5091820834984748,0.5093166666666666,0.5090153343872676,221.0
weighted avg,0.5176958067538873,0.5176470588235293,0.517441650741514,221.0
