,precision,recall,f1-score,support
accuracy,0.5547511312217195,0.5547511312217195,0.5547511312217195,0.5547511312217195
case,0.6039196234331932,0.6208,0.6085642479668489,125.0
control,0.49005870841487276,0.46875,0.4742836292058148,96.0
macro avg,0.5469891659240329,0.544775,0.5414239385863319,221.0
weighted avg,0.5544596784478594,0.5547511312217195,0.5502342054281192,221.0
