,precision,recall,f1-score,support
accuracy,0.6157914982109299,0.6157914982109299,0.6157914982109299,0.6157914982109299
case,0.6759718240709247,0.622786783042394,0.6471466581707142,400.8
control,0.5515691571484033,0.6067009536054859,0.57649603057457,305.6
macro avg,0.6137704906096639,0.6147438683239399,0.6118213443726421,706.4
weighted avg,0.6221617097096388,0.6157914982109299,0.6165682066497897,706.4
