,precision,recall,f1-score,support
accuracy,0.6953600378249075,0.6953600378249075,0.6953600378249075,0.6953600378249075
case,0.7514281353363387,0.6921271820448878,0.7204166169178077,400.8
control,0.6343275078434785,0.6996014143362264,0.6652096707273535,305.6
macro avg,0.6928778215899085,0.6958642981905571,0.6928131438225805,706.4
weighted avg,0.7007692825849633,0.6953600378249075,0.6965332827262384,706.4
