,precision,recall,f1-score,support
accuracy,0.5294117647058824,0.5294117647058824,0.5294117647058824,0.5294117647058824
case,0.5866233982566521,0.5696,0.5778004411113191,125.0
control,0.45976072383660105,0.4770833333333333,0.46803864691379643,96.0
macro avg,0.5231920610466266,0.5233416666666667,0.5229195440125578,221.0
weighted avg,0.5315156301827838,0.5294117647058824,0.5301211096952005,221.0
