,precision,recall,f1-score,support
accuracy,0.6463755804961313,0.6463755804961313,0.6463755804961313,0.6463755804961313
case,0.7005133159121371,0.6591758104738155,0.6788804631420844,400.8
control,0.5849826206177898,0.6295939140683596,0.6060679593392182,305.6
macro avg,0.6427479682649635,0.6443848622710876,0.6424742112406513,706.4
weighted avg,0.6505345848831876,0.6463755804961313,0.6473801595782844,706.4
