,precision,recall,f1-score,support
accuracy,0.48235294117647054,0.48235294117647054,0.48235294117647054,0.48235294117647054
case,0.5435963059667133,0.5376000000000001,0.540145684427676,125.0
control,0.40355790174831707,0.4104166666666667,0.40640587551882384,96.0
macro avg,0.47357710385751517,0.47400833333333336,0.4732757799732498,221.0
weighted avg,0.48276514395329234,0.48235294117647054,0.4820505638156859,221.0
