,precision,recall,f1-score,support
accuracy,0.6803502810823373,0.6803502810823373,0.6803502810823373,0.6803502810823373
case,0.7300085529969433,0.6941147132169576,0.711210458323435,400.8
control,0.6230461081642374,0.6623036537019179,0.6415896694357741,305.6
macro avg,0.6765273305805903,0.6782091834594378,0.6764000638796046,706.4
weighted avg,0.6837362485726531,0.6803502810823373,0.6810908448328795,706.4
