,precision,recall,f1-score,support
accuracy,0.6766699656610744,0.6766699656610744,0.6766699656610744,0.6766699656610744
case,0.7315860852524999,0.6806508728179551,0.7045972436281087,400.8
control,0.6165140455634435,0.6715054109075325,0.6422104411724778,305.6
macro avg,0.6740500654079717,0.6760781418627438,0.6734038424002933,706.4
weighted avg,0.6818125698555088,0.6766699656610744,0.6775998473378898,706.4
