,precision,recall,f1-score,support
accuracy,0.5339366515837104,0.5339366515837104,0.5339366515837104,0.5339366515837104
case,0.5937550280910695,0.5551999999999999,0.5729888661383129,125.0
control,0.46741618741039825,0.50625,0.48518819216652875,96.0
macro avg,0.5305856077507339,0.530725,0.5290885291524208,221.0
weighted avg,0.5388748077048955,0.5339366515837104,0.5348492068564519,221.0
