,precision,recall,f1-score,support
accuracy,0.5810028248587571,0.5810028248587571,0.5810028248587571,0.5810028248587571
case,0.6388888756387401,0.6068316831683168,0.6217046211981754,100.2
control,0.5136379928315412,0.5469241285030758,0.5289407631108642,76.4
macro avg,0.5762634342351406,0.5768779058356963,0.5753226921545198,176.6
weighted avg,0.584701684154479,0.5810028248587571,0.5816165299643308,176.6
