,precision,recall,f1-score,support
accuracy,0.4986425339366516,0.4986425339366516,0.4986425339366516,0.4986425339366516
case,0.5753076436560092,0.44160000000000005,0.4989555430344904,125.0
control,0.43993427601696133,0.5729166666666666,0.49729551145247697,96.0
macro avg,0.5076209598364853,0.5072583333333334,0.49812552724348363,221.0
weighted avg,0.5165029228716265,0.4986425339366516,0.4982344433427561,221.0
