,precision,recall,f1-score,support
accuracy,0.5484162895927602,0.5484162895927602,0.5484162895927602,0.5484162895927602
case,0.6064169413096122,0.5744,0.5899011418358778,125.0
control,0.48154021948091874,0.5145833333333333,0.4974302326155529,96.0
macro avg,0.5439785803952655,0.5444916666666667,0.5436656872257154,221.0
weighted avg,0.5521718494745237,0.5484162895927602,0.5497327830795375,221.0
