,precision,recall,f1-score,support
accuracy,0.6030596503600177,0.6030596503600177,0.6030596503600177,0.6030596503600177
case,0.7052050916819267,0.5169750623441397,0.5963374559476746,400.8
control,0.5305461318666955,0.7159884281581486,0.6093354274939655,305.6
macro avg,0.6178756117743112,0.6164817452511441,0.6028364417208201,706.4
weighted avg,0.6296490864462557,0.6030596503600177,0.6019566375890097,706.4
