,precision,recall,f1-score,support
accuracy,0.5832241910631741,0.5832241910631741,0.5832241910631741,0.5832241910631741
case,0.6448796409628723,0.5909306930693069,0.6160643145619177,100.2
control,0.5175151164900192,0.5733424470266575,0.5433102515937833,76.4
macro avg,0.5811973787264458,0.5821365700479821,0.5796872830778504,176.6
weighted avg,0.5898103539139461,0.5832241910631741,0.584556696121415,176.6
