,precision,recall,f1-score,support
accuracy,0.5149321266968326,0.5149321266968326,0.5149321266968326,0.5149321266968326
case,0.5724014175134824,0.5648,0.568309398829593,125.0
control,0.4422843391072228,0.45,0.4457864414549551,96.0
macro avg,0.5073428783103526,0.5074,0.5070479201422741,221.0
weighted avg,0.5158799716899488,0.5149321266968326,0.5150867567121032,221.0
