,precision,recall,f1-score,support
accuracy,0.6758249155550926,0.6758249155550926,0.6758249155550926,0.6758249155550926
case,0.7332952193957897,0.6741521197007481,0.7021299373837182,400.8
control,0.6139021685634191,0.6779963570127505,0.6439883269334854,305.6
macro avg,0.6735986939796044,0.6760742383567493,0.6730591321586018,706.4
weighted avg,0.6816407084873073,0.6758249155550926,0.6769801763968892,706.4
