,precision,recall,f1-score,support
accuracy,0.5956920903954803,0.5956920903954803,0.5956920903954803,0.5956920903954803
case,0.6510695661122077,0.6208712871287129,0.6350850823365718,100.2
control,0.5310521571958396,0.5626452494873547,0.5457527018556075,76.4
macro avg,0.5910608616540236,0.5917582683080338,0.5904188920960897,176.6
weighted avg,0.5991581492312253,0.5956920903954803,0.5964487293691534,176.6
