,precision,recall,f1-score,support
accuracy,0.6092706728299949,0.6092706728299949,0.6092706728299949,0.6092706728299949
case,0.6730263774934381,0.6067524752475247,0.6379480586867324,100.2
control,0.5425883462102757,0.6124401913875598,0.575187485253101,76.4
macro avg,0.6078073618518569,0.6095963333175423,0.6065677719699167,176.6
weighted avg,0.6165928662638869,0.6092706728299949,0.6108235389692422,176.6
