,precision,recall,f1-score,support
accuracy,0.49321266968325794,0.49321266968325794,0.49321266968325794,0.49321266968325794
case,0.555618028711876,0.5168,0.5354330557056526,125.0
control,0.4240576788689996,0.4625,0.44236867024037335,96.0
macro avg,0.4898378537904378,0.48965,0.4889008629730129,221.0
weighted avg,0.4984696414498121,0.49321266968325794,0.495006897313495,221.0
