,precision,recall,f1-score,support
accuracy,0.7236746256576285,0.7236746256576285,0.7236746256576285,0.7236746256576285
case,0.7761013552304277,0.721068578553616,0.7475295298063696,400.8
control,0.6653358386988759,0.72708239579985,0.6947910831766788,305.6
macro avg,0.7207185969646519,0.724075487176733,0.7211603064915242,706.4
weighted avg,0.7281819777154788,0.7236746256576285,0.7247159776183144,706.4
