,precision,recall,f1-score,support
accuracy,0.530316742081448,0.530316742081448,0.530316742081448,0.530316742081448
case,0.5875595746213235,0.5728,0.5795022010236921,125.0
control,0.4598039421445064,0.475,0.4665354101433956,96.0
macro avg,0.5236817583829149,0.5239,0.5230188055835439,221.0
weighted avg,0.5320639152648781,0.530316742081448,0.5304306538539706,221.0
