,precision,recall,f1-score,support
accuracy,0.6477978941961993,0.6477978941961993,0.6477978941961993,0.6477978941961993
case,0.719718249893925,0.6229108910891089,0.664297849982573,100.2
control,0.5860823639994339,0.6808612440191387,0.6257394414498207,76.4
macro avg,0.6529003069466794,0.6518860675541238,0.6450186457161969,176.6
weighted avg,0.6619773835334146,0.6477978941961993,0.647560431268613,176.6
