,precision,recall,f1-score,support
accuracy,0.6568374422187981,0.6568374422187981,0.6568374422187981,0.6568374422187981
case,0.7258426737956722,0.6389108910891089,0.6770381525250204,100.2
control,0.5931373721745292,0.6807587149692413,0.6315005576706916,76.4
macro avg,0.6594900229851006,0.6598348030291751,0.654269355097856,176.6
weighted avg,0.6685062505131665,0.6568374422187981,0.6572861804584555,176.6
