,precision,recall,f1-score,support
accuracy,0.5095022624434389,0.5095022624434389,0.5095022624434389,0.5095022624434389
case,0.5727691603230397,0.52,0.5448221402333482,125.0
control,0.4428578542347455,0.4958333333333334,0.4675792629951806,96.0
macro avg,0.5078135072788926,0.5079166666666667,0.5062007016142644,221.0
weighted avg,0.5163370997597989,0.5095022624434389,0.511268673197764,221.0
