,precision,recall,f1-score,support
accuracy,0.49321266968325794,0.49321266968325794,0.49321266968325794,0.49321266968325794
case,0.559535246518155,0.488,0.5196157381451624,125.0
control,0.42806309376566914,0.5,0.45992223421426814,96.0
macro avg,0.49379917014191205,0.49399999999999994,0.48976898617971526,221.0
weighted avg,0.5024251711143602,0.49321266968325794,0.4936855282928282,221.0
