,precision,recall,f1-score,support
accuracy,0.5375565610859729,0.5375565610859729,0.5375565610859729,0.5375565610859729
case,0.6044872802777569,0.5327999999999999,0.562263276971716,125.0
control,0.47416114213273824,0.54375,0.5024500494108025,96.0
macro avg,0.5393242112052477,0.538275,0.5323566631912592,221.0
weighted avg,0.5478750211740384,0.5375565610859729,0.5362810604746676,221.0
