,precision,recall,f1-score,support
accuracy,0.6010734420265175,0.6010734420265175,0.6010734420265175,0.6010734420265175
case,0.6785360889627624,0.5768079800498753,0.6179780784108687,400.8
control,0.5349508033518534,0.6327975999142826,0.5742728345709661,305.6
macro avg,0.6067434461573079,0.6048027899820789,0.5961254564909174,706.4
weighted avg,0.6164109326863052,0.6010734420265175,0.5990885173086117,706.4
