,precision,recall,f1-score,support
accuracy,0.5084232152028763,0.5084232152028763,0.5084232152028763,0.5084232152028763
case,0.574704258337974,0.4954257425742575,0.524734163092176,100.2
control,0.44709383973673733,0.5263157894736842,0.4776604868640667,76.4
macro avg,0.5108990490373556,0.5108707660239709,0.5011973249781213,176.6
weighted avg,0.5195119226988126,0.5084232152028763,0.5041867626385397,176.6
