,precision,recall,f1-score,support
accuracy,0.6384411650392072,0.6384411650392072,0.6384411650392072,0.6384411650392072
case,0.6894661799027055,0.6611832917705736,0.67486069749858,400.8
control,0.5777258682212763,0.6086210221793635,0.5925577983114902,305.6
macro avg,0.6335960240619908,0.6349021569749687,0.6337092479050351,706.4
weighted avg,0.6411274101822592,0.6384411650392072,0.6392546777801476,706.4
