,precision,recall,f1-score,support
accuracy,0.48597285067873297,0.48597285067873297,0.48597285067873297,0.48597285067873297
case,0.5535779162152401,0.44639999999999996,0.4899527121116053,125.0
control,0.4290042886406522,0.5375,0.4741928990340923,96.0
macro avg,0.49129110242794616,0.49194999999999994,0.48207280557284876,221.0
weighted avg,0.49946448523261366,0.48597285067873297,0.483106820458025,221.0
