,precision,recall,f1-score,support
accuracy,0.48325791855203615,0.48325791855203615,0.48325791855203615,0.48325791855203615
case,0.5489348211628198,0.4864,0.5156762939204146,125.0
control,0.4172010600915973,0.4791666666666667,0.44595178066499336,96.0
macro avg,0.4830679406272086,0.48278333333333334,0.48081403729270394,221.0
weighted avg,0.49171110594636114,0.48325791855203615,0.48538872255154386,221.0
