,precision,recall,f1-score,support
accuracy,0.5076923076923077,0.5076923076923077,0.5076923076923077,0.5076923076923077
case,0.5700570902940736,0.5248,0.546178768376367,125.0
control,0.4401110151663004,0.4854166666666666,0.46133965488725953,96.0
macro avg,0.5050840527301871,0.5051083333333334,0.5037592116318133,221.0
weighted avg,0.5136099264376653,0.5076923076923077,0.509325578806438,221.0
