,precision,recall,f1-score,support
accuracy,0.5367295839753468,0.5367295839753468,0.5367295839753468,0.5367295839753468
case,0.6072943811560015,0.5372277227722771,0.565302164356128,100.2
control,0.4651207792461232,0.5363978127136022,0.49420528940625524,76.4
macro avg,0.5362075802010623,0.5368127677429397,0.5297537268811917,176.6
weighted avg,0.5458168778262814,0.5367295839753468,0.5344866869498157,176.6
