,precision,recall,f1-score,support
accuracy,0.600231124807396,0.600231124807396,0.600231124807396,0.600231124807396
case,0.6891600201506641,0.5430297029702971,0.602716426276259,100.2
control,0.5334931629345638,0.675187969924812,0.5918664358828293,76.4
macro avg,0.6113265915426139,0.6091088364475545,0.5972914310795441,176.6
weighted avg,0.6218177133788787,0.600231124807396,0.598036857011285,176.6
