,precision,recall,f1-score,support
accuracy,0.5889049609129267,0.5889049609129267,0.5889049609129267,0.5889049609129267
case,0.661789434819973,0.5643765586034912,0.6089798966256658,400.8
control,0.5207698767021423,0.6210714668381014,0.5663296552966777,305.6
macro avg,0.5912796557610576,0.5927240127207963,0.5876547759611717,706.4
weighted avg,0.6007825269892031,0.5889049609129267,0.5905295722446184,706.4
