,precision,recall,f1-score,support
accuracy,0.5197675911658963,0.5197675911658963,0.5197675911658963,0.5197675911658963
case,0.582320436913164,0.542950495049505,0.5617459082525301,100.2
control,0.44971530504652746,0.4894736842105263,0.46853938377361537,76.4
macro avg,0.5160178709798457,0.5162120896300155,0.5151426460130727,176.6
weighted avg,0.5249683786194065,0.5197675911658963,0.5214070243713612,176.6
