,precision,recall,f1-score,support
accuracy,0.6486378625721738,0.6486378625721738,0.6486378625721738,0.6486378625721738
case,0.7130924335640698,0.6387206982543641,0.6731907285720069,400.8
control,0.5831528288668277,0.6616672024000858,0.6191869505508012,305.6
macro avg,0.6481226312154488,0.6501939503272249,0.6461888395614042,706.4
weighted avg,0.6568820546344953,0.6486378625721738,0.6498247225759334,706.4
