,precision,recall,f1-score,support
accuracy,0.502262443438914,0.502262443438914,0.502262443438914,0.502262443438914
case,0.5670113176337874,0.5056,0.533333282288394,125.0
control,0.43671706239888053,0.4979166666666667,0.4641011715209272,96.0
macro avg,0.5018641900163341,0.5017583333333333,0.49871722690466064,221.0
weighted avg,0.5104129081199817,0.502262443438914,0.5032596052129333,221.0
