,precision,recall,f1-score,support
accuracy,0.614869029275809,0.614869029275809,0.614869029275809,0.614869029275809
case,0.6792373971106859,0.622950495049505,0.6467241301320635,100.2
control,0.5480986717267552,0.6042378673957621,0.5711476230519035,76.4
macro avg,0.6136680344187205,0.6135941812226335,0.6089358765919834,176.6
weighted avg,0.6225152773006555,0.614869029275809,0.6140407758254997,176.6
