,precision,recall,f1-score,support
accuracy,0.6486386639473336,0.6486386639473336,0.6486386639473336,0.6486386639473336
case,0.743034941651812,0.5838229426433915,0.6532113659999224,400.8
control,0.5735257933511341,0.7336440587163827,0.643332991375495,305.6
macro avg,0.658280367501473,0.6587335006798871,0.6482721786877088,706.4
weighted avg,0.6697023406387632,0.6486386639473336,0.6489380989070258,706.4
