,precision,recall,f1-score,support
accuracy,0.6078727095696215,0.6078727095696215,0.6078727095696215,0.6078727095696215
case,0.666450074797994,0.6197668329177057,0.641693474013071,400.8
control,0.543194996790038,0.5922575806278796,0.5660474828952224,305.6
macro avg,0.604822535794016,0.6060122067727927,0.6038704784541468,706.4
weighted avg,0.613127157913122,0.6078727095696215,0.6089708176244194,706.4
