,precision,recall,f1-score,support
accuracy,0.48235294117647054,0.48235294117647054,0.48235294117647054,0.48235294117647054
case,0.5529779282873342,0.44480000000000003,0.49236324530393105,125.0
control,0.4232872127677786,0.53125,0.4707204226545755,96.0
macro avg,0.4881325705275564,0.48802500000000004,0.4815418339792532,221.0
weighted avg,0.4966416898715996,0.48235294117647054,0.4829618381802291,221.0
