,precision,recall,f1-score,support
accuracy,0.6250770416024654,0.6250770416024654,0.6250770416024654,0.6250770416024654
case,0.7111259585371286,0.581069306930693,0.6362426685328865,100.2
control,0.5540650221058263,0.6828776486671224,0.609288762446298,76.4
macro avg,0.6325954903214775,0.6319734777989077,0.6227657154895923,176.6
weighted avg,0.6431892696878818,0.6250770416024654,0.6245660007530401,176.6
