,precision,recall,f1-score,support
accuracy,0.5076923076923077,0.5076923076923077,0.5076923076923077,0.5076923076923077
case,0.5789050519193103,0.47359999999999997,0.5206564882161924,125.0
control,0.4464550219266069,0.5520833333333334,0.4934545335704666,96.0
macro avg,0.5126800369229587,0.5128416666666666,0.5070555108933295,221.0
weighted avg,0.5213701972618464,0.5076923076923077,0.5088402545239314,221.0
