,precision,recall,f1-score,support
accuracy,0.6557588597842836,0.6557588597842836,0.6557588597842836,0.6557588597842836
case,0.7162409713049099,0.6527326732673268,0.6819225546198268,100.2
control,0.5932608695652174,0.6598427887901572,0.623488917463239,76.4
macro avg,0.6547509204350637,0.6562877310287419,0.6527057360415329,176.6
weighted avg,0.6630644174365186,0.6557588597842836,0.6566317078605917,176.6
