,precision,recall,f1-score,support
accuracy,0.5775823312804773,0.5775823312804773,0.5775823312804773,0.5775823312804773
case,0.6382808490924258,0.5883029925187032,0.6118171817901699,400.8
control,0.5116342570305384,0.5635165541626487,0.5358473050224328,305.6
macro avg,0.5749575530614821,0.575909773340676,0.5738322434063013,706.4
weighted avg,0.5834901659653756,0.5775823312804773,0.5789518960245712,706.4
