,precision,recall,f1-score,support
accuracy,0.719431744874204,0.719431744874204,0.719431744874204,0.719431744874204
case,0.7801566402253194,0.7036009975062344,0.7397024112154748,400.8
control,0.6563371733360516,0.7402035786992393,0.6955473391129172,305.6
macro avg,0.7182469067806855,0.7219022881027368,0.7176248751641959,706.4
weighted avg,0.7265917056150889,0.719431744874204,0.7205988687056533,706.4
