,precision,recall,f1-score,support
accuracy,0.4787330316742081,0.4787330316742081,0.4787330316742081,0.4787330316742081
case,0.5465487141795927,0.47040000000000004,0.5050140715561093,125.0
control,0.4141307115105362,0.4895833333333333,0.44821798741659935,96.0
macro avg,0.48033971284506444,0.47999166666666665,0.47661602948635434,221.0
weighted avg,0.48902777184371304,0.4787330316742081,0.48034246939596026,221.0
