,precision,recall,f1-score,support
accuracy,0.4705882352941176,0.4705882352941176,0.4705882352941176,0.4705882352941176
case,0.5316414085368739,0.528,0.5294247736288815,125.0
control,0.392517900335028,0.39583333333333337,0.3936742519992725,96.0
macro avg,0.462079654435951,0.46191666666666664,0.461549512814077,221.0
weighted avg,0.47120766741752007,0.4705882352941176,0.4704562212467889,221.0
