,precision,recall,f1-score,support
accuracy,0.7233965484771868,0.7233965484771868,0.7233965484771868,0.7233965484771868
case,0.7807761046493014,0.7125872817955112,0.745063850912476,400.8
control,0.6619397512180615,0.7375827708132434,0.6976504545906084,305.6
macro avg,0.7213579279336815,0.7250850263043773,0.7213571527515421,706.4
weighted avg,0.7293678719034833,0.7233965484771868,0.7245511394037265,706.4
