,precision,recall,f1-score,support
accuracy,0.5561761684643041,0.5561761684643041,0.5561761684643041,0.5561761684643041
case,0.6109602217849145,0.5907722772277227,0.5984416074727099,100.2
control,0.49069750614729807,0.5105604921394395,0.49818366094744226,76.4
macro avg,0.5508288639661062,0.5506663846835811,0.5483126342100761,176.6
weighted avg,0.5589275052051736,0.5561761684643041,0.5551182538210375,176.6
