,precision,recall,f1-score,support
accuracy,0.49045326142783774,0.49045326142783774,0.49045326142783774,0.49045326142783774
case,0.5571557271557271,0.518990099009901,0.5357677498562448,100.2
control,0.4138308484248417,0.4530416951469583,0.4307849761874348,76.4
macro avg,0.48549328779028444,0.48601589707842957,0.48327636302183985,176.6
weighted avg,0.4951569290412826,0.49045326142783774,0.4903504394872498,176.6
