,precision,recall,f1-score,support
accuracy,0.4760180995475113,0.4760180995475113,0.4760180995475113,0.4760180995475113
case,0.5380732183061399,0.5104,0.5233760272441988,125.0
control,0.4040627207843703,0.43125,0.4167332320518796,96.0
macro avg,0.47106796954525504,0.47082499999999994,0.47005462964803923,221.0
weighted avg,0.47986051350030323,0.4760180995475113,0.4770515551244584,221.0
