,precision,recall,f1-score,support
accuracy,0.6509017473985359,0.6509017473985359,0.6509017473985359,0.6509017473985359
case,0.6994395152747985,0.6741346633416458,0.6863456177431322,400.8
control,0.5929129488016518,0.6204243008678881,0.6060889749394314,305.6
macro avg,0.6461762320382252,0.647279482104767,0.6462172963412817,706.4
weighted avg,0.6533531708894111,0.6509017473985359,0.6516262012595984,706.4
