,precision,recall,f1-score,support
accuracy,0.6237327253567122,0.6237327253567122,0.6237327253567122,0.6237327253567122
case,0.6894397088808514,0.6157406483790524,0.6495250937047548,400.8
control,0.5574105542680547,0.6341647915997,0.5923687032194032,305.6
macro avg,0.623425131574453,0.6249527199893763,0.620946898462079,706.4
weighted avg,0.6323163570077612,0.6237327253567122,0.6248063525559877,706.4
