,precision,recall,f1-score,support
accuracy,0.6942208830352886,0.6942208830352886,0.6942208830352886,0.6942208830352886
case,0.7472983528221393,0.6966084788029925,0.7208406374836364,400.8
control,0.635255332230942,0.6911153969784636,0.6617442588751399,305.6
macro avg,0.6912768425265406,0.693861937890728,0.6912924481793882,706.4
weighted avg,0.6988319389907691,0.6942208830352886,0.6952716664297982,706.4
