,precision,recall,f1-score,support
accuracy,0.42081447963800905,0.42081447963800905,0.42081447963800905,0.42081447963800905
case,0.4867193675889328,0.42560000000000003,0.4537658841777989,125.0
control,0.35583116691802524,0.4145833333333333,0.38269899419814585,96.0
macro avg,0.42127526725347897,0.42009166666666664,0.41823243918797237,221.0
weighted avg,0.42986295462781454,0.42081447963800905,0.4228951989377686,221.0
