,precision,recall,f1-score,support
accuracy,0.5639894709809964,0.5639894709809964,0.5639894709809964,0.5639894709809964
case,0.6315228424522278,0.5648514851485149,0.5946365388488293,100.2
control,0.4951590291248671,0.5626110731373889,0.5252401159510687,76.4
macro avg,0.5633409357885475,0.5637312791429518,0.559938327399949,176.6
weighted avg,0.5725334012997727,0.5639894709809964,0.5646701744990156,176.6
