,precision,recall,f1-score,support
accuracy,0.5366515837104072,0.5366515837104072,0.5366515837104072,0.5366515837104072
case,0.5919073762838469,0.5824,0.5870334056214086,125.0
control,0.46733794664296147,0.4770833333333333,0.4720580207421438,96.0
macro avg,0.5296226614634042,0.5297416666666667,0.5295457131817762,221.0
weighted avg,0.5377957688380324,0.5366515837104072,0.5370893470313207,221.0
