,precision,recall,f1-score,support
accuracy,0.6284668721109399,0.6284668721109399,0.6284668721109399,0.6284668721109399
case,0.6741716259197791,0.6627326732673267,0.6673983211088623,100.2
control,0.5737927275976057,0.5837662337662337,0.5774803018355597,76.4
macro avg,0.6239821767586923,0.6232494535167803,0.622439311472211,176.6
weighted avg,0.6307969492552299,0.6284668721109399,0.628471907923421,176.6
