,precision,recall,f1-score,support
accuracy,0.5713444270367951,0.5713444270367951,0.5713444270367951,0.5713444270367951
case,0.6360904582377532,0.5708703241895262,0.60160235528634,400.8
control,0.5043488733853343,0.571987570984678,0.5359291355705533,305.6
macro avg,0.5702196658115437,0.5714289475871022,0.5687657454284467,706.4
weighted avg,0.5790991034152067,0.5713444270367951,0.5731875747896661,706.4
