,precision,recall,f1-score,support
accuracy,0.5484162895927602,0.5484162895927602,0.5484162895927602,0.5484162895927602
case,0.599619414480826,0.6064,0.6026540985786705,125.0
control,0.4803459012327901,0.4729166666666666,0.4761216808675008,96.0
macro avg,0.5399826578568081,0.5396583333333334,0.5393878897230857,221.0
weighted avg,0.5478082956038511,0.5484162895927602,0.547689790432642,221.0
