,precision,recall,f1-score,support
accuracy,0.646940950671352,0.646940950671352,0.646940950671352,0.646940950671352
case,0.6966066925251733,0.6716882793017456,0.6828463387164012,400.8
control,0.5892589144022232,0.6145848066002357,0.6001564184900395,305.6
macro avg,0.6429328034636982,0.6431365429509907,0.6415013786032204,706.4
weighted avg,0.6501789663291884,0.646940950671352,0.6470579013503482,706.4
