,precision,recall,f1-score,support
accuracy,0.5095022624434389,0.5095022624434389,0.5095022624434389,0.5095022624434389
case,0.5651077587755441,0.576,0.5700063584369132,125.0
control,0.4337576834606537,0.4229166666666667,0.42759970637596484,96.0
macro avg,0.49943272111809894,0.4994583333333333,0.4988030324064391,221.0
weighted avg,0.508050712484913,0.5095022624434389,0.5081464552792162,221.0
