,precision,recall,f1-score,support
accuracy,0.651123523369286,0.651123523369286,0.651123523369286,0.651123523369286
case,0.7132534742810274,0.6447128712871286,0.6770160307251109,100.2
control,0.5861622318507095,0.6595352016404649,0.6204384485027143,76.4
macro avg,0.6497078530658684,0.6521240364637968,0.6487272396139125,176.6
weighted avg,0.6582866362054292,0.651123523369286,0.6525463268200618,176.6
