,precision,recall,f1-score,support
accuracy,0.6353620955315871,0.6353620955315871,0.6353620955315871,0.6353620955315871
case,0.7004803523210009,0.6267128712871287,0.6576502129293915,100.2
control,0.5745550833605753,0.6463773069036227,0.604609024939543,76.4
macro avg,0.6375177178407881,0.6365450890953757,0.6311296189344674,176.6
weighted avg,0.6459878498921865,0.6353620955315871,0.6347669085221952,176.6
