,precision,recall,f1-score,support
accuracy,0.5676621081776327,0.5676621081776327,0.5676621081776327,0.5676621081776327
case,0.6374509022718209,0.5518852867830424,0.5915747544715084,400.8
control,0.5002974146811134,0.5883595842708668,0.5407531603103013,305.6
macro avg,0.568874158476467,0.5701224355269545,0.5661639573909049,706.4
weighted avg,0.5781170860457131,0.5676621081776327,0.5695877538870379,706.4
