,precision,recall,f1-score,support
accuracy,0.5922701592193118,0.5922701592193118,0.5922701592193118,0.5922701592193118
case,0.6562421204526467,0.5947128712871288,0.6218850775431946,100.2
control,0.5266229222873765,0.5888243335611757,0.5539913543412779,76.4
macro avg,0.5914325213700116,0.5917686024241522,0.5879382159422362,176.6
weighted avg,0.6001679360860692,0.5922701592193118,0.5925660409183516,176.6
