,precision,recall,f1-score,support
accuracy,0.6874228175549242,0.6874228175549242,0.6874228175549242,0.6874228175549242
case,0.7434440400733244,0.6861359102244389,0.7135395247943622,400.8
control,0.6260360847330511,0.6891138969248901,0.6559474024959258,305.6
macro avg,0.6847400624031879,0.6876249035746645,0.684743463645144,706.4
weighted avg,0.6926534442719565,0.6874228175549242,0.6886245406779778,706.4
