,precision,recall,f1-score,support
accuracy,0.6862944813299622,0.6862944813299622,0.6862944813299622,0.6862944813299622
case,0.7427420262746074,0.6841346633416459,0.7122113238594395,400.8
control,0.6245384607975131,0.6891203257259187,0.6552159330822833,305.6
macro avg,0.6836402435360602,0.6866274945337822,0.6837136284708614,706.4
weighted avg,0.6916052726474556,0.6862944813299622,0.6875556644956953,706.4
