,precision,recall,f1-score,support
accuracy,0.6220290017670322,0.6220290017670322,0.6220290017670322,0.6220290017670322
case,0.6779190443285892,0.6406907730673317,0.6555607762759447,400.8
control,0.564430200134559,0.597452051858995,0.5752394571021086,305.6
macro avg,0.621174622231574,0.6190714124631633,0.6154001166890266,706.4
weighted avg,0.6288102546699676,0.6220290017670322,0.6208295384997836,706.4
