,precision,recall,f1-score,support
accuracy,0.48325791855203615,0.48325791855203615,0.48325791855203615,0.48325791855203615
case,0.5438859462568566,0.5296000000000001,0.5362442939590281,125.0
control,0.40896935744528273,0.4229166666666667,0.4153749982591486,96.0
macro avg,0.4764276518510696,0.47625833333333334,0.47580964610908827,221.0
weighted avg,0.4852796452346345,0.48325791855203615,0.4837399845147365,221.0
