,precision,recall,f1-score,support
accuracy,0.5194570135746607,0.5194570135746607,0.5194570135746607,0.5194570135746607
case,0.581824520979869,0.5359999999999999,0.5577649403822589,125.0
control,0.4516064990086722,0.4979166666666667,0.4734096601028798,96.0
macro avg,0.5167155099942706,0.5169583333333334,0.5155873002425694,221.0
weighted avg,0.5252592263679465,0.5194570135746607,0.5211219227043387,221.0
