,precision,recall,f1-score,support
accuracy,0.6523153731803776,0.6523153731803776,0.6523153731803776,0.6523153731803776
case,0.6950604369401103,0.69114463840399,0.692323259548824,400.8
control,0.5989259928053526,0.6014464802314368,0.5990359032568027,305.6
macro avg,0.6469932148727315,0.6462955593177134,0.6456795814028133,706.4
weighted avg,0.6534794187035748,0.6523153731803776,0.6519574378840888,706.4
