,precision,recall,f1-score,support
accuracy,0.4796380090497737,0.4796380090497737,0.4796380090497737,0.4796380090497737
case,0.543182087351568,0.5008,0.5207240535577635,125.0
control,0.4102797710967744,0.4520833333333333,0.4297407037871471,96.0
macro avg,0.47673092922417115,0.47644166666666665,0.47523237867245527,221.0
weighted avg,0.4854507644535581,0.4796380090497737,0.48120187447188495,221.0
