,precision,recall,f1-score,support
accuracy,0.5413713405238829,0.5413713405238829,0.5413713405238829,0.5413713405238829
case,0.5946576169485482,0.6028910891089109,0.5982190849030063,100.2
control,0.4695371295371295,0.46049213943950784,0.4642027126142917,76.4
macro avg,0.5320973732428389,0.5316916142742094,0.531210898758649,176.6
weighted avg,0.5405395763559294,0.5413713405238829,0.5402892354590643,176.6
