,precision,recall,f1-score,support
accuracy,0.5514573703133026,0.5514573703133026,0.5514573703133026,0.5514573703133026
case,0.6166549224536523,0.5548316831683169,0.5812926844525041,100.2
control,0.48496604580907315,0.5473342447026657,0.5115703236737138,76.4
macro avg,0.5508104841313627,0.5510829639354913,0.5464315040631089,176.6
weighted avg,0.5597011892814556,0.5514573703133026,0.5510723200606676,176.6
