,precision,recall,f1-score,support
accuracy,0.5141307139188495,0.5141307139188495,0.5141307139188495,0.5141307139188495
case,0.5856661309006773,0.49300990099009906,0.5345208298557885,100.2
control,0.4489486909770921,0.5419685577580314,0.49038760405118414,76.4
macro avg,0.5173074109388847,0.5174892293740652,0.5124542169534863,176.6
weighted avg,0.5265334912870546,0.5141307139188495,0.5154055057225924,176.6
