,precision,recall,f1-score,support
accuracy,0.4995475113122172,0.4995475113122172,0.4995475113122172,0.4995475113122172
case,0.5626938005759436,0.5216000000000001,0.5412380486007778,125.0
control,0.4297468623157014,0.4708333333333333,0.44922359025408004,96.0
macro avg,0.49622033144582256,0.49621666666666664,0.49523081942742897,221.0
weighted avg,0.5049430943633497,0.4995475113122172,0.5012679671470086,221.0
