,precision,recall,f1-score,support
accuracy,0.6556047765793529,0.6556047765793529,0.6556047765793529,0.6556047765793529
case,0.7090049558284852,0.6646534653465347,0.6853045260801728,100.2
control,0.5972007145681965,0.6437457279562542,0.6186386568332235,76.4
macro avg,0.6531028351983409,0.6541995966513945,0.6519715914566981,176.6
weighted avg,0.6606672934697859,0.6556047765793529,0.6564774223230102,176.6
