,precision,recall,f1-score,support
accuracy,0.4380090497737557,0.4380090497737557,0.4380090497737557,0.4380090497737557
case,0.5043578115878887,0.4032,0.4479779426525674,125.0
control,0.38310454667149124,0.4833333333333334,0.42731692055156145,96.0
macro avg,0.44373117912969,0.4432666666666666,0.4376474316020643,221.0
weighted avg,0.45168671008574324,0.4380090497737557,0.43900301902498107,221.0
