,precision,recall,f1-score,support
accuracy,0.6602272727272728,0.6602272727272728,0.6602272727272728,0.6602272727272728
case,0.7150054758252656,0.6666336633663367,0.68921949099619,100.2
control,0.6000547808119824,0.6517088174982912,0.6240092879256965,76.4
macro avg,0.657530128318624,0.6591712404323139,0.6566143894609432,176.6
weighted avg,0.6652723712587162,0.6602272727272728,0.661031904612617,176.6
