,precision,recall,f1-score,support
accuracy,0.6341422701592193,0.6341422701592193,0.6341422701592193,0.6341422701592193
case,0.6957240915970684,0.6305742574257426,0.6607533529873999,100.2
control,0.5704147630298302,0.6385167464114833,0.6016262430543613,76.4
macro avg,0.6330694273134492,0.6345455019186129,0.6311897980208806,176.6
weighted avg,0.6414863902699948,0.6341422701592193,0.6352262452941357,176.6
