,precision,recall,f1-score,support
accuracy,0.5095022624434389,0.5095022624434389,0.5095022624434389,0.5095022624434389
case,0.5710689585541926,0.536,0.5477757719619828,125.0
control,0.43970832398548093,0.475,0.4512769723958816,96.0
macro avg,0.5053886412698367,0.5055,0.4995263721789322,221.0
weighted avg,0.5140073254383721,0.5095022624434389,0.505857741381233,221.0
