,precision,recall,f1-score,support
accuracy,0.6472310484791903,0.6472310484791903,0.6472310484791903,0.6472310484791903
case,0.6954820034551098,0.6731433915211971,0.6839191176999166,400.8
control,0.5889561214633974,0.6132090431801136,0.6005522166883913,305.6
macro avg,0.6422190624592536,0.6431762173506553,0.6422356671941539,706.4
weighted avg,0.6493920083402942,0.6472310484791903,0.6478587298249704,706.4
