,precision,recall,f1-score,support
accuracy,0.5390472521828454,0.5390472521828454,0.5390472521828454,0.5390472521828454
case,0.6065262770724065,0.5668118811881188,0.5789866093012911,100.2
control,0.4637156450687804,0.5026657552973341,0.47469319926208187,76.4
macro avg,0.5351209610705934,0.5347388182427265,0.5268399042816865,176.6
weighted avg,0.5447517658239576,0.5390472521828454,0.5338629056059512,176.6
