,precision,recall,f1-score,support
accuracy,0.47330316742081446,0.47330316742081446,0.47330316742081446,0.47330316742081446
case,0.5370451413637444,0.4896,0.5116407146674588,125.0
control,0.4051826484991647,0.4520833333333333,0.4268306227143713,96.0
macro avg,0.4711138949314545,0.47084166666666666,0.46923566869091504,221.0
weighted avg,0.4797655064542436,0.47330316742081446,0.4748001317376108,221.0
