,precision,recall,f1-score,support
accuracy,0.5628546585941475,0.5628546585941475,0.5628546585941475,0.5628546585941475
case,0.6361890664192663,0.5359139650872817,0.5816718780560468,400.8
control,0.4957682738015148,0.5981635058394943,0.542107636745589,305.6
macro avg,0.5659786701103906,0.567038735463388,0.5618897574008178,706.4
weighted avg,0.5754401313875317,0.5628546585941475,0.5645607275029587,706.4
