,precision,recall,f1-score,support
accuracy,0.5113122171945702,0.5113122171945702,0.5113122171945702,0.5113122171945702
case,0.5750366687378309,0.5312,0.5511527120969846,125.0
control,0.4411277454263896,0.4854166666666667,0.4610269421845796,96.0
macro avg,0.5080822070821103,0.5083083333333334,0.5060898271407821,221.0
weighted avg,0.5168680866658926,0.5113122171945702,0.5120030563884286,221.0
