,precision,recall,f1-score,support
accuracy,0.5067873303167421,0.5067873303167421,0.5067873303167421,0.5067873303167421
case,0.5722429240256066,0.5104,0.539039664166441,125.0
control,0.4399375070356927,0.5020833333333334,0.46847889152174976,96.0
macro avg,0.5060902155306496,0.5062416666666667,0.5037592778440954,221.0
weighted avg,0.5147708876860965,0.5067873303167421,0.5083888308004212,221.0
