,precision,recall,f1-score,support
accuracy,0.7369770526222998,0.7369770526222998,0.7369770526222998,0.7369770526222998
case,0.7849458332651917,0.7390249376558604,0.761168342096797,400.8
control,0.6823295094423608,0.7342976534876245,0.7072116178702068,305.6
macro avg,0.7336376713537762,0.7366612955717425,0.7341899799835019,706.4
weighted avg,0.7405538863458084,0.7369770526222998,0.7378251837935632,706.4
