,precision,recall,f1-score,support
accuracy,0.6418401977793895,0.6418401977793895,0.6418401977793895,0.6418401977793895
case,0.7048456546108933,0.635718204488778,0.6678229653110008,400.8
control,0.5769377474287175,0.6498982106503803,0.6105967270353018,305.6
macro avg,0.6408917010198054,0.6428082075695792,0.6392098461731514,706.4
weighted avg,0.6495148351550053,0.6418401977793895,0.6430618369272423,706.4
