,precision,recall,f1-score,support
accuracy,0.5122171945701357,0.5122171945701357,0.5122171945701357,0.5122171945701357
case,0.581066763425254,0.49119999999999997,0.5313312360517329,125.0
control,0.4496280191967991,0.5395833333333333,0.48970809721351716,96.0
macro avg,0.5153473913110266,0.5153916666666667,0.510519666632625,221.0
weighted avg,0.5239712003214908,0.5122171945701357,0.5132505965563994,221.0
