,precision,recall,f1-score,support
accuracy,0.4938302516692348,0.4938302516692348,0.4938302516692348,0.4938302516692348
case,0.5616576354025553,0.495009900990099,0.5259002206370628,100.2
control,0.4256397981065888,0.4920710868079289,0.4561888739114977,76.4
macro avg,0.4936487167545721,0.493540493899014,0.49104454727428026,176.6
weighted avg,0.5028258315118569,0.4938302516692348,0.4957936525334309,176.6
