,precision,recall,f1-score,support
accuracy,0.6894098272635844,0.6894098272635844,0.6894098272635844,0.6894098272635844
case,0.7391626392055011,0.7001034912718205,0.7189540937948067,400.8
control,0.6319007555147275,0.675422693667631,0.6527518159221921,305.6
macro avg,0.6855316973601143,0.6877630924697258,0.6858529548584994,706.4
weighted avg,0.692764686821723,0.6894098272635844,0.6903084591711137,706.4
