,precision,recall,f1-score,support
accuracy,0.5167420814479637,0.5167420814479637,0.5167420814479637,0.5167420814479637
case,0.5777862741160058,0.5488000000000001,0.5626553876336357,125.0
control,0.44536657236854527,0.475,0.459420511027829,96.0
macro avg,0.5115764232422756,0.5119,0.5110379493307324,221.0
weighted avg,0.520264593718919,0.5167420814479637,0.5178112783388056,221.0
