,precision,recall,f1-score,support
accuracy,0.5367681047765793,0.5367681047765793,0.5367681047765793,0.5367681047765793
case,0.6102848594248856,0.5190693069306931,0.5590211043162187,100.2
control,0.4688192070470157,0.560082023239918,0.5088425711956052,76.4
macro avg,0.5395520332359507,0.5395756650853055,0.5339318377559119,176.6
weighted avg,0.5491090366736728,0.5367681047765793,0.5373022598429074,176.6
