,precision,recall,f1-score,support
accuracy,0.5470210580380072,0.5470210580380072,0.5470210580380072,0.5470210580380072
case,0.6096958731232236,0.5609504950495049,0.5833342496349257,100.2
control,0.47919834834096287,0.5286397812713602,0.5016738130830936,76.4
macro avg,0.5444471107320933,0.5447951381604326,0.5425040313590096,176.6
weighted avg,0.5532448220619626,0.5470210580380072,0.548033102214722,176.6
