,precision,recall,f1-score,support
accuracy,0.6127118644067797,0.6127118644067797,0.6127118644067797,0.6127118644067797
case,0.6759244220502999,0.6126732673267327,0.6419269602982002,100.2
control,0.5466158112968781,0.6126452494873547,0.5768949640347045,76.4
macro avg,0.611270116673589,0.6126592584070437,0.6094109621664524,176.6
weighted avg,0.619980537884619,0.6127118644067797,0.6138168819784637,176.6
