,precision,recall,f1-score,support
accuracy,0.4705882352941176,0.4705882352941176,0.4705882352941176,0.4705882352941176
case,0.5356126123626886,0.488,0.5105714517477831,125.0
control,0.40118957069452116,0.4479166666666667,0.4231468115891632,96.0
macro avg,0.46840109152860493,0.46795833333333325,0.4668591316684731,221.0
weighted avg,0.47722070285977425,0.4705882352941176,0.4725951374707355,221.0
