,precision,recall,f1-score,support
accuracy,0.647796418654411,0.647796418654411,0.647796418654411,0.647796418654411
case,0.691098723504723,0.688654613466334,0.6885769658831653,400.8
control,0.5944869089720348,0.5942655094824815,0.5923987015820146,305.6
macro avg,0.6427928162383789,0.6414600614744078,0.6404878337325899,706.4
weighted avg,0.6493083398369833,0.647796418654411,0.6469591328705395,706.4
