,precision,recall,f1-score,support
accuracy,0.5221366204417052,0.5221366204417052,0.5221366204417052,0.5221366204417052
case,0.579748764711152,0.5826732673267327,0.5799945395752302,100.2
control,0.444927853057289,0.4426520847573479,0.44212895766492233,76.4
macro avg,0.5123383088842205,0.5126626760420403,0.5110617486200763,176.6
weighted avg,0.5214140290056369,0.5221366204417052,0.5203675634169824,176.6
