,precision,recall,f1-score,support
accuracy,0.5031674208144796,0.5031674208144796,0.5031674208144796,0.5031674208144796
case,0.5604533535792087,0.568,0.563534258139321,125.0
control,0.4256952469761065,0.41875,0.4213598044657797,96.0
macro avg,0.49307430027765753,0.493375,0.49244703130255035,221.0
weighted avg,0.5019158955072729,0.5031674208144796,0.5017752194395022,221.0
