,precision,recall,f1-score,support
accuracy,0.5742103235747303,0.5742103235747303,0.5742103235747303,0.5742103235747303
case,0.6333334892580981,0.5866534653465346,0.6082867206024256,100.2
control,0.5098054597626098,0.557552973342447,0.5317738756209941,76.4
macro avg,0.5715694745103539,0.5721032193444909,0.5700302981117099,176.6
weighted avg,0.5798726048572397,0.5742103235747303,0.5752484451470351,176.6
