,precision,recall,f1-score,support
accuracy,0.5888977485364887,0.5888977485364887,0.5888977485364887,0.5888977485364887
case,0.6372001305028311,0.6412194513715711,0.6388876176240227,400.8
control,0.5248235738074208,0.5202271509696775,0.5220496082544563,305.6
macro avg,0.581011852155126,0.5807233011706243,0.5804686129392395,706.4
weighted avg,0.588583925490432,0.5888977485364887,0.5883522868778222,706.4
