,precision,recall,f1-score,support
accuracy,0.5730521575022739,0.5730521575022739,0.5730521575022739,0.5730521575022739
case,0.6149332957819109,0.663647132169576,0.6377953361664354,400.8
control,0.5076444154190496,0.45420336440587167,0.4784101546185367,305.6
macro avg,0.5612888556004803,0.5589252482877238,0.558102745392486,706.4
weighted avg,0.5685157116211308,0.5730521575022739,0.5688483186043425,706.4
