,precision,recall,f1-score,support
accuracy,0.48144796380090493,0.48144796380090493,0.48144796380090493,0.48144796380090493
case,0.542112779696381,0.5328,0.5371767890223793,125.0
control,0.405482712798381,0.4145833333333333,0.4097112327176002,96.0
macro avg,0.473797746247381,0.4736916666666667,0.4734440108699897,221.0
weighted avg,0.4827621624013222,0.48144796380090493,0.4818071356049187,221.0
