,precision,recall,f1-score,support
accuracy,0.6146671688617668,0.6146671688617668,0.6146671688617668,0.6146671688617668
case,0.6682419756856568,0.6431683291770574,0.6526919521962472,400.8
control,0.5546106889215847,0.5772141862209365,0.5619506466522626,305.6
macro avg,0.6114263323036208,0.610191257698997,0.607321299424255,706.4
weighted avg,0.6190758947740527,0.6146671688617668,0.6134478829830875,706.4
