,precision,recall,f1-score,support
accuracy,0.5775937339496662,0.5775937339496662,0.5775937339496662,0.5775937339496662
case,0.6365754433434442,0.6049504950495049,0.617592313814935,100.2
control,0.5108616246027406,0.5419002050580998,0.5223154975395597,76.4
macro avg,0.5737185339730925,0.5734253500538024,0.5699539056772474,176.6
weighted avg,0.5822149790644878,0.5775937339496662,0.5763473449371338,176.6
