,precision,recall,f1-score,support
accuracy,0.5049773755656108,0.5049773755656108,0.5049773755656108,0.5049773755656108
case,0.5605414591782546,0.584,0.5711061150140366,125.0
control,0.42466786986000676,0.4020833333333333,0.41166165968581414,96.0
macro avg,0.4926046645191307,0.4930416666666667,0.49138388734992544,221.0
weighted avg,0.5015194475286989,0.5049773755656108,0.5018451751429536,221.0
