,precision,recall,f1-score,support
accuracy,0.6378810038025252,0.6378810038025252,0.6378810038025252,0.6378810038025252
case,0.6941116383805477,0.6471982543640898,0.6696701318050035,400.8
control,0.5750078040620636,0.625676631308261,0.5990861402587716,305.6
macro avg,0.6345597212213057,0.6364374428361754,0.6343781360318875,706.4
weighted avg,0.6425875575568737,0.6378810038025252,0.6391321515899927,706.4
