,precision,recall,f1-score,support
accuracy,0.490497737556561,0.490497737556561,0.490497737556561,0.490497737556561
case,0.5518576807852759,0.5312,0.5394163033065208,125.0
control,0.416548556250895,0.4375,0.42456154735940077,96.0
macro avg,0.4842031185180854,0.48434999999999995,0.4819889253329608,221.0
weighted avg,0.49308086650789773,0.490497737556561,0.4895246446145591,221.0
