,precision,recall,f1-score,support
accuracy,0.5433147280733739,0.5433147280733739,0.5433147280733739,0.5433147280733739
case,0.6036215808605799,0.5678653366583541,0.585046340564267,400.8
control,0.47438808306472635,0.5111003964427301,0.49189385453036555,305.6
macro avg,0.5390048319626533,0.5394828665505421,0.5384700975473162,706.4
weighted avg,0.5477138513243988,0.5433147280733739,0.5447508480536534,706.4
