,precision,recall,f1-score,support
accuracy,0.6160374935798665,0.6160374935798665,0.6160374935798665,0.6160374935798665
case,0.6848016816234134,0.6027920792079208,0.6399069467633172,100.2
control,0.5489138894267273,0.6333219412166781,0.5870311587330199,76.4
macro avg,0.6168577855250703,0.6180570102122994,0.6134690527481685,176.6
weighted avg,0.6260254721078351,0.6160374935798665,0.6170561545068303,176.6
