,precision,recall,f1-score,support
accuracy,0.4968325791855204,0.4968325791855204,0.4968325791855204,0.4968325791855204
case,0.5645471087779165,0.4784,0.5176090772611778,125.0
control,0.43454162478529,0.5208333333333333,0.4735612852897703,96.0
macro avg,0.49954436678160324,0.49961666666666665,0.495585181275474,221.0
weighted avg,0.5080741383557801,0.4968325791855204,0.4984751947758605,221.0
