,precision,recall,f1-score,support
accuracy,0.6695914188747891,0.6695914188747891,0.6695914188747891,0.6695914188747891
case,0.7331927054172296,0.6601645885286783,0.6930987754337162,400.8
control,0.6062538000230517,0.681870781099325,0.6402020663650964,305.6
macro avg,0.6697232527201407,0.6710176848140016,0.6666504208994063,706.4
weighted avg,0.6782656509370913,0.6695914188747891,0.6702272893736357,706.4
