,precision,recall,f1-score,support
accuracy,0.47420814479638007,0.47420814479638007,0.47420814479638007,0.47420814479638007
case,0.5391437647584716,0.4816,0.5085449887299823,125.0
control,0.40789072226406403,0.4645833333333333,0.4342088687038842,96.0
macro avg,0.4735172435112678,0.47309166666666663,0.47137692871693326,221.0
weighted avg,0.4821288684713081,0.47420814479638007,0.47625418546072706,221.0
