,precision,recall,f1-score,support
accuracy,0.4986425339366516,0.4986425339366516,0.4986425339366516,0.4986425339366516
case,0.5673338661821153,0.4896,0.52337712120102,125.0
control,0.43295777217769693,0.5104166666666667,0.46670309360896506,96.0
macro avg,0.5001458191799062,0.5000083333333334,0.49504010740499255,221.0
weighted avg,0.5089623502344948,0.4986425339366516,0.4987585390795844,221.0
