,precision,recall,f1-score,support
accuracy,0.5413456599897277,0.5413456599897277,0.5413456599897277,0.5413456599897277
case,0.6186804242886665,0.5012277227722772,0.5506079188317574,100.2
control,0.47800953106696137,0.5943609022556391,0.5270746144143,76.4
macro avg,0.548344977677814,0.5477943125139582,0.5388412666230289,176.6
weighted avg,0.5578327798697688,0.5413456599897277,0.540344377494093,176.6
