,precision,recall,f1-score,support
accuracy,0.4877828054298642,0.4877828054298642,0.4877828054298642,0.4877828054298642
case,0.550117190758961,0.5152,0.5315797575462431,125.0
control,0.41776646270672446,0.4520833333333333,0.4337358740262123,96.0
macro avg,0.4839418267328428,0.48364166666666664,0.4826578157862277,221.0
weighted avg,0.49262547178604377,0.4877828054298642,0.48907743710315277,221.0
