,precision,recall,f1-score,support
accuracy,0.5141307139188495,0.5141307139188495,0.5141307139188495,0.5141307139188495
case,0.584288522886964,0.5148316831683168,0.5456731434364172,100.2
control,0.44299141470698017,0.5127477785372522,0.4738299373209909,76.4
macro avg,0.5136399687969722,0.5137897308527846,0.509751540378704,176.6
weighted avg,0.5231640216319837,0.5141307139188495,0.5146942810710324,176.6
