,precision,recall,f1-score,support
accuracy,0.5049773755656108,0.5049773755656108,0.5049773755656108,0.5049773755656108
case,0.5734656322838414,0.5024,0.5336097509220352,125.0
control,0.43695951433287716,0.5083333333333334,0.4682064338296419,96.0
macro avg,0.5052125733083592,0.5053666666666666,0.5009080923758386,221.0
weighted avg,0.514168857065323,0.5049773755656108,0.5051992602393667,221.0
