,precision,recall,f1-score,support
accuracy,0.6786541705566753,0.6786541705566753,0.6786541705566753,0.6786541705566753
case,0.7444578943918884,0.6601882793017456,0.6997444961144937,400.8
control,0.612134929157854,0.7028822457944927,0.6543281642551553,305.6
macro avg,0.6782964117748712,0.6815352625481191,0.6770363301848246,706.4
weighted avg,0.687215125923583,0.6786541705566753,0.6800957234367442,706.4
