,precision,recall,f1-score,support
accuracy,0.6044740775170192,0.6044740775170192,0.6044740775170192,0.6044740775170192
case,0.6727950077668639,0.5898216957605985,0.628356435179278,400.8
control,0.5371366702691625,0.6237094181935069,0.5770034417169116,305.6
macro avg,0.6049658390180132,0.6067655569770527,0.6026799384480948,706.4
weighted avg,0.6141091246213214,0.6044740775170192,0.6061373611835833,706.4
