,precision,recall,f1-score,support
accuracy,0.4796380090497737,0.4796380090497737,0.4796380090497737,0.4796380090497737
case,0.5488448632815845,0.4304,0.48106295672833727,125.0
control,0.42400314511769616,0.54375,0.47568598498831055,96.0
macro avg,0.48642400419964044,0.48707500000000004,0.47837447085832385,221.0
weighted avg,0.494614976658357,0.4796380090497737,0.47872725859692294,221.0
