,precision,recall,f1-score,support
accuracy,0.4515837104072398,0.4515837104072398,0.4515837104072398,0.4515837104072398
case,0.5173308003583232,0.44799999999999995,0.48012560220182976,125.0
control,0.3884653750804193,0.45625,0.4195985649163526,96.0
macro avg,0.4528980877193713,0.45212499999999994,0.4498620835590912,221.0
weighted avg,0.4613530590611342,0.4515837104072398,0.45383331451221076,221.0
