,precision,recall,f1-score,support
accuracy,0.5548985618900873,0.5548985618900873,0.5548985618900873,0.5548985618900873
case,0.6271204960687161,0.5330495049504951,0.5737922313344379,100.2
control,0.490611213165122,0.5840396445659604,0.5311143582397821,76.4
macro avg,0.5588658546169192,0.5585445747582277,0.55245329478711,176.6
weighted avg,0.5681159044117454,0.5548985618900873,0.5552486811798587,176.6
