,precision,recall,f1-score,support
accuracy,0.6194851052901901,0.6194851052901901,0.6194851052901901,0.6194851052901901
case,0.6657559867344303,0.6647722772277228,0.6644779711594362,100.2
control,0.5599825354181821,0.5601503759398496,0.5588534130694259,76.4
macro avg,0.6128692610763061,0.6124613265837862,0.6116656921144311,176.6
weighted avg,0.6200203479112724,0.6194851052901901,0.6187822010431528,176.6
