,precision,recall,f1-score,support
accuracy,0.5843687768210248,0.5843687768210248,0.5843687768210248,0.5843687768210248
case,0.6494703443048031,0.5813366583541147,0.613495544491382,400.8
control,0.5171845266905487,0.5883317261330762,0.5504482922753567,305.6
macro avg,0.5833274354976759,0.5848341922435955,0.5819719183833694,706.4
weighted avg,0.5922412746947349,0.5843687768210248,0.5862231904035583,706.4
