,precision,recall,f1-score,support
accuracy,0.4606334841628959,0.4606334841628959,0.4606334841628959,0.4606334841628959
case,0.5251915515676984,0.48319999999999996,0.503171276638316,125.0
control,0.3904934923374382,0.43125,0.409717774116437,96.0
macro avg,0.45784252195256825,0.45722499999999994,0.45644452537737645,221.0
weighted avg,0.466680177422427,0.4606334841628959,0.46257609002247707,221.0
