,precision,recall,f1-score,support
accuracy,0.6998886088527914,0.6998886088527914,0.6998886088527914,0.6998886088527914
case,0.7603885784796178,0.6881246882793017,0.7223640998287969,400.8
control,0.6362154057970638,0.7153134040501447,0.6733544260185843,305.6
macro avg,0.6983019921383409,0.7017190461647231,0.6978592629236906,706.4
weighted avg,0.706669234570424,0.6998886088527914,0.7011625290950314,706.4
