,precision,recall,f1-score,support
accuracy,0.6749746565105721,0.6749746565105721,0.6749746565105721,0.6749746565105721
case,0.7227307267965648,0.6931147132169576,0.7075332150072179,400.8
control,0.618176964031898,0.6512011143255115,0.6341597681908662,305.6
macro avg,0.6704538454142315,0.6721579137712346,0.6708464915990421,706.4
weighted avg,0.6775013391796665,0.6749746565105721,0.6757880663039354,706.4
