,precision,recall,f1-score,support
accuracy,0.448868778280543,0.448868778280543,0.448868778280543,0.448868778280543
case,0.5144350908873634,0.4272,0.46627422353121517,125.0
control,0.3906734283512268,0.4770833333333333,0.42919363088709517,96.0
macro avg,0.4525542596192951,0.4521416666666667,0.44773392720915517,221.0
weighted avg,0.4606743686997204,0.448868778280543,0.4501668167717784,221.0
