,precision,recall,f1-score,support
accuracy,0.6947930648993672,0.6947930648993672,0.6947930648993672,0.6947930648993672
case,0.7584405250373509,0.6796284289276808,0.7161523781476424,400.8
control,0.6304546112219713,0.7146790956819886,0.6692094962524866,305.6
macro avg,0.6944475681296611,0.6971537623048347,0.6926809372000646,706.4
weighted avg,0.7030714350841879,0.6947930648993672,0.6958445473326785,706.4
