,precision,recall,f1-score,support
accuracy,0.6155106162174291,0.6155106162174291,0.6155106162174291,0.6155106162174291
case,0.7012428667853292,0.5673216957605984,0.6250109584551178,400.8
control,0.5450484888456444,0.6785985213757634,0.6032184183227438,305.6
macro avg,0.6231456778154868,0.622960108568181,0.6141146883889308,706.4
weighted avg,0.6336575523076317,0.6155106162174292,0.6156019469874152,706.4
