,precision,recall,f1-score,support
accuracy,0.6421096558808423,0.6421096558808423,0.6421096558808423,0.6421096558808423
case,0.7082200107409229,0.6348712871287129,0.6667665001255844,100.2
control,0.5779770792517663,0.6517088174982912,0.6099904743328475,76.4
macro avg,0.6430985449963447,0.643290052313502,0.638378487229216,176.6
weighted avg,0.651905643134949,0.6421096558808423,0.642196463641939,176.6
