,precision,recall,f1-score,support
accuracy,0.6477722136620441,0.6477722136620441,0.6477722136620441,0.6477722136620441
case,0.7056406115213796,0.6608514851485149,0.6791375201326344,100.2
control,0.5876916404997649,0.6307245386192755,0.6047531069828398,76.4
macro avg,0.6466661260105722,0.6457880118838951,0.6419453135577371,176.6
weighted avg,0.6546423856541017,0.6477722136620441,0.6469490200071594,176.6
