,precision,recall,f1-score,support
accuracy,0.4461538461538462,0.4461538461538462,0.4461538461538462,0.4461538461538462
case,0.5131716542472251,0.4224,0.4622994160231305,125.0
control,0.3870344867907941,0.4770833333333333,0.42663261767053057,96.0
macro avg,0.45010307051900955,0.4497416666666666,0.4444660168468305,221.0
weighted avg,0.45837903851954465,0.4461538461538462,0.4468061461505079,221.0
