,precision,recall,f1-score,support
accuracy,0.49411764705882355,0.49411764705882355,0.49411764705882355,0.49411764705882355
case,0.5576388486763428,0.5088,0.5319987738878872,125.0
control,0.4264629595372581,0.475,0.4493225453957931,96.0
macro avg,0.4920509041068005,0.49189999999999995,0.4906606596418402,221.0
weighted avg,0.5006574669688671,0.49411764705882355,0.49608511807231687,221.0
