,precision,recall,f1-score,support
accuracy,0.6024524910118131,0.6024524910118131,0.6024524910118131,0.6024524910118131
case,0.6775729624807167,0.5671485148514852,0.6149712206205228,100.2
control,0.537596997492537,0.6492481203007519,0.5863193579712143,76.4
macro avg,0.6075849799866269,0.6081983175761185,0.6006452892958685,176.6
weighted avg,0.617067192783364,0.6024524910118131,0.6024924187994045,176.6
