,precision,recall,f1-score,support
accuracy,0.7052634320493968,0.7052634320493968,0.7052634320493968,0.7052634320493968
case,0.7658804948851371,0.6921259351620948,0.7270822828395745,400.8
control,0.6416182214165643,0.722505089467481,0.6796043108052775,305.6
macro avg,0.7037493581508507,0.707315512314788,0.703343296822426,706.4
weighted avg,0.7121260664365836,0.7052634320493968,0.7065417962689476,706.4
