,precision,recall,f1-score,support
accuracy,0.648360186079312,0.648360186079312,0.648360186079312,0.648360186079312
case,0.6999821189190104,0.6656720698254365,0.6823612399382066,400.8
control,0.5879210886590648,0.6256744883745848,0.6061672399385836,305.6
macro avg,0.6439516037890376,0.6456732791000107,0.6442642399383951,706.4
weighted avg,0.6515051035088648,0.648360186079312,0.649395581693177,706.4
