,precision,recall,f1-score,support
accuracy,0.5149321266968326,0.5149321266968326,0.5149321266968326,0.5149321266968326
case,0.5730028916312309,0.5631999999999999,0.5678069575546537,125.0
control,0.44198266160808186,0.4520833333333333,0.4466610475741679,96.0
macro avg,0.5074927766196564,0.5076416666666667,0.5072340025644108,221.0
weighted avg,0.5160891265533019,0.5149321266968326,0.5151824898708228,221.0
