,precision,recall,f1-score,support
accuracy,0.48506787330316736,0.48506787330316736,0.48506787330316736,0.48506787330316736
case,0.5541064377595941,0.4624,0.5018297244221316,125.0
control,0.42301730586539454,0.5145833333333333,0.4627495729208396,96.0
macro avg,0.48856187181249433,0.48849166666666666,0.4822896486714856,221.0
weighted avg,0.49716274245713643,0.48506787330316736,0.4848537310098056,221.0
