,precision,recall,f1-score,support
accuracy,0.6138032871083718,0.6138032871083718,0.6138032871083718,0.6138032871083718
case,0.6764217552922325,0.6147920792079209,0.6434197473583593,100.2
control,0.5476291206888307,0.6123718386876281,0.5774685956389779,76.4
macro avg,0.6120254379905317,0.6135819589477745,0.6104441714986686,176.6
weighted avg,0.6207040550580954,0.6138032871083718,0.6149173827677441,176.6
