,precision,recall,f1-score,support
accuracy,0.5085972850678733,0.5085972850678733,0.5085972850678733,0.5085972850678733
case,0.5706737248556706,0.5312,0.549562239655361,125.0
control,0.43955328545481176,0.4791666666666667,0.45775589463155714,96.0
macro avg,0.5051135051552412,0.5051833333333333,0.5036590671434591,221.0
weighted avg,0.5137164299123111,0.5085972850678733,0.5096825603690028,221.0
