,precision,recall,f1-score,support
accuracy,0.5267526964560864,0.5267526964560864,0.5267526964560864,0.5267526964560864
case,0.5965278959991254,0.5150495049504951,0.55245676797513,100.2
control,0.4598658386287252,0.5422761449077239,0.4973900648519042,76.4
macro avg,0.5281968673139252,0.5286628249291094,0.524923416413517,176.6
weighted avg,0.5374199012500486,0.5267526964560864,0.5286035489522403,176.6
