,precision,recall,f1-score,support
accuracy,0.5844440164355419,0.5844440164355419,0.5844440164355419,0.5844440164355419
case,0.6546996287217545,0.565069306930693,0.6047363239029161,100.2
control,0.5193864472241327,0.6101161995898838,0.5594583435243482,76.4
macro avg,0.5870430379729437,0.5875927532602885,0.5820973337136321,176.6
weighted avg,0.5961808615422164,0.5844440164355419,0.5851011452410152,176.6
