,precision,recall,f1-score,support
accuracy,0.5866589625064201,0.5866589625064201,0.5866589625064201,0.5866589625064201
case,0.6418969103475284,0.6228910891089109,0.6303131667254742,100.2
control,0.5220331906516117,0.5396445659603554,0.5280853312483823,76.4
macro avg,0.58196505049957,0.5812678275346331,0.5791992489869283,176.6
weighted avg,0.5900904054427123,0.5866589625064201,0.5860023243535573,176.6
