,precision,recall,f1-score,support
accuracy,0.5167420814479639,0.5167420814479639,0.5167420814479639,0.5167420814479639
case,0.5779574080423509,0.5392,0.5577627005853528,125.0
control,0.4484091809703073,0.4875,0.4669853908131407,96.0
macro avg,0.513183294506329,0.51335,0.5123740456992467,221.0
weighted avg,0.5216830650608296,0.5167420814479639,0.5183300230372426,221.0
