,precision,recall,f1-score,support
accuracy,0.6183478849706096,0.6183478849706096,0.6183478849706096,0.6183478849706096
case,0.6862383387625076,0.603285536159601,0.6416268853454178,400.8
control,0.5514218906126832,0.6380627879567127,0.5911817770255131,305.6
macro avg,0.6188301146875954,0.6206741620581568,0.6164043311854654,706.4
weighted avg,0.6279108376681944,0.6183478849706096,0.61981017605898,706.4
