,precision,recall,f1-score,support
accuracy,0.516429121725732,0.516429121725732,0.516429121725732,0.516429121725732
case,0.5693933869430794,0.6088118811881188,0.5871206953841107,100.2
control,0.4337947911466233,0.39501025290498976,0.4111884501445727,76.4
macro avg,0.5015940890448513,0.5019110670465543,0.4991545727643418,176.6
weighted avg,0.5107386246033678,0.516429121725732,0.5110698003150453,176.6
