,precision,recall,f1-score,support
accuracy,0.5239819004524887,0.5239819004524887,0.5239819004524887,0.5239819004524887
case,0.5784481145507058,0.584,0.5811160239911779,125.0
control,0.4514873013584354,0.4458333333333333,0.4485134602774042,96.0
macro avg,0.5149677079545706,0.5149166666666667,0.514814742134291,221.0
weighted avg,0.5232977160599458,0.5239819004524887,0.5235149103417558,221.0
