,precision,recall,f1-score,support
accuracy,0.48416289592760176,0.48416289592760176,0.48416289592760176,0.48416289592760176
case,0.5389108862152341,0.6096,0.5715107159210305,125.0
control,0.38558727811972066,0.3208333333333333,0.3492275086672947,96.0
macro avg,0.46224908216747734,0.4652166666666666,0.4603691122941626,221.0
weighted avg,0.4723087759113006,0.48416289592760176,0.47495330462529006,221.0
