,precision,recall,f1-score,support
accuracy,0.6752535350661736,0.6752535350661736,0.6752535350661736,0.6752535350661736
case,0.7415446179366549,0.6596932668329177,0.6969560975486667,400.8
control,0.6099536977343245,0.6956669881067181,0.6488890262611998,305.6
macro avg,0.6757491578354897,0.677680127469818,0.6729225619049333,706.4
weighted avg,0.6846179221527903,0.6752535350661736,0.6761611467623567,706.4
