,precision,recall,f1-score,support
accuracy,0.5212669683257919,0.5212669683257919,0.5212669683257919,0.5212669683257919
case,0.5706733704668572,0.6144000000000001,0.5913730443382034,125.0
control,0.4454427079584587,0.4,0.4208794533620245,96.0
macro avg,0.5080580392126579,0.5072,0.5061262488501139,221.0
weighted avg,0.5162745306442045,0.5212669683257919,0.5173124799322614,221.0
