,precision,recall,f1-score,support
accuracy,0.5239819004524887,0.5239819004524887,0.5239819004524887,0.5239819004524887
case,0.5823062260921921,0.5584,0.5690287080531948,125.0
control,0.45521518323829147,0.47916666666666663,0.46569811096558206,96.0
macro avg,0.5187607046652418,0.5187833333333334,0.5173634095093884,221.0
weighted avg,0.5270992572506787,0.5239819004524887,0.5241430188205667,221.0
