,precision,recall,f1-score,support
accuracy,0.5085002568053415,0.5085002568053415,0.5085002568053415,0.5085002568053415
case,0.5755108256535959,0.5108316831683168,0.540457679891692,100.2
control,0.4405228758169935,0.5055365686944635,0.47013278337102743,76.4
macro avg,0.5080168507352948,0.5081841259313901,0.5052952316313597,176.6
weighted avg,0.5171158938542652,0.5085002568053415,0.510015273078311,176.6
