,precision,recall,f1-score,support
accuracy,0.9832973382324068,0.9832973382324068,0.9832973382324068,0.9832973382324068
case,0.9840750060155928,0.9865261845386533,0.9852868948324153,400.8
control,0.9823597837615748,0.9790571091824708,0.9806845298742793,305.6
macro avg,0.9832173948885838,0.9827916468605622,0.9829857123533474,706.4
weighted avg,0.9833298771662587,0.9832973382324068,0.9832954917787602,706.4
