,precision,recall,f1-score,support
accuracy,0.502831278890601,0.502831278890601,0.502831278890601,0.502831278890601
case,0.5642724385417498,0.5448316831683168,0.554043422502962,100.2
control,0.4281877017421903,0.4477443609022556,0.43735659705455826,76.4
macro avg,0.49623007014197,0.4962880220352862,0.4957000097787601,176.6
weighted avg,0.5054008079071711,0.502831278890601,0.5035638475277717,176.6
