,precision,recall,f1-score,support
accuracy,0.8810477657935285,0.8810477657935285,0.8810477657935285,0.8810477657935285
case,0.8934663842597853,0.8981782178217822,0.8956146862562437,100.2
control,0.8655220435314332,0.8584415584415584,0.8616272943862334,76.4
macro avg,0.8794942138956092,0.8783098881316704,0.8786209903212386,176.6
weighted avg,0.8813424255863349,0.8810477657935285,0.8809239525527751,176.6
