,precision,recall,f1-score,support
accuracy,0.5194570135746607,0.5194570135746607,0.5194570135746607,0.5194570135746607
case,0.5782982553828089,0.5392,0.5560327242503488,125.0
control,0.4544642576321368,0.49375,0.47118346513480125,96.0
macro avg,0.5163812565074728,0.516475,0.513608094692575,221.0
weighted avg,0.5245061115635125,0.5194570135746607,0.5191751275304729,221.0
