,precision,recall,f1-score,support
accuracy,0.9569465844889574,0.9569465844889574,0.9569465844889574,0.9569465844889574
case,0.9567927579912585,0.968059405940594,0.9623329548095125,100.2
control,0.9575565804058954,0.9422761449077239,0.9497456899494839,76.4
macro avg,0.957174669198577,0.955167775424159,0.9560393223794982,176.6
weighted avg,0.9570970165439873,0.9569465844889574,0.9568952637247785,176.6
