,precision,recall,f1-score,support
accuracy,0.6262262455059066,0.6262262455059066,0.6262262455059066,0.6262262455059066
case,0.683999333578454,0.6348514851485149,0.656692004024111,100.2
control,0.5651401535818461,0.6150034176349966,0.5867962845810737,76.4
macro avg,0.6245697435801499,0.6249274513917558,0.6217441443025923,176.6
weighted avg,0.6326057214841443,0.6262262455059066,0.6264485380316296,176.6
