,precision,recall,f1-score,support
accuracy,0.7664219801178823,0.7664219801178823,0.7664219801178823,0.7664219801178823
case,0.8184202806863116,0.7579675810473816,0.7858451210672481,400.8
control,0.7123850695501981,0.7774884817314904,0.7421703772675851,305.6
macro avg,0.7654026751182548,0.767728031389436,0.7640077491674166,706.4
weighted avg,0.7725417167765982,0.7664219801178823,0.7669523293630951,706.4
