,precision,recall,f1-score,support
accuracy,0.8672053243365616,0.8672053243365616,0.8672053243365616,0.8672053243365616
case,0.8736135801104027,0.895704488778055,0.8843310420305596,400.8
control,0.8595247845444198,0.8298167791706847,0.8440296702050759,305.6
macro avg,0.8665691823274113,0.8627606339743696,0.8641803561178177,706.4
weighted avg,0.8675189968713692,0.8672053243365616,0.8668986709055855,706.4
