,precision,recall,f1-score,support
accuracy,0.5212669683257919,0.5212669683257919,0.5212669683257919,0.5212669683257919
case,0.5684618058688358,0.64,0.6019920326918422,125.0
control,0.4380375559787324,0.3666666666666667,0.39894074495925824,96.0
macro avg,0.5032496809237841,0.5033333333333333,0.5004663888255502,221.0
weighted avg,0.5118069280885194,0.5212669683257919,0.5137887583826655,221.0
