,precision,recall,f1-score,support
accuracy,0.6398754494093477,0.6398754494093477,0.6398754494093477,0.6398754494093477
case,0.7075425552830318,0.6329306930693069,0.6635607978429505,100.2
control,0.5781036970149873,0.6492822966507177,0.6066143477687632,76.4
macro avg,0.6428231261490096,0.6411064948600124,0.6350875728058568,176.6
weighted avg,0.6515880831326092,0.6398754494093477,0.6388810563436932,176.6
