,precision,recall,f1-score,support
accuracy,0.550404468412943,0.550404468412943,0.550404468412943,0.550404468412943
case,0.612202951227899,0.5690099009900991,0.5881619343927437,100.2
control,0.4826554602280397,0.526144907723855,0.5017944388270666,76.4
macro avg,0.5474292057279693,0.547577404356977,0.5449781866099052,176.6
weighted avg,0.5561770845766344,0.550404468412943,0.5507765689974022,176.6
