,precision,recall,f1-score,support
accuracy,0.4892719568567026,0.4892719568567026,0.4892719568567026,0.4892719568567026
case,0.5496584291332335,0.551009900990099,0.5490100525669881,100.2
control,0.4088493545118241,0.40827067669172934,0.40682855235700754,76.4
macro avg,0.4792538918225288,0.47964028884091414,0.4779193024619978,176.6
weighted avg,0.4887511843439333,0.4892719568567026,0.48751161614181776,176.6
