,precision,recall,f1-score,support
accuracy,0.7565177845182334,0.7565177845182334,0.7565177845182334,0.7565177845182334
case,0.8088542398009448,0.7514700748129676,0.7766894662561461,400.8
control,0.7057644416418892,0.7631008250294653,0.7302203892397616,305.6
macro avg,0.757309340721417,0.7572854499212165,0.7534549277479539,706.4
weighted avg,0.7642462585238136,0.7565177845182334,0.756589326992165,706.4
