,precision,recall,f1-score,support
accuracy,0.4914027149321267,0.4914027149321267,0.4914027149321267,0.4914027149321267
case,0.5557615335027167,0.4992,0.523683928871992,125.0
control,0.4248621228547337,0.48125,0.44916374038395335,96.0
macro avg,0.49031182817872515,0.49022499999999997,0.4864238346279726,221.0
weighted avg,0.49890025104929425,0.4914027149321267,0.4913131682618032,221.0
