,precision,recall,f1-score,support
accuracy,0.5149321266968326,0.5149321266968326,0.5149321266968326,0.5149321266968326
case,0.5682620608791282,0.5936,0.580593834828893,125.0
control,0.437830230609855,0.4125,0.42469559233960724,96.0
macro avg,0.5030461457444916,0.50305,0.5026447135842501,221.0
weighted avg,0.5116038902644212,0.5149321266968326,0.5128733313041354,221.0
