,precision,recall,f1-score,support
accuracy,0.8609818448457552,0.8609818448457552,0.8609818448457552,0.8609818448457552
case,0.8951041668502416,0.8552768079800499,0.8746326480125388,400.8
control,0.8210435997463612,0.8684431586842386,0.843936583440143,305.6
macro avg,0.8580738832983015,0.8618599833321443,0.859284615726341,706.4
weighted avg,0.863057426552527,0.8609818448457552,0.8613540281883196,706.4
