,precision,recall,f1-score,support
accuracy,0.5149321266968325,0.5149321266968325,0.5149321266968325,0.5149321266968325
case,0.5664998885270278,0.6064,0.5854445504922118,125.0
control,0.4358106575963719,0.39583333333333337,0.41434079739866236,96.0
macro avg,0.5011552730616998,0.5011166666666667,0.49989267394543707,221.0
weighted avg,0.5097299058603175,0.5149321266968325,0.511118938288679,221.0
