,precision,recall,f1-score,support
accuracy,0.9013931689779147,0.9013931689779147,0.9013931689779147,0.9013931689779147
case,0.9054054027097258,0.924118811881188,0.91442942451811,100.2
control,0.8968130706685302,0.8715311004784688,0.88351117099605,76.4
macro avg,0.9011092366891281,0.8978249561798284,0.8989702977570799,176.6
weighted avg,0.901680840040272,0.9013931689779147,0.9010625837155695,176.6
