,precision,recall,f1-score,support
accuracy,0.4886877828054298,0.4886877828054298,0.4886877828054298,0.4886877828054298
case,0.5401211516890813,0.6432,0.5870200322337871,125.0
control,0.38266433223745067,0.2875,0.32797941435434835,96.0
macro avg,0.46139274196326585,0.46535000000000004,0.45749972329406774,221.0
weighted avg,0.47172361925760364,0.4886877828054298,0.4744956009377412,221.0
