,precision,recall,f1-score,support
accuracy,0.5321266968325792,0.5321266968325792,0.5321266968325792,0.5321266968325792
case,0.5779308924238261,0.6367999999999999,0.6057791074070111,125.0
control,0.4572619047619047,0.3958333333333333,0.4240372282664372,96.0
macro avg,0.5175963985928653,0.5163166666666666,0.5149081678367241,221.0
weighted avg,0.5255135946159326,0.5321266968325792,0.5268324087758116,221.0
