,precision,recall,f1-score,support
accuracy,0.8202022670903271,0.8202022670903271,0.8202022670903271,0.8202022670903271
case,0.8446874658785288,0.8363478802992518,0.8401435280960481,400.8
control,0.7907546046083488,0.7990613950498232,0.79433319006694,305.6
macro avg,0.8177210352434388,0.8177046376745375,0.817238359081494,706.4
weighted avg,0.8213714529211404,0.8202022670903271,0.820325951555529,706.4
