,precision,recall,f1-score,support
accuracy,0.5051168464304058,0.5051168464304058,0.5051168464304058,0.5051168464304058
case,0.573490649484648,0.503049504950495,0.5346772063863374,100.2
control,0.4378740939368114,0.5080314422419685,0.4692618316482709,76.4
macro avg,0.5056823717107297,0.5055404735962318,0.5019695190173042,176.6
weighted avg,0.5148344372446493,0.5051168464304058,0.5063404431007292,176.6
