,precision,recall,f1-score,support
accuracy,0.5013574660633484,0.5013574660633484,0.5013574660633484,0.5013574660633484
case,0.5651997855039255,0.5072,0.5313842753379877,125.0
control,0.436793033737486,0.49375,0.46011452840231587,96.0
macro avg,0.5009964096207058,0.500475,0.4957494018701518,221.0
weighted avg,0.5094212869990468,0.5013574660633484,0.5004254712392344,221.0
