,precision,recall,f1-score,support
accuracy,0.9518766202804013,0.9518766202804013,0.9518766202804013,0.9518766202804013
case,0.9603657599908189,0.9546022443890274,0.9574071926271055,400.8
control,0.9413254164286556,0.9482867245258759,0.9446808553244802,305.6
macro avg,0.9508455882097373,0.9514444844574518,0.9510440239757928,706.4
weighted avg,0.9521239925673479,0.9518766202804013,0.9519025557035906,706.4
