,precision,recall,f1-score,support
accuracy,0.8312275295326141,0.8312275295326141,0.8312275295326141,0.8312275295326141
case,0.8527326593934541,0.8502970297029704,0.85138237083736,100.2
control,0.8035457970857658,0.8061175666438825,0.8046194240041145,76.4
macro avg,0.82813922823961,0.8282072981734263,0.8280008974207373,176.6
weighted avg,0.8314448560118006,0.8312275295326141,0.8311692283808304,176.6
