,precision,recall,f1-score,support
accuracy,0.662803370583922,0.662803370583922,0.662803370583922,0.662803370583922
case,0.7340831683543201,0.6397069825436409,0.6815077116599496,400.8
control,0.5969151772119581,0.6930140362155791,0.6393271057485531,305.6
macro avg,0.6654991727831391,0.66636050937961,0.6604174087042514,706.4
weighted avg,0.6747303736302595,0.662803370583922,0.6632713004317277,706.4
