,precision,recall,f1-score,support
accuracy,0.5135582064993829,0.5135582064993829,0.5135582064993829,0.5135582064993829
case,0.5683368212164306,0.5845333333333333,0.5756280672403735,125.2
control,0.4371677915871867,0.4203947368421052,0.427652315438437,95.6
macro avg,0.5027523064018087,0.5024640350877193,0.5016401913394053,220.8
weighted avg,0.5115390597336531,0.5135582064993829,0.5116025019079699,220.8
