,precision,recall,f1-score,support
accuracy,0.9341414159530874,0.9341414159530874,0.9341414159530874,0.9341414159530874
case,0.9439063268968843,0.9359033932135729,0.939746005890155,500.8
control,0.9233166338291334,0.9318353314286495,0.9273741555969756,382.40000000000003
macro avg,0.9336114803630089,0.9338693623211113,0.9335600807435652,883.1999999999999
weighted avg,0.9349917945212044,0.9341414159530874,0.9343891485992998,883.1999999999999
