,precision,recall,f1-score,support
accuracy,0.502772521596051,0.502772521596051,0.502772521596051,0.502772521596051
case,0.5664631339940474,0.5351873015873017,0.5494819849420777,125.2
control,0.4286839010895614,0.4605043859649123,0.44303169099767203,95.6
macro avg,0.49757351754180446,0.4978458437761069,0.4962568379698748,220.8
weighted avg,0.5068120378879513,0.502772521596051,0.5033542490327483,220.8
