,precision,recall,f1-score,support
accuracy,0.7350678733031674,0.7350678733031674,0.7350678733031674,0.7350678733031674
case,0.7611411865752664,0.7627047619047619,0.7608544598295827,125.2
control,0.7067375385816116,0.6986951754385965,0.701327373892491,95.6
macro avg,0.733939362578439,0.7306999686716792,0.7310909168610368,220.8
weighted avg,0.7375607936381948,0.7350678733031674,0.7351073326004294,220.8
