,precision,recall,f1-score,support
accuracy,0.663196348318925,0.663196348318925,0.663196348318925,0.663196348318925
case,0.7233969411053768,0.662394011976048,0.6881718347813067,500.8
control,0.604926080777099,0.6641586811203916,0.6296101981754594,382.40000000000003
macro avg,0.6641615109412379,0.6632763465482198,0.6588910164783831,883.1999999999999
weighted avg,0.6720892025644595,0.663196348318925,0.6628288079306712,883.1999999999999
