,precision,recall,f1-score,support
accuracy,0.5036240230357877,0.5036240230357877,0.5036240230357877,0.5036240230357877
case,0.5627848420639986,0.5557968253968254,0.5588926739238056,125.2
control,0.428440140963324,0.4351754385964912,0.43128450982623184,95.6
macro avg,0.49561249151366127,0.49548613199665825,0.49508859187501864,220.8
weighted avg,0.5046162160411384,0.5036240230357877,0.5036680066472288,220.8
