,precision,recall,f1-score,support
accuracy,0.7381174745357678,0.7381174745357678,0.7381174745357678,0.7381174745357678
case,0.8057366840623069,0.7103421157684631,0.7524123041565923,500.8
control,0.6767486297647229,0.7744731362122309,0.7199316091570375,382.40000000000003
macro avg,0.741242656913515,0.742407625990347,0.7361719566568148,883.1999999999999
weighted avg,0.7498831172356523,0.7381174745357678,0.7383506271176885,883.1999999999999
