,precision,recall,f1-score,support
accuracy,0.9475386853059892,0.9475386853059892,0.9475386853059892,0.9475386853059892
case,0.9552592287898061,0.9506109115103127,0.9528337098355522,500.8
control,0.9384519394508102,0.9435154174583863,0.9408427768285526,382.40000000000003
macro avg,0.9468555841203082,0.9470631644843494,0.9468382433320524,883.1999999999999
weighted avg,0.9479818059052222,0.9475386853059892,0.947641767536045,883.1999999999999
