,precision,recall,f1-score,support
accuracy,0.5697614150555327,0.5697614150555327,0.5697614150555327,0.5697614150555327
case,0.6354179205320503,0.5550349206349207,0.5897679896593917,125.2
control,0.5062726332870463,0.5888486842105263,0.5422603515144578,95.6
macro avg,0.5708452769095482,0.5719418024227234,0.5660141705869248,220.8
weighted avg,0.5795140623513263,0.5697614150555327,0.5692484730828713,220.8
