,precision,recall,f1-score,support
accuracy,0.8662070891602568,0.8662070891602568,0.8662070891602568,0.8662070891602568
case,0.8700252510669536,0.8963687292082501,0.8826583278583596,500.8
control,0.8634204717946736,0.8267327838001631,0.8440921085271405,382.40000000000003
macro avg,0.8667228614308137,0.8615507565042066,0.8633752181927501,883.1999999999999
weighted avg,0.8671740804666964,0.8662070891602568,0.865958714972204,883.1999999999999
