,precision,recall,f1-score,support
accuracy,0.7518243521184698,0.7518243521184698,0.7518243521184698,0.7518243521184698
case,0.7826771474861076,0.7627301587301587,0.7716756350698091,125.2
control,0.7183484713900985,0.737467105263158,0.7268116305599528,95.6
macro avg,0.7505128094381031,0.7500986319966583,0.7492436328148809,220.8
weighted avg,0.7548289548171392,0.7518243521184698,0.7522691389701833,220.8
