,precision,recall,f1-score,support
accuracy,0.5185520361990951,0.5185520361990951,0.5185520361990951,0.5185520361990951
case,0.5741934443718132,0.5728,0.573011733722933,125.0
control,0.4471155486584878,0.4479166666666667,0.44680202097090777,96.0
macro avg,0.5106544965151505,0.5103583333333334,0.5099068773469204,221.0
weighted avg,0.5189921865053913,0.5185520361990951,0.5181876051066687,221.0
