,precision,recall,f1-score,support
accuracy,0.5194570135746607,0.5194570135746607,0.5194570135746607,0.5194570135746607
case,0.5772660657726993,0.5599999999999999,0.567187206583706,125.0
control,0.45043990075026163,0.4666666666666667,0.4567460919818037,96.0
macro avg,0.5138529832614805,0.5133333333333334,0.5119666492827549,221.0
weighted avg,0.5221741569846721,0.5194570135746607,0.5192127857611603,221.0
