,precision,recall,f1-score,support
accuracy,0.7802259887005649,0.7802259887005649,0.7802259887005649,0.7802259887005649
case,0.8098950062246756,0.8023762376237624,0.8057369281070222,100.2
control,0.7433522259785957,0.7510594668489405,0.7465642463415376,76.4
macro avg,0.7766236161016357,0.7767178522363515,0.77615058722428,176.6
weighted avg,0.7810974095125987,0.7802259887005649,0.7801579469535733,176.6
