,precision,recall,f1-score,support
accuracy,0.9295054313201454,0.9295054313201454,0.9295054313201454,0.9295054313201454
case,0.9479525129192922,0.92664463840399,0.9371662781372209,400.8
control,0.9065957945729186,0.9332497589199615,0.919713160401883,305.6
macro avg,0.9272741537461053,0.9299471986619757,0.9284397192695518,706.4
weighted avg,0.9300576229318482,0.9295054313201454,0.9296157598054519,706.4
