,precision,recall,f1-score,support
accuracy,0.5212669683257919,0.5212669683257919,0.5212669683257919,0.5212669683257919
case,0.5937273910260774,0.4944,0.5390818215749488,125.0
control,0.45659605091996747,0.55625,0.5011800792482349,96.0
macro avg,0.5251617209730225,0.525325,0.5201309504115919,221.0
weighted avg,0.5341590260931066,0.5212669683257919,0.5226177163108559,221.0
