,precision,recall,f1-score,support
accuracy,0.5300077041602466,0.5300077041602466,0.5300077041602466,0.5300077041602466
case,0.5986726173723078,0.5270891089108911,0.5587283579719864,100.2
control,0.46155481972121315,0.5339371155160628,0.493371808570517,76.4
macro avg,0.5301137185467605,0.530513112213477,0.5260500832712517,176.6
weighted avg,0.5393684258994856,0.5300077041602466,0.5304396692219174,176.6
