,precision,recall,f1-score,support
accuracy,0.7460261809264698,0.7460261809264698,0.7460261809264698,0.7460261809264698
case,0.7779487129438548,0.7759588528678304,0.7763182463108704,400.8
control,0.706265151781502,0.70674381227901,0.7056188197779049,305.6
macro avg,0.7421069323626784,0.7413513325734202,0.7409685330443876,706.4
weighted avg,0.7469376116253159,0.7460261809264698,0.7457381203827751,706.4
