,precision,recall,f1-score,support
accuracy,0.7412303512828012,0.7412303512828012,0.7412303512828012,0.7412303512828012
case,0.7817347861217687,0.7560211970074813,0.7678303763596795,400.8
control,0.6948939789840566,0.721870781099325,0.7068669482960165,305.6
macro avg,0.7383143825529126,0.7389459890534031,0.737348662327848,706.4
weighted avg,0.7441748174348599,0.7412303512828012,0.7414524141371489,706.4
