,precision,recall,f1-score,support
accuracy,0.7303222907036466,0.7303222907036466,0.7303222907036466,0.7303222907036466
case,0.7668827004311025,0.7544356435643564,0.7600769828294521,100.2
control,0.685666565839887,0.6986671223513329,0.6914040031076448,76.4
macro avg,0.7262746331354948,0.7265513829578447,0.7257404929685485,176.6
weighted avg,0.7317694677405367,0.7303222907036466,0.7303855922261991,176.6
