,precision,recall,f1-score,support
accuracy,0.517552645095018,0.517552645095018,0.517552645095018,0.517552645095018
case,0.5738518376334716,0.5749702970297029,0.5729274633970606,100.2
control,0.4447744233950086,0.44241285030758715,0.4416457605162247,76.4
macro avg,0.5093131305142402,0.508691573668645,0.5072866119566426,176.6
weighted avg,0.5180312852012557,0.517552645095018,0.5161071621221165,176.6
