,precision,recall,f1-score,support
accuracy,0.6871519527509206,0.6871519527509206,0.6871519527509206,0.6871519527509206
case,0.7399581188434224,0.6916184538653367,0.7148639484168793,400.8
control,0.627800421414433,0.6812943319404263,0.653335406555203,305.6
macro avg,0.6838792701289278,0.6864563929028815,0.6840996774860412,706.4
weighted avg,0.691436552698615,0.6871519527509206,0.688245481145811,706.4
