,precision,recall,f1-score,support
accuracy,0.6424119789558883,0.6424119789558883,0.6424119789558883,0.6424119789558883
case,0.7201472939769253,0.6082431421446384,0.6577307213452448,400.8
control,0.573284231945664,0.6871873995499839,0.6237589763451739,305.6
macro avg,0.6467157629612947,0.6477152708473112,0.6407448488452092,706.4
weighted avg,0.6566073122509469,0.6424119789558883,0.6430402741941179,706.4
