,precision,recall,f1-score,support
accuracy,0.5084938366718028,0.5084938366718028,0.5084938366718028,0.5084938366718028
case,0.5700545273233834,0.5388514851485149,0.5528142402585534,100.2
control,0.4372817467703237,0.4685235816814764,0.4511450692164978,76.4
macro avg,0.5036681370468535,0.5036875334149956,0.5019796547375256,176.6
weighted avg,0.5126205382209038,0.5084938366718028,0.5088671392221021,176.6
