,precision,recall,f1-score,support
accuracy,0.6284797123780175,0.6284797123780175,0.6284797123780175,0.6284797123780175
case,0.6688492788593887,0.6845544554455445,0.6762807250874341,100.2
control,0.5732903918411164,0.5549555707450444,0.5634617226304224,76.4
macro avg,0.6210698353502526,0.6197550130952945,0.6198712238589282,176.6
weighted avg,0.6275212426635034,0.6284797123780175,0.6274754218193751,176.6
