,precision,recall,f1-score,support
accuracy,0.497737556561086,0.497737556561086,0.497737556561086,0.497737556561086
case,0.5554066982060688,0.56,0.5576060440182808,125.0
control,0.42131007545464244,0.4166666666666667,0.4188540205395199,96.0
macro avg,0.4883583868303556,0.4883333333333333,0.4882300322789003,221.0
weighted avg,0.497156581535766,0.497737556561086,0.4973336718284118,221.0
