,precision,recall,f1-score,support
accuracy,0.5185520361990951,0.5185520361990951,0.5185520361990951,0.5185520361990951
case,0.5766167240015763,0.5568,0.566057262629711,125.0
control,0.4489403942741726,0.46875,0.45808021062198606,96.0
macro avg,0.5127785591378745,0.512775,0.5120687366258486,221.0
weighted avg,0.5211555128982698,0.5185520361990951,0.5191532038390252,221.0
