,precision,recall,f1-score,support
accuracy,0.48144796380090493,0.48144796380090493,0.48144796380090493,0.48144796380090493
case,0.5433682554820012,0.5184,0.5304918707414154,125.0
control,0.40896044578300267,0.4333333333333333,0.4206838617278813,96.0
macro avg,0.47616435063250184,0.47586666666666666,0.47558786623464827,221.0
weighted avg,0.48498296258107876,0.48144796380090493,0.482792464111102,221.0
