,precision,recall,f1-score,support
accuracy,0.8539117124986477,0.8539117124986477,0.8539117124986477,0.8539117124986477
case,0.8751421537294128,0.8662618453865336,0.8706572038034676,400.8
control,0.8267629880049283,0.8377327761705775,0.8321770101205594,305.6
macro avg,0.8509525708671706,0.8519973107785557,0.8514171069620134,706.4
weighted avg,0.8542148039959461,0.8539117124986477,0.8540071957181248,706.4
