,precision,recall,f1-score,support
accuracy,0.5701357466063348,0.5701357466063348,0.5701357466063348,0.5701357466063348
case,0.6349070945332628,0.5648,0.5976798304540064,125.0
control,0.5046568154462892,0.5770833333333334,0.5383268139393087,96.0
macro avg,0.5697819549897759,0.5709416666666667,0.5680033221966575,221.0
weighted avg,0.5783277877805502,0.5701357466063348,0.5718975246376672,221.0
