,precision,recall,f1-score,support
accuracy,0.7805750668146539,0.7805750668146539,0.7805750668146539,0.7805750668146539
case,0.8178799366765483,0.7889189526184539,0.8030534965715231,400.8
control,0.7358314195976681,0.7696217722061502,0.7522293862489506,305.6
macro avg,0.7768556781371082,0.7792703624123021,0.777641441410237,706.4
weighted avg,0.7823829496332385,0.7805750668146539,0.781067602664679,706.4
