,precision,recall,f1-score,support
accuracy,0.5809129429892141,0.5809129429892141,0.5809129429892141,0.5809129429892141
case,0.6523574487800616,0.587089108910891,0.611869851235591,100.2
control,0.5119301712779973,0.5733082706766917,0.5359607853903459,76.4
macro avg,0.5821438100290295,0.5801986897937914,0.5739153183129685,176.6
weighted avg,0.5916753444334082,0.5809129429892141,0.5789528823691279,176.6
