,precision,recall,f1-score,support
accuracy,0.5402714932126698,0.5402714932126698,0.5402714932126698,0.5402714932126698
case,0.5981684981684982,0.5536,0.5703464439121662,125.0
control,0.4787429175069624,0.5229166666666666,0.49592792792792795,96.0
macro avg,0.5384557078377303,0.5382583333333333,0.5331371859200471,221.0
weighted avg,0.5462913228585098,0.5402714932126698,0.5380198487334926,221.0
