,precision,recall,f1-score,support
accuracy,0.860142003678312,0.860142003678312,0.860142003678312,0.860142003678312
case,0.8887883292704666,0.8612768079800499,0.8748100684016329,400.8
control,0.8251839541454148,0.8586499517839922,0.8415756594321131,305.6
macro avg,0.8569861417079407,0.8599633798820211,0.858192863916873,706.4
weighted avg,0.8612702442066311,0.860142003678312,0.8604322192168319,706.4
