,precision,recall,f1-score,support
accuracy,0.7519003595274782,0.7519003595274782,0.7519003595274782,0.7519003595274782
case,0.7884325904274754,0.7723564356435644,0.7796725995605711,100.2
control,0.7079310089843606,0.7247436773752562,0.715346839682218,76.4
macro avg,0.7481817997059179,0.7485500565094103,0.7475097196213946,176.6
weighted avg,0.753547004421096,0.7519003595274782,0.7518852410416986,176.6
