,precision,recall,f1-score,support
accuracy,0.5276018099547511,0.5276018099547511,0.5276018099547511,0.5276018099547511
case,0.5827618313683887,0.5824,0.5820070299961231,125.0
control,0.4558283173537011,0.45625,0.45531071791139244,96.0
macro avg,0.5192950743610449,0.519325,0.5186588739537579,221.0
weighted avg,0.527623291343909,0.5276018099547511,0.5269715279140682,221.0
