,precision,recall,f1-score,support
accuracy,0.5469761171032357,0.5469761171032357,0.5469761171032357,0.5469761171032357
case,0.6027691141040992,0.5887524752475247,0.5949206053179645,100.2
control,0.47848760445511546,0.49196855775803144,0.484142234497133,76.4
macro avg,0.5406283592796073,0.540360516502778,0.5395314199075487,176.6
weighted avg,0.548999781525442,0.5469761171032357,0.5470414164002135,176.6
