,precision,recall,f1-score,support
accuracy,0.520929635336415,0.520929635336415,0.520929635336415,0.520929635336415
case,0.5873370773856472,0.5367920792079208,0.5597626210646925,100.2
control,0.44834846074155904,0.49972658920027335,0.4713895555917028,76.4
macro avg,0.5178427690636032,0.5182593342040971,0.5155760883281977,176.6
weighted avg,0.5272199661019734,0.520929635336415,0.5216231655706488,176.6
