,precision,recall,f1-score,support
accuracy,0.733577218506958,0.733577218506958,0.733577218506958,0.733577218506958
case,0.7945451391294205,0.7200673316708229,0.752786468822485,400.8
control,0.6758030076950093,0.751299689274617,0.7088117586764705,305.6
macro avg,0.735174073412215,0.73568351047272,0.7307991137494777,706.4
weighted avg,0.7431755911968244,0.733577218506958,0.7337616145101521,706.4
