,precision,recall,f1-score,support
accuracy,0.502262443438914,0.502262443438914,0.502262443438914,0.502262443438914
case,0.5627230226528964,0.5376,0.5473505842514215,125.0
control,0.42994594934378566,0.45625,0.44011770509661846,96.0
macro avg,0.496334485998341,0.49692500000000006,0.49373414467401994,221.0
weighted avg,0.5050461039303867,0.502262443438914,0.5007697860665297,221.0
