,precision,recall,f1-score,support
accuracy,0.7303929121725732,0.7303929121725732,0.7303929121725732,0.7303929121725732
case,0.7798137273622641,0.7365148514851485,0.7566007202910274,100.2
control,0.6753272718184998,0.7220779220779221,0.6967543983199364,76.4
macro avg,0.727570499590382,0.7292963867815352,0.726677559305482,176.6
weighted avg,0.734569868931095,0.7303929121725732,0.7307508702572426,176.6
