,precision,recall,f1-score,support
accuracy,0.5051489470980997,0.5051489470980997,0.5051489470980997,0.5051489470980997
case,0.5693771562830457,0.5108118811881188,0.5370589127467429,100.2
control,0.43843038658828126,0.49723171565276825,0.4646534083443819,76.4
macro avg,0.5039037714356636,0.5040217984204436,0.5008561605455624,176.6
weighted avg,0.5127388184871522,0.5051489470980997,0.5058467698622111,176.6
