,precision,recall,f1-score,support
accuracy,0.566223677452491,0.566223677452491,0.566223677452491,0.566223677452491
case,0.6257960961012471,0.5887128712871287,0.6057270743273431,100.2
control,0.498354798226437,0.5362952836637047,0.5155108677352948,76.4
macro avg,0.5620754471638421,0.5625040774754166,0.560618971031319,176.6
weighted avg,0.5706545343812511,0.566223677452491,0.5667874155366281,176.6
