,precision,recall,f1-score,support
accuracy,0.4787330316742081,0.4787330316742081,0.4787330316742081,0.4787330316742081
case,0.5441267246073297,0.49119999999999997,0.5158842977941358,125.0
control,0.4101735062031038,0.4625,0.43438192191091274,96.0
macro avg,0.47715011540521673,0.47684999999999994,0.47513310985252427,221.0
weighted avg,0.48593890122811845,0.4787330316742081,0.4804805508041385,221.0
