,precision,recall,f1-score,support
accuracy,0.5095022624434389,0.5095022624434389,0.5095022624434389,0.5095022624434389
case,0.5676344209852782,0.5599999999999999,0.563731500352155,125.0
control,0.4358610291040302,0.44375,0.43969625750124114,96.0
macro avg,0.5017477250446543,0.501875,0.501713878926698,221.0
weighted avg,0.5103934905753243,0.5095022624434389,0.5098519378467807,221.0
