,precision,recall,f1-score,support
accuracy,0.830400968061193,0.830400968061193,0.830400968061193,0.830400968061193
case,0.860739403647281,0.8363329177057356,0.8482976269625804,400.8
control,0.7934400647962433,0.8226250937533484,0.8076792896233955,305.6
macro avg,0.8270897342217621,0.8294790057295419,0.827988458292988,706.4
weighted avg,0.831628208084404,0.830400968061193,0.830726427710972,706.4
