,precision,recall,f1-score,support
accuracy,0.6894114300139039,0.6894114300139039,0.6894114300139039,0.6894114300139039
case,0.730806231577778,0.7160461346633417,0.723188095660236,400.8
control,0.638197203561097,0.6544455159112825,0.6459917763969166,305.6
macro avg,0.6845017175694375,0.685245825287312,0.6845899360285763,706.4
weighted avg,0.6907348339440091,0.6894114300139039,0.6897954248561324,706.4
