,precision,recall,f1-score,support
accuracy,0.6318374422187981,0.6318374422187981,0.6318374422187981,0.6318374422187981
case,0.6938924393225074,0.6447128712871287,0.6642006009446064,100.2
control,0.567058248519349,0.6144565960355435,0.5845269159390682,76.4
macro avg,0.6304753439209282,0.629584733661336,0.6243637584418373,176.6
weighted avg,0.6389948297987151,0.6318374422187981,0.6298268072242552,176.6
