,precision,recall,f1-score,support
accuracy,0.5013574660633484,0.5013574660633484,0.5013574660633484,0.5013574660633484
case,0.5627456655422757,0.5312,0.546385303936568,125.0
control,0.4310241451329599,0.4625,0.4460710370397255,96.0
macro avg,0.4968849053376177,0.49684999999999996,0.49622817048814677,221.0
weighted avg,0.505527267536419,0.5013574660633484,0.5028098757822834,221.0
