,precision,recall,f1-score,support
accuracy,0.5411764705882354,0.5411764705882354,0.5411764705882354,0.5411764705882354
case,0.5939380747216295,0.5968,0.5953327261930629,125.0
control,0.47174805424959104,0.46875,0.47019899537303356,96.0
macro avg,0.5328430644856103,0.532775,0.5327658607830482,221.0
weighted avg,0.5408600567790246,0.5411764705882354,0.540975992443186,221.0
