,precision,recall,f1-score,support
accuracy,0.5040723981900452,0.5040723981900452,0.5040723981900452,0.5040723981900452
case,0.5713444401894165,0.4928,0.5287215624541828,125.0
control,0.4400745241275823,0.51875,0.4758098590377088,96.0
macro avg,0.5057094821584994,0.5057750000000001,0.5022657107459458,221.0
weighted avg,0.5143222142078052,0.5040723981900452,0.5057372930968004,221.0
