,precision,recall,f1-score,support
accuracy,0.8006763606348495,0.8006763606348495,0.8006763606348495,0.8006763606348495
case,0.8404598662207358,0.8008902743142144,0.8201276217183227,400.8
control,0.7540787412699941,0.8003728704596593,0.7764484561900096,305.6
macro avg,0.797269303745365,0.8006315723869368,0.7982880389541661,706.4
weighted avg,0.8030853360241175,0.8006763606348495,0.8012338747270858,706.4
