,precision,recall,f1-score,support
accuracy,0.5475113122171946,0.5475113122171946,0.5475113122171946,0.5475113122171946
case,0.6008482307728843,0.5952,0.597958283694356,125.0
control,0.4796668067553652,0.4854166666666666,0.48245628917844563,96.0
macro avg,0.5402575187641248,0.5403083333333333,0.5402072864364008,221.0
weighted avg,0.5482083361770389,0.5475113122171946,0.547785471596947,221.0
