,precision,recall,f1-score,support
accuracy,0.6953528254484695,0.6953528254484695,0.6953528254484695,0.6953528254484695
case,0.7368919584106838,0.7215623441396508,0.7288552376686044,400.8
control,0.6440626670300879,0.6609557484195865,0.6519779526496978,305.6
macro avg,0.6904773127203858,0.6912590462796186,0.690416595159151,706.4
weighted avg,0.69673133391211,0.6953528254484695,0.6956012600009334,706.4
