,precision,recall,f1-score,support
accuracy,0.5594568567026194,0.5594568567026194,0.5594568567026194,0.5594568567026194
case,0.6129301206089658,0.6069108910891089,0.6089627515695062,100.2
control,0.49246185177219653,0.4976076555023924,0.49367954311937867,76.4
macro avg,0.5526959861905812,0.5522592732957505,0.5513211473444424,176.6
weighted avg,0.5608441397016163,0.5594568567026194,0.5590203996434782,176.6
