,precision,recall,f1-score,support
accuracy,0.490497737556561,0.490497737556561,0.490497737556561,0.490497737556561
case,0.5508520978656203,0.536,0.5429217956582784,125.0
control,0.41654013329469713,0.43125,0.4232692759411876,96.0
macro avg,0.48369611558015874,0.48362499999999997,0.48309553579973297,221.0
weighted avg,0.4925084390474817,0.490497737556561,0.4909460404870535,221.0
