,precision,recall,f1-score,support
accuracy,0.6081086286594761,0.6081086286594761,0.6081086286594761,0.6081086286594761
case,0.6744144346550391,0.6008316831683168,0.6331629164165035,100.2
control,0.5431877184898252,0.6177717019822283,0.5757166761081545,76.4
macro avg,0.6088010765724322,0.6093016925752726,0.6044397962623289,176.6
weighted avg,0.6176656568236858,0.6081086286594761,0.6082961258794715,176.6
