,precision,recall,f1-score,support
accuracy,0.6952298407806883,0.6952298407806883,0.6952298407806883,0.6952298407806883
case,0.7331462590692401,0.7264158415841584,0.7283655979809086,100.2
control,0.6513386402282239,0.6542036910457962,0.6506774891774892,76.4
macro avg,0.692242449648732,0.6903097663149774,0.6895215435791989,176.6
weighted avg,0.697768628252424,0.6952298407806883,0.6947918474860886,176.6
