,precision,recall,f1-score,support
accuracy,0.729613216279135,0.729613216279135,0.729613216279135,0.729613216279135
case,0.7731747138351502,0.7425174563591023,0.7568611232984399,400.8
control,0.6792830846343934,0.7126604521590056,0.6947300696393482,305.6
macro avg,0.7262288992347719,0.727588954259054,0.7257955964688941,706.4
weighted avg,0.7325523397449906,0.729613216279135,0.7299867229596909,706.4
