,precision,recall,f1-score,support
accuracy,0.5113122171945701,0.5113122171945701,0.5113122171945701,0.5113122171945701
case,0.5652107256981429,0.5936,0.57820130164473,125.0
control,0.43166117216117217,0.4041666666666666,0.41600842418018685,96.0
macro avg,0.49843594892965754,0.4988833333333333,0.4971048629124584,221.0
weighted avg,0.5071982499535764,0.5113122171945701,0.5077464770447475,221.0
