,precision,recall,f1-score,support
accuracy,0.6443957831639093,0.6443957831639093,0.6443957831639093,0.6443957831639093
case,0.6997257219992079,0.6646209476309226,0.6765479718539036,400.8
control,0.5906928767494488,0.617769206043073,0.5966283441369464,305.6
macro avg,0.6452092993743284,0.6411950768369978,0.636588157995425,706.4
weighted avg,0.6525431476854084,0.6443957831639093,0.6419892435024579,706.4
