,precision,recall,f1-score,support
accuracy,0.5610859728506787,0.5610859728506787,0.5610859728506787,0.5610859728506787
case,0.6100996705869381,0.6208,0.615370819611404,125.0
control,0.4946479491116473,0.4833333333333333,0.4888780323645626,96.0
macro avg,0.5523738098492927,0.5520666666666667,0.5521244259879833,221.0
weighted avg,0.5599486965524226,0.5610859728506787,0.5604237265087036,221.0
