,precision,recall,f1-score,support
accuracy,0.5266968325791855,0.5266968325791855,0.5266968325791855,0.5266968325791855
case,0.5863896465067359,0.5551999999999999,0.5677336425213283,125.0
control,0.4584406889406889,0.4895833333333333,0.47059498600501204,96.0
macro avg,0.5224151677237124,0.5223916666666667,0.5191643142631702,221.0
weighted avg,0.530810008830987,0.5266968325791855,0.5255376650300778,221.0
