,precision,recall,f1-score,support
accuracy,0.7644453004622497,0.7644453004622497,0.7644453004622497,0.7644453004622497
case,0.8041673921410913,0.7745148514851485,0.7885230961923088,100.2
control,0.7183663582614098,0.7515037593984962,0.7337921380200972,76.4
macro avg,0.7612668752012507,0.7630093054418224,0.7611576171062031,176.6
weighted avg,0.7671149247862907,0.7644453004622497,0.7648219491109645,176.6
