,precision,recall,f1-score,support
accuracy,0.7349833076527992,0.7349833076527992,0.7349833076527992,0.7349833076527992
case,0.7709911425563133,0.7584356435643564,0.7645164969483531,100.2
control,0.6899331924636031,0.7043403964456596,0.6968549695194046,76.4
macro avg,0.7304621675099583,0.731388020005008,0.7306857332338789,176.6
weighted avg,0.7359423078411,0.7349833076527992,0.7352292570068705,176.6
