,precision,recall,f1-score,support
accuracy,0.502262443438914,0.502262443438914,0.502262443438914,0.502262443438914
case,0.5646751993104935,0.5264,0.5444261517527377,125.0
control,0.4325850366671868,0.4708333333333333,0.45046169239565464,96.0
macro avg,0.49863011798884005,0.49861666666666665,0.4974439220741962,221.0
weighted avg,0.5072966671215458,0.502262443438914,0.5036090110365387,221.0
