,precision,recall,f1-score,support
accuracy,0.8326712638888333,0.8326712638888333,0.8326712638888333,0.8326712638888333
case,0.8640158771431132,0.8368266832917705,0.8501985497028238,400.8
control,0.7944463520629961,0.8272259723561556,0.8104970611190616,305.6
macro avg,0.8292311146030548,0.8320263278239631,0.8303478054109428,706.4
weighted avg,0.8339206666076835,0.8326712638888333,0.8330229045812112,706.4
