,precision,recall,f1-score,support
accuracy,0.7298953003353755,0.7298953003353755,0.7298953003353755,0.7298953003353755
case,0.7897252376925155,0.7165324189526185,0.7499293405737028,400.8
control,0.6698819293307763,0.7473652630451088,0.7050650671995828,305.6
macro avg,0.7298035835116459,0.7319488409988636,0.7274972038866427,706.4
weighted avg,0.737868415225521,0.7298953003353755,0.730527054668972,706.4
