,precision,recall,f1-score,support
accuracy,0.5481638418079096,0.5481638418079096,0.5481638418079096,0.5481638418079096
case,0.6013327467865472,0.6067524752475247,0.6037358356364463,100.2
control,0.4768556846610559,0.47136021872863976,0.47369888429270574,76.4
macro avg,0.5390942157238016,0.5390563469880822,0.5387173599645759,176.6
weighted avg,0.5474853551694375,0.5481638418079096,0.5474735740221723,176.6
