,precision,recall,f1-score,support
accuracy,0.533429635336415,0.533429635336415,0.533429635336415,0.533429635336415
case,0.5951241820117081,0.556930693069307,0.5735875985532345,100.2
control,0.46465824177983917,0.5023923444976076,0.481075106441106,76.4
macro avg,0.5298912118957737,0.5296615187834572,0.5273313524971702,176.6
weighted avg,0.5386882768001114,0.533429635336415,0.5336148756672313,176.6
