,precision,recall,f1-score,support
accuracy,0.7933181339178029,0.7933181339178029,0.7933181339178029,0.7933181339178029
case,0.8335113636934081,0.7944189526184539,0.8134371652799492,400.8
control,0.7462122637238462,0.7918889960355727,0.7682964506181506,305.6
macro avg,0.7898618137086271,0.7931539743270133,0.7908668079490498,706.4
weighted avg,0.795749316938706,0.7933181339178029,0.7939079329296351,706.4
