,precision,recall,f1-score,support
accuracy,0.5122171945701357,0.5122171945701357,0.5122171945701357,0.5122171945701357
case,0.574479941124984,0.5328,0.5525757984276013,125.0
control,0.44337912087912085,0.4854166666666666,0.4631579883388487,96.0
macro avg,0.5089295310020525,0.5091083333333334,0.507866893383225,221.0
weighted avg,0.5175311685294959,0.5122171945701357,0.5137336727781884,221.0
