,precision,recall,f1-score,support
accuracy,0.6126669234720082,0.6126669234720082,0.6126669234720082,0.6126669234720082
case,0.6801622700839509,0.6027326732673267,0.6366137404900166,100.2
control,0.5473937419929212,0.6253588516746411,0.5818110218386157,76.4
macro avg,0.613778006038436,0.614045762470984,0.6092123811643161,176.6
weighted avg,0.6226990040254778,0.6126669234720082,0.6129666628616401,176.6
