,precision,recall,f1-score,support
accuracy,0.45610859728506786,0.45610859728506786,0.45610859728506786,0.45610859728506786
case,0.5200394358849227,0.5104,0.5149930548916861,125.0
control,0.37575737729173647,0.38541666666666663,0.380319471365303,96.0
macro avg,0.4478984065883296,0.44790833333333324,0.44765626312849455,221.0
weighted avg,0.45736487649602725,0.45610859728506786,0.45649231272637936,221.0
