,precision,recall,f1-score,support
accuracy,0.49773755656108587,0.49773755656108587,0.49773755656108587,0.49773755656108587
case,0.5656715127620682,0.4784,0.5169148453680628,125.0
control,0.43574174227382845,0.5229166666666667,0.4742542927137009,96.0
macro avg,0.5007066275179483,0.5006583333333333,0.49558456904088183,221.0
weighted avg,0.5092314314640094,0.49773755656108587,0.4983835645770278,221.0
