,precision,recall,f1-score,support
accuracy,0.4968325791855204,0.4968325791855204,0.4968325791855204,0.4968325791855204
case,0.5678238657199053,0.45920000000000005,0.5075714306705688,125.0
control,0.43706323323178103,0.5458333333333333,0.485292569104027,96.0
macro avg,0.5024435494758432,0.5025166666666666,0.49643199988729786,221.0
weighted avg,0.5110228669920323,0.4968325791855204,0.4978937351484511,221.0
