,precision,recall,f1-score,support
accuracy,0.7292565485362095,0.7292565485362095,0.7292565485362095,0.7292565485362095
case,0.775584920871611,0.7365148514851485,0.7552798758358339,100.2
control,0.6757918733758563,0.7196172248803828,0.6966714040222415,76.4
macro avg,0.7256883971237337,0.7280660381827657,0.7259756399290377,176.6
weighted avg,0.7324207678567723,0.7292565485362095,0.7299547761947198,176.6
