,precision,recall,f1-score,support
accuracy,0.8046415649254121,0.8046415649254121,0.8046415649254121,0.8046415649254121
case,0.8451439081748218,0.8028977556109727,0.8234339317644255,400.8
control,0.7574405447908455,0.8069259616414872,0.7813410490771246,305.6
macro avg,0.8012922264828337,0.8049118586262299,0.802387490420775,706.4
weighted avg,0.807203340272918,0.8046415649254121,0.8052251055659919,706.4
