,precision,recall,f1-score,support
accuracy,0.46606334841628955,0.46606334841628955,0.46606334841628955,0.46606334841628955
case,0.5320829089674571,0.44320000000000004,0.4810362910899186,125.0
control,0.4064846733956706,0.4958333333333333,0.44499286528936494,96.0
macro avg,0.4692837911815639,0.4695166666666667,0.46301457818964165,221.0
weighted avg,0.4775243993978123,0.46606334841628955,0.46537941834397667,221.0
