,precision,recall,f1-score,support
accuracy,0.7247917426303536,0.7247917426303536,0.7247917426303536,0.7247917426303536
case,0.7998924314628111,0.6896483790523691,0.73802751285926,400.8
control,0.6585759326623079,0.7709932497589199,0.7080698943189425,305.6
macro avg,0.7292341820625594,0.7303208144056446,0.7230487035891013,706.4
weighted avg,0.7387791368555803,0.7247917426303536,0.7250545280765075,706.4
