,precision,recall,f1-score,support
accuracy,0.7018680054974336,0.7018680054974336,0.7018680054974336,0.7018680054974336
case,0.7425068908822208,0.7280374064837905,0.7349649545268175,400.8
control,0.6513459189151696,0.6675431265402336,0.6590170947044475,305.6
macro avg,0.6969264048986952,0.697790266512012,0.6969910246156326,706.4
weighted avg,0.7030678456202704,0.7018680054974336,0.7021087011766234,706.4
