,precision,recall,f1-score,support
accuracy,0.7032229070364664,0.7032229070364664,0.7032229070364664,0.7032229070364664
case,0.7428125147936028,0.7305544554455445,0.7363944607707162,100.2
control,0.6537745368019602,0.6673274094326727,0.6601479047284127,76.4
macro avg,0.6982935257977815,0.6989409324391086,0.6982711827495645,176.6
weighted avg,0.7043096847698564,0.7032229070364664,0.7034279335886411,176.6
