,precision,recall,f1-score,support
accuracy,0.5197354904982023,0.5197354904982023,0.5197354904982023,0.5197354904982023
case,0.583401088656616,0.5468910891089109,0.5634862781977111,100.2
control,0.4460453339763684,0.48407382091592616,0.4630368735107103,76.4
macro avg,0.5147232113164921,0.5154824550124185,0.5132615758542107,176.6
weighted avg,0.5239942128279251,0.5197354904982023,0.5200482590761182,176.6
