,precision,recall,f1-score,support
accuracy,0.8386150634488783,0.8386150634488783,0.8386150634488783,0.8386150634488783
case,0.872774838792458,0.8378192019950126,0.8548697031928665,400.8
control,0.798035654063731,0.8396378442087217,0.8182139656579057,305.6
macro avg,0.8354052464280943,0.8387285231018671,0.8365418344253861,706.4
weighted avg,0.840436783188397,0.8386150634488783,0.839013985742859,706.4
