,precision,recall,f1-score,support
accuracy,0.6307139188495121,0.6307139188495121,0.6307139188495121,0.6307139188495121
case,0.6743223483538253,0.6725346534653466,0.67159169170291,100.2
control,0.5798237290325616,0.5759740259740259,0.5748342329336766,76.4
macro avg,0.6270730386931935,0.6242543397196862,0.6232129623182934,176.6
weighted avg,0.633465880368926,0.6307139188495121,0.6297193761320584,176.6
