,precision,recall,f1-score,support
accuracy,0.5027478171545968,0.5027478171545968,0.5027478171545968,0.5027478171545968
case,0.5676019401006025,0.5108118811881188,0.5372683578811264,100.2
control,0.43532515321005166,0.4920710868079289,0.4615574495019336,76.4
macro avg,0.5014635466553271,0.5014414839980239,0.49941290369153,176.6
weighted avg,0.5103789969065105,0.5027478171545968,0.5045372649862097,176.6
