,precision,recall,f1-score,support
accuracy,0.4995475113122172,0.4995475113122172,0.4995475113122172,0.4995475113122172
case,0.5581008725577753,0.5584,0.5579143119634364,125.0
control,0.4227292572984451,0.4229166666666667,0.4223939163844122,96.0
macro avg,0.4904150649281102,0.4906583333333333,0.49015411417392424,221.0
weighted avg,0.4992969129881115,0.4995475113122172,0.49904572383861145,221.0
