,precision,recall,f1-score,support
accuracy,0.497737556561086,0.497737556561086,0.497737556561086,0.497737556561086
case,0.5554891728755533,0.5536,0.5540225952169433,125.0
control,0.423828698407017,0.425,0.4237016308323761,96.0
macro avg,0.48965893564128515,0.48929999999999996,0.4888621130246597,221.0
weighted avg,0.4982972925634289,0.497737556561086,0.4974125835385793,221.0
