,precision,recall,f1-score,support
accuracy,0.6004988560369594,0.6004988560369594,0.6004988560369594,0.6004988560369594
case,0.6636127337941359,0.600285536159601,0.6303098376325904,400.8
control,0.5339822281073782,0.6007564555876995,0.565353130512481,305.6
macro avg,0.598797480950757,0.6005209958736503,0.5978314840725358,706.4
weighted avg,0.607531552070928,0.6004988560369594,0.6022128109324857,706.4
