,precision,recall,f1-score,support
accuracy,0.745178479712378,0.745178479712378,0.745178479712378,0.745178479712378
case,0.7892609351432881,0.7503366336633663,0.7687057476093766,100.2
control,0.6959164791471976,0.7382091592617909,0.7156445830663334,76.4
macro avg,0.7425887071452428,0.7442728964625787,0.7421751653378551,176.6
weighted avg,0.7488231603369557,0.745178479712378,0.7457666979053637,176.6
