,precision,recall,f1-score,support
accuracy,0.723956709713869,0.723956709713869,0.723956709713869,0.723956709713869
case,0.7567940046770634,0.7579825436408978,0.7566194022278891,400.8
control,0.6834957770415752,0.6792864030858246,0.6801846479265694,305.6
macro avg,0.7201448908593193,0.7186344733633611,0.7184020250772292,706.4
weighted avg,0.7250743420752108,0.723956709713869,0.7235575243183856,706.4
