,precision,recall,f1-score,support
accuracy,0.5356381612737545,0.5356381612737545,0.5356381612737545,0.5356381612737545
case,0.5984637533608275,0.5467326732673268,0.5706324423418097,100.2
control,0.4687612685999782,0.5209501025290499,0.49264585681457096,76.4
macro avg,0.5336125109804029,0.5338413878981882,0.5316391495781903,176.6
weighted avg,0.542352431605165,0.5356381612737545,0.5369238840188405,176.6
