,precision,recall,f1-score,support
accuracy,0.7270416024653313,0.7270416024653313,0.7270416024653313,0.7270416024653313
case,0.7702036717981389,0.7383762376237624,0.7533008368912452,100.2
control,0.6780558547935712,0.7119275461380725,0.6937038557738402,76.4
macro avg,0.724129763295855,0.7251518918809174,0.7235023463325426,176.6
weighted avg,0.730283983004084,0.7270416024653313,0.7275440589067597,176.6
