,precision,recall,f1-score,support
accuracy,0.47420814479638,0.47420814479638,0.47420814479638,0.47420814479638
case,0.5360150137575733,0.5232,0.529469208910839,125.0
control,0.39801192347612746,0.4104166666666667,0.40404918223114106,96.0
macro avg,0.46701346861685045,0.4668083333333334,0.46675919557099005,221.0
weighted avg,0.47606797001540685,0.47420814479638,0.4749881113486173,221.0
