,precision,recall,f1-score,support
accuracy,0.6390113434653866,0.6390113434653866,0.6390113434653866,0.6390113434653866
case,0.6999554874945281,0.6402431421446384,0.6662764598456985,400.8
control,0.5781393319319594,0.6374970534661952,0.6033907802369579,305.6
macro avg,0.6390474097132438,0.6388700978054168,0.6348336200413283,706.4
weighted avg,0.6472688390412462,0.6390113434653866,0.6390557705383265,706.4
