,precision,recall,f1-score,support
accuracy,0.5411764705882354,0.5411764705882354,0.5411764705882354,0.5411764705882354
case,0.5970132966303734,0.5808,0.5882953325130345,125.0
control,0.47330820300735016,0.4895833333333333,0.4806410826702793,96.0
macro avg,0.5351607498188617,0.5351916666666667,0.5344682075916569,221.0
weighted avg,0.5432771473642637,0.5411764705882354,0.5415314954772675,221.0
