,precision,recall,f1-score,support
accuracy,0.8020959967303893,0.8020959967303893,0.8020959967303893,0.8020959967303893
case,0.8390775967546027,0.8058877805486284,0.822085929860572,400.8
control,0.7580254850755668,0.7971263259402122,0.7770005306568779,305.6
macro avg,0.7985515409150847,0.8015070532444202,0.799543230258725,706.4
weighted avg,0.8040138866399321,0.8020959967303893,0.8025809269059969,706.4
