,precision,recall,f1-score,support
accuracy,0.7078222229345557,0.7078222229345557,0.7078222229345557,0.7078222229345557
case,0.7519122391154607,0.7245598503740649,0.7376182724868711,400.8
control,0.6556551253690859,0.685856637737062,0.6699469478298117,305.6
macro avg,0.7037836822422733,0.7052082440555634,0.7037826101583413,706.4
weighted avg,0.710267383074694,0.7078222229345557,0.7083443268918778,706.4
