,precision,recall,f1-score,support
accuracy,0.5257918552036199,0.5257918552036199,0.5257918552036199,0.5257918552036199
case,0.5834814647659516,0.576,0.5774009108746483,125.0
control,0.45274529492501514,0.4604166666666667,0.45373743258466864,96.0
macro avg,0.5181133798454834,0.5182083333333333,0.5155691717296584,221.0
weighted avg,0.5266910923463594,0.5257918552036199,0.5236828388572816,221.0
