,precision,recall,f1-score,support
accuracy,0.48235294117647065,0.48235294117647065,0.48235294117647065,0.48235294117647065
case,0.5427198650023897,0.5376000000000001,0.5400534297201204,125.0
control,0.405410413679485,0.4104166666666667,0.40778307348005854,96.0
macro avg,0.4740651393409373,0.47400833333333325,0.4739182516000895,221.0
weighted avg,0.4830741304910826,0.48235294117647065,0.4825966233895958,221.0
