,precision,recall,f1-score,support
accuracy,0.7021186440677967,0.7021186440677967,0.7021186440677967,0.7021186440677967
case,0.7469953686058464,0.7185940594059406,0.7324057385913056,100.2
control,0.6484873570393793,0.6805536568694464,0.6639861082313913,76.4
macro avg,0.6977413628226128,0.6995738581376935,0.6981959234113484,176.6
weighted avg,0.7043998059513462,0.7021186440677967,0.7028075336924436,176.6
