,precision,recall,f1-score,support
accuracy,0.5503787878787879,0.5503787878787879,0.5503787878787879,0.5503787878787879
case,0.6121765731649923,0.5669306930693069,0.5877774619834479,100.2
control,0.4827651882827223,0.5287764866712235,0.5038662374586301,76.4
macro avg,0.5474708807238573,0.5478535898702652,0.5458218497210391,176.6
weighted avg,0.5562146631538758,0.5503787878787879,0.551465118464057,176.6
