,precision,recall,f1-score,support
accuracy,0.5198189522342065,0.5198189522342065,0.5198189522342065,0.5198189522342065
case,0.5883958573478466,0.5188118811881188,0.5479576402658951,100.2
control,0.45066743735041237,0.5204716336295283,0.47994360851604306,76.4
macro avg,0.5195316473491294,0.5196417574088236,0.5139506243909691,176.6
weighted avg,0.5288105645411506,0.5198189522342065,0.5186779469424069,176.6
