,precision,recall,f1-score,support
accuracy,0.7211230471489075,0.7211230471489075,0.7211230471489075,0.7211230471489075
case,0.7878008549716092,0.6976059850374065,0.73910021052756,400.8
control,0.6557575133636011,0.7519511411121826,0.6996882570170453,305.6
macro avg,0.7217791841676051,0.7247785630747945,0.7193942337723026,706.4
weighted avg,0.7306746231746083,0.7211230471489075,0.7220520558809272,706.4
