,precision,recall,f1-score,support
accuracy,0.5203619909502263,0.5203619909502263,0.5203619909502263,0.5203619909502263
case,0.575732222289645,0.5599999999999999,0.5649251496228687,125.0
control,0.4538223959282585,0.46875,0.45775815266846875,96.0
macro avg,0.5147773091089518,0.514375,0.5113416511456687,221.0
weighted avg,0.5227759176258753,0.5203619909502263,0.5183729699503692,221.0
