,precision,recall,f1-score,support
accuracy,0.5085972850678733,0.5085972850678733,0.5085972850678733,0.5085972850678733
case,0.5808937952712938,0.4704,0.5197738442334605,125.0
control,0.44751268191754406,0.5583333333333333,0.4967731172465239,96.0
macro avg,0.5142032385944189,0.5143666666666666,0.5082734807399922,221.0
weighted avg,0.5229544881131039,0.5085972850678733,0.5097825782119857,221.0
