,precision,recall,f1-score,support
accuracy,0.5266968325791855,0.5266968325791855,0.5266968325791855,0.5266968325791855
case,0.5887856606782438,0.5424,0.5644823512560475,125.0
control,0.45914652604687267,0.50625,0.4813944025981545,96.0
macro avg,0.5239660933625583,0.5243249999999999,0.522938376927101,221.0
weighted avg,0.5324718284401821,0.5266968325791855,0.5283898486716234,221.0
