,precision,recall,f1-score,support
accuracy,0.7236838726245506,0.7236838726245506,0.7236838726245506,0.7236838726245506
case,0.774976416168425,0.7224950495049505,0.7474004401915326,100.2
control,0.6673310123611328,0.7252563226247437,0.6945953264407014,76.4
macro avg,0.7211537142647789,0.7238756860648471,0.720997883316117,176.6
weighted avg,0.7284119374937259,0.7236838726245506,0.7245555512885482,176.6
