,precision,recall,f1-score,support
accuracy,0.5571712891628147,0.5571712891628147,0.5571712891628147,0.5571712891628147
case,0.6100148931267924,0.6067128712871288,0.6083129906899319,100.2
control,0.48898518338891417,0.4921736158578264,0.49051158688510127,76.4
macro avg,0.5495000382578533,0.5494432435724775,0.5494122887875166,176.6
weighted avg,0.5576545211422286,0.5571712891628147,0.5573546936773702,176.6
