,precision,recall,f1-score,support
accuracy,0.5220724191063174,0.5220724191063174,0.5220724191063174,0.5220724191063174
case,0.587707751186012,0.528970297029703,0.5567491992051099,100.2
control,0.45357191127083807,0.5130553656869445,0.4814387755050631,76.4
macro avg,0.520639831228425,0.5210128313583239,0.5190939873550866,176.6
weighted avg,0.52968971710976,0.5220724191063175,0.5241680343842354,176.6
