,precision,recall,f1-score,support
accuracy,0.8173838306534013,0.8173838306534013,0.8173838306534013,0.8173838306534013
case,0.8511586422457889,0.821856608478803,0.8362245648257508,400.8
control,0.7765802746413677,0.811511839708561,0.7936248122233127,305.6
macro avg,0.8138694584435783,0.816684224093682,0.8149246885245318,706.4
weighted avg,0.8188941697718869,0.8173838306534013,0.8177961478988234,706.4
