,precision,recall,f1-score,support
accuracy,0.6398561890087314,0.6398561890087314,0.6398561890087314,0.6398561890087314
case,0.6914894617577545,0.6564158415841584,0.6702229310623565,100.2
control,0.5870533083937339,0.6177375256322625,0.5981511010657614,76.4
macro avg,0.6392713850757442,0.6370766836082105,0.6341870160640589,176.6
weighted avg,0.646245339861807,0.6398561890087314,0.6390997168182395,176.6
