,precision,recall,f1-score,support
accuracy,0.7313213474321937,0.7313213474321937,0.7313213474321937,0.7313213474321937
case,0.7849198950471825,0.7310860349127182,0.7539397264736547,400.8
control,0.6800799156288322,0.7317068466730955,0.7011557972479091,305.6
macro avg,0.7324999053380074,0.7313964407929069,0.7275477618607818,706.4
weighted avg,0.7395808739933614,0.7313213474321937,0.7310959118678934,706.4
