,precision,recall,f1-score,support
accuracy,0.5067873303167421,0.5067873303167421,0.5067873303167421,0.5067873303167421
case,0.5761201165070717,0.4864,0.527283992884833,125.0
control,0.44339526817787683,0.5333333333333333,0.48407452635357,96.0
macro avg,0.5097576923424743,0.5098666666666667,0.5056792596192016,221.0
weighted avg,0.5184658837486885,0.5067873303167421,0.5085142698667278,221.0
