,precision,recall,f1-score,support
accuracy,0.7129105545115418,0.7129105545115418,0.7129105545115418,0.7129105545115418
case,0.7574243795143125,0.7280399002493765,0.7418142747543726,400.8
control,0.6613109363685689,0.6930483231543983,0.6759556352267175,305.6
macro avg,0.7093676579414407,0.7105441117018875,0.7088849549905449,706.4
weighted avg,0.7158414936844937,0.7129105545115418,0.7133256869244968,706.4
