,precision,recall,f1-score,support
accuracy,0.6189112517079308,0.6189112517079308,0.6189112517079308,0.6189112517079308
case,0.6794120140270536,0.6217568578553616,0.649277893313131,400.8
control,0.5536042750249324,0.6151698274938391,0.5827353946772444,305.6
macro avg,0.616508144525993,0.6184633426746002,0.6160066439951877,706.4
weighted avg,0.6249855931348531,0.6189112517079308,0.6204925630853927,706.4
