,precision,recall,f1-score,support
accuracy,0.5312217194570136,0.5312217194570136,0.5312217194570136,0.5312217194570136
case,0.5887399241338851,0.576,0.5818984206697392,125.0
control,0.4590683673018464,0.4729166666666667,0.46538458356191104,96.0
macro avg,0.5239041457178658,0.5244583333333332,0.5236415021158252,221.0
weighted avg,0.5324120080439497,0.5312217194570136,0.5312860751387369,221.0
