,precision,recall,f1-score,support
accuracy,0.5176470588235295,0.5176470588235295,0.5176470588235295,0.5176470588235295
case,0.5811202892528583,0.5328,0.5549949215580501,125.0
control,0.44924334953224265,0.4979166666666667,0.47142930115732984,96.0
macro avg,0.5151818193925506,0.5153583333333334,0.51321211135769,221.0
weighted avg,0.5238343787859845,0.5176470588235295,0.5186949235559273,221.0
