,precision,recall,f1-score,support
accuracy,0.7095079155831406,0.7095079155831406,0.7095079155831406,0.7095079155831406
case,0.7501566028565144,0.7315399002493767,0.7405968807691407,400.8
control,0.6596333540555357,0.6806214507660988,0.6697838705658545,305.6
macro avg,0.7048949784560251,0.7060806755077377,0.7051903756674976,706.4
weighted avg,0.7109981322283253,0.7095079155831406,0.7099618132617979,706.4
