,precision,recall,f1-score,support
accuracy,0.5300462249614792,0.5300462249614792,0.5300462249614792,0.5300462249614792
case,0.5903469735720375,0.566910891089109,0.5778608622767039,100.2
control,0.45789047474440725,0.4819548872180451,0.469004329004329,76.4
macro avg,0.5241187241582225,0.524432889153577,0.5234325956405165,176.6
weighted avg,0.5330503060928663,0.5300462249614792,0.5307155396061533,176.6
