,precision,recall,f1-score,support
accuracy,0.7253723389336101,0.7253723389336101,0.7253723389336101,0.7253723389336101
case,0.7808993097426217,0.7185436408977556,0.7473578937193165,400.8
control,0.6678010514099177,0.7342762241508625,0.6981663057514181,305.6
macro avg,0.7243501805762698,0.7264099325243091,0.7227620997353673,706.4
weighted avg,0.7319601678391681,0.7253723389336101,0.7260825377678698,706.4
