,precision,recall,f1-score,support
accuracy,0.5149321266968326,0.5149321266968326,0.5149321266968326,0.5149321266968326
case,0.5870364340073235,0.48319999999999996,0.5296122576107818,125.0
control,0.4521320748466069,0.55625,0.4984726829544094,96.0
macro avg,0.5195842544269652,0.519725,0.5140424702825956,221.0
weighted avg,0.5284354454126231,0.5149321266968326,0.5160855645473802,221.0
