,precision,recall,f1-score,support
accuracy,0.5194570135746607,0.5194570135746607,0.5194570135746607,0.5194570135746607
case,0.5773951079674795,0.5696,0.5729045639508183,125.0
control,0.44524169339779907,0.4541666666666667,0.4489394177957394,96.0
macro avg,0.5113184006826392,0.5118833333333332,0.5109219908732789,221.0
weighted avg,0.5199890998286139,0.5194570135746607,0.5190554506888836,221.0
