,precision,recall,f1-score,support
accuracy,0.7337634822804315,0.7337634822804315,0.7337634822804315,0.7337634822804315
case,0.780543217016264,0.7404356435643564,0.7593885323364714,100.2
control,0.6805205926638493,0.7249829118250171,0.701318213422775,76.4
macro avg,0.7305319048400567,0.7327092776946869,0.7303533728796232,176.6
weighted avg,0.7372754823403815,0.7337634822804315,0.7342746931964799,176.6
