,precision,recall,f1-score,support
accuracy,0.6364713848964824,0.6364713848964824,0.6364713848964824,0.6364713848964824
case,0.7072933495760629,0.6153079800498753,0.6567035602430156,400.8
control,0.5695942921975912,0.6642665809493196,0.611987868382931,305.6
macro avg,0.638443820886827,0.6397872804995975,0.6343457143129733,706.4
weighted avg,0.647728370463387,0.6364713848964824,0.6373534161257466,706.4
