,precision,recall,f1-score,support
accuracy,0.8029394440860516,0.8029394440860516,0.8029394440860516,0.8029394440860516
case,0.8301308439972519,0.8208591022443891,0.8254163038015353,400.8
control,0.7683588431662827,0.7794406943105111,0.7737810355438042,305.6
macro avg,0.7992448435817673,0.80014989827745,0.7995986696726697,706.4
weighted avg,0.8034088093580211,0.8029394440860516,0.8030781240869704,706.4
