,precision,recall,f1-score,support
accuracy,0.5366515837104073,0.5366515837104073,0.5366515837104073,0.5366515837104073
case,0.6044598970963047,0.5232,0.5607532169720517,125.0
control,0.4716865192493616,0.5541666666666667,0.5094845158232313,96.0
macro avg,0.5380732081728332,0.5386833333333334,0.5351188663976415,221.0
weighted avg,0.546784583642429,0.5366515837104073,0.5384826499571795,221.0
