,precision,recall,f1-score,support
accuracy,0.820489960772686,0.820489960772686,0.820489960772686,0.820489960772686
case,0.8566646627068838,0.8208453865336658,0.83832886226834,400.8
control,0.7776198584315444,0.8200235722704383,0.7981988907993405,305.6
macro avg,0.8171422605692141,0.8204344794020519,0.8182638765338401,706.4
weighted avg,0.8224680807793054,0.820489960772686,0.8209677769046623,706.4
