,precision,recall,f1-score,support
accuracy,0.698703133025167,0.698703133025167,0.698703133025167,0.698703133025167
case,0.738348677247661,0.7305346534653465,0.7334480689213698,100.2
control,0.6502300967758124,0.6570745044429255,0.6521235033864585,76.4
macro avg,0.6942893870117366,0.693804578954136,0.6927857861539142,176.6
weighted avg,0.7002571040499881,0.698703133025167,0.6982552028217418,176.6
