,precision,recall,f1-score,support
accuracy,0.7349940497894387,0.7349940497894387,0.7349940497894387,0.7349940497894387
case,0.7871220497166497,0.7349850374064838,0.7578047427223582,400.8
control,0.6828174747386155,0.7349319618557806,0.7051213836399916,305.6
macro avg,0.7349697622276326,0.7349584996311321,0.7314630631811749,706.4
weighted avg,0.7419836330441778,0.7349940497894387,0.7350216762758885,706.4
