,precision,recall,f1-score,support
accuracy,0.5300590652285567,0.5300590652285567,0.5300590652285567,0.5300590652285567
case,0.586641015540702,0.6031485148514851,0.5890789418774343,100.2
control,0.45244051019521486,0.4350991114149009,0.4369097335011096,76.4
macro avg,0.5195407628679585,0.519123813133193,0.5129943376892719,176.6
weighted avg,0.5285942273176494,0.5300590652285567,0.523055327215264,176.6
