,precision,recall,f1-score,support
accuracy,0.7270993836671803,0.7270993836671803,0.7270993836671803,0.7270993836671803
case,0.7802196899792799,0.7245742574257426,0.750376869712089,100.2
control,0.6704893189412404,0.7306561859193439,0.6981755868493298,76.4
macro avg,0.7253545044602602,0.7276152216725432,0.7242762282807094,176.6
weighted avg,0.7327965861906041,0.7270993836671803,0.7277652715306356,176.6
