,precision,recall,f1-score,support
accuracy,0.4914027149321267,0.4914027149321267,0.4914027149321267,0.4914027149321267
case,0.5570293082787622,0.4944,0.5237504312079749,125.0
control,0.4251692003723698,0.4875,0.4541203306721509,96.0
macro avg,0.49109925432556595,0.49095000000000005,0.4889353809400629,221.0
weighted avg,0.499750709369198,0.4914027149321267,0.4935038716992007,221.0
