,precision,recall,f1-score,support
accuracy,0.4633484162895927,0.4633484162895927,0.4633484162895927,0.4633484162895927
case,0.5274332430854171,0.4976,0.5119327648085344,125.0
control,0.3897219463753724,0.41875,0.403555855061946,96.0
macro avg,0.4585775947303947,0.45817499999999994,0.45774430993524023,221.0
weighted avg,0.4676129513018682,0.4633484162895927,0.46485501215843267,221.0
