,precision,recall,f1-score,support
accuracy,0.5220916795069337,0.5220916795069337,0.5220916795069337,0.5220916795069337
case,0.5862026289673491,0.5390099009900989,0.5605824199151848,100.2
control,0.4527171086367299,0.5001367053998632,0.4741950519342586,76.4
macro avg,0.5194598688020395,0.5195733031949812,0.5173887359247217,176.6
weighted avg,0.5284718022408125,0.5220916795069337,0.523168185700177,176.6
