,precision,recall,f1-score,support
accuracy,0.5176470588235293,0.5176470588235293,0.5176470588235293,0.5176470588235293
case,0.5814295296063364,0.5248,0.5515107423696046,125.0
control,0.45120117360648593,0.5083333333333333,0.47792308678638645,96.0
macro avg,0.5163153516064112,0.5165666666666666,0.5147169145779955,221.0
weighted avg,0.5248597460045914,0.5176470588235293,0.5195450639262157,221.0
