,precision,recall,f1-score,support
accuracy,0.8190867528679213,0.8190867528679213,0.8190867528679213,0.8190867528679213
case,0.8613879149655108,0.8118778054862842,0.8358466412360782,400.8
control,0.7706487976499256,0.8285395906996678,0.7984795832968437,305.6
macro avg,0.8160183563077184,0.820208698092976,0.8171631122664611,706.4
weighted avg,0.8221322029455443,0.8190867528679213,0.8196811859413982,706.4
