,precision,recall,f1-score,support
accuracy,0.5742167437082691,0.5742167437082691,0.5742167437082691,0.5742167437082691
case,0.6198295735546246,0.6488712871287129,0.6326355959042758,100.2
control,0.5092734715436047,0.47648667122351335,0.4899061941249361,76.4
macro avg,0.5645515225491147,0.5626789791761131,0.5612708950146059,176.6
weighted avg,0.5720179133535161,0.5742167437082691,0.5708577912175328,176.6
