,precision,recall,f1-score,support
accuracy,0.7100804981347993,0.7100804981347993,0.7100804981347993,0.7100804981347993
case,0.7497033506219088,0.7340261845386534,0.7417224949832968,400.8
control,0.6607811788821798,0.6786778099217828,0.6695277752313047,305.6
macro avg,0.7052422647520443,0.7063519972302181,0.7056251351073007,706.4
weighted avg,0.7112341655626971,0.7100804981347993,0.7104893504639355,706.4
