,precision,recall,f1-score,support
accuracy,0.7969984493390658,0.7969984493390658,0.7969984493390658,0.7969984493390658
case,0.8332884087961414,0.8033965087281796,0.8178748078858661,400.8
control,0.7538284246099378,0.7886295939140684,0.770586125062236,305.6
macro avg,0.7935584167030396,0.7960130513211239,0.7942304664740509,706.4
weighted avg,0.7989189504479027,0.7969984493390658,0.7974153132609372,706.4
