,precision,recall,f1-score,support
accuracy,0.599655809368877,0.599655809368877,0.599655809368877,0.599655809368877
case,0.6628630160239048,0.5992992518703242,0.6294336821949298,400.8
control,0.5331426669831263,0.6001392906889531,0.5646127872695781,305.6
macro avg,0.5980028415035156,0.5997192712796386,0.5970232347322539,706.4
weighted avg,0.6067458109764146,0.599655809368877,0.6013886802812127,706.4
