,precision,recall,f1-score,support
accuracy,0.6987673343605547,0.6987673343605547,0.6987673343605547,0.6987673343605547
case,0.7480105100420819,0.7106138613861386,0.7277565148970646,100.2
control,0.643936635532852,0.6832535885167463,0.6613932381786314,76.4
macro avg,0.695973572787467,0.6969337249514425,0.694574876537848,176.6
weighted avg,0.7029954851240803,0.6987673343605547,0.6990467009601142,176.6
