,precision,recall,f1-score,support
accuracy,0.5122171945701357,0.5122171945701357,0.5122171945701357,0.5122171945701357
case,0.5727308059232671,0.5424,0.5568172177826588,125.0
control,0.44242856149966237,0.4729166666666667,0.45680322994610856,96.0
macro avg,0.5075796837114648,0.5076583333333333,0.5068102238643837,221.0
weighted avg,0.5161289259926515,0.5122171945701357,0.5133722275912161,221.0
