,precision,recall,f1-score,support
accuracy,0.518708269131998,0.518708269131998,0.518708269131998,0.518708269131998
case,0.5791994122798819,0.5530891089108911,0.5649749739973267,100.2
control,0.4475076171645608,0.47388926862611075,0.4593211146844415,76.4
macro avg,0.5133535147222213,0.5134891887685009,0.512148044340884,176.6
weighted avg,0.5222367134838743,0.518708269131998,0.5192131801718991,176.6
