,precision,recall,f1-score,support
accuracy,0.8032279391435704,0.8032279391435704,0.8032279391435704,0.8032279391435704
case,0.8509672273624178,0.7919114713216958,0.8203706276618158,400.8
control,0.7498409209077146,0.8180670738240652,0.7824610707101398,305.6
macro avg,0.8004040741350662,0.8049892725728804,0.8014158491859777,706.4
weighted avg,0.8072172703190462,0.8032279391435704,0.8039703563170697,706.4
