,precision,recall,f1-score,support
accuracy,0.722547508988187,0.722547508988187,0.722547508988187,0.722547508988187
case,0.7724699105202568,0.7266534653465346,0.7482398260356653,100.2
control,0.6668888098467862,0.7173957621326043,0.690473160840707,76.4
macro avg,0.7196793601835215,0.7220246137395694,0.7193564934381861,176.6
weighted avg,0.7268467901691016,0.722547508988187,0.7232256716700163,176.6
