,precision,recall,f1-score,support
accuracy,0.6251861838726246,0.6251861838726246,0.6251861838726246,0.6251861838726246
case,0.6931582807610536,0.6148514851485148,0.6501221858295435,100.2
control,0.5583642593323854,0.6392002734107998,0.5945479787180907,76.4
macro avg,0.6257612700467194,0.6270258792796573,0.6223350822738171,176.6
weighted avg,0.6348962006186087,0.6251861838726245,0.6260069789725529,176.6
