,precision,recall,f1-score,support
accuracy,0.5294117647058824,0.5294117647058824,0.5294117647058824,0.5294117647058824
case,0.5823837761977332,0.5888,0.5828494542727514,125.0
control,0.4611710901184585,0.4520833333333334,0.45249768744707186,96.0
macro avg,0.5217774331580959,0.5204416666666667,0.5176735708599116,221.0
weighted avg,0.5297303017017587,0.5294117647058824,0.5262260623484742,221.0
