,precision,recall,f1-score,support
accuracy,0.5911660409262295,0.5911660409262295,0.5911660409262295,0.5911660409262295
case,0.6546195042207139,0.5918204488778055,0.6216169266608612,400.8
control,0.5243398042387739,0.5903053680488589,0.555349797926941,305.6
macro avg,0.5894796542297438,0.5910629084633322,0.5884833622939011,706.4
weighted avg,0.5982590670886567,0.5911660409262295,0.5929495489135842,706.4
