,precision,recall,f1-score,support
accuracy,0.5390729327170005,0.5390729327170005,0.5390729327170005,0.5390729327170005
case,0.5956063697246116,0.5827722772277227,0.5864995232388349,100.2
control,0.46994345964272755,0.48202323991797674,0.4723215261723139,76.4
macro avg,0.5327749146836697,0.5323977585728498,0.5294105247055744,176.6
weighted avg,0.5412525265885465,0.5390729327170005,0.5370510961483816,176.6
