,precision,recall,f1-score,support
accuracy,0.5366515837104073,0.5366515837104073,0.5366515837104073,0.5366515837104073
case,0.6040032931839912,0.5279999999999999,0.5618972436576071,125.0
control,0.47181532996566633,0.5479166666666666,0.5058352399329732,96.0
macro avg,0.5379093115748287,0.5379583333333333,0.5338662417952902,221.0
weighted avg,0.5465822774873432,0.5366515837104073,0.537544518057766,221.0
