,precision,recall,f1-score,support
accuracy,0.4847778633795583,0.4847778633795583,0.4847778633795583,0.4847778633795583
case,0.5540046084800304,0.475049504950495,0.5106187788876996,100.2
control,0.41928569432695995,0.49764183185235816,0.4544373509110768,76.4
macro avg,0.4866451514034952,0.48634566840142657,0.4825280648993882,176.6
weighted avg,0.4957360643470106,0.4847778633795583,0.486297661027173,176.6
