,precision,recall,f1-score,support
accuracy,0.6310869451979597,0.6310869451979597,0.6310869451979597,0.6310869451979597
case,0.6856099730747003,0.6536758104738155,0.6658307140409248,400.8
control,0.5730626824191816,0.6014079074252652,0.5824669922585243,305.6
macro avg,0.6293363277469408,0.6275418589495404,0.6241488531497245,706.4
weighted avg,0.6369155734136914,0.6310869451979597,0.629775502337287,706.4
