,precision,recall,f1-score,support
accuracy,0.5321266968325793,0.5321266968325793,0.5321266968325793,0.5321266968325793
case,0.595629209609299,0.5359999999999999,0.5640100368834254,125.0
control,0.46655116087308557,0.5270833333333333,0.4947470168399694,96.0
macro avg,0.5310901852411922,0.5315416666666666,0.5293785268616975,221.0
weighted avg,0.5395591069908534,0.5321266968325793,0.5339229331541414,221.0
