,precision,recall,f1-score,support
accuracy,0.7236666119060308,0.7236666119060308,0.7236666119060308,0.7236666119060308
case,0.8025987273278238,0.6821184538653366,0.7364568933837401,400.8
control,0.6521361123449676,0.7780842172934748,0.7087527270151313,305.6
macro avg,0.7273674198363957,0.7301013355794057,0.7226048101994358,706.4
weighted avg,0.7374924895588171,0.7236666119060308,0.72448071026948,706.4
