,precision,recall,f1-score,support
accuracy,0.6970573504133093,0.6970573504133093,0.6970573504133093,0.6970573504133093
case,0.7367047685956376,0.7255448877805486,0.7310166217200533,400.8
control,0.647007092727715,0.659714989821065,0.6532059463628205,305.6
macro avg,0.6918559306616763,0.6926299388008068,0.6921112840414368,706.4
weighted avg,0.6979024791082283,0.6970573504133093,0.6973514472022664,706.4
