,precision,recall,f1-score,support
accuracy,0.5104072398190045,0.5104072398190045,0.5104072398190045,0.5104072398190045
case,0.5708224655074425,0.5456,0.5572988090340919,125.0
control,0.4389978427158626,0.4645833333333333,0.45075528484230293,96.0
macro avg,0.5049101541116526,0.5050916666666667,0.5040270469381974,221.0
weighted avg,0.5135592809463942,0.5104072398190045,0.5110174591589256,221.0
