,precision,recall,f1-score,support
accuracy,0.798129991064667,0.798129991064667,0.798129991064667,0.798129991064667
case,0.8428941396953136,0.7919127182044887,0.8165795519038473,400.8
control,0.7471076909318047,0.8062852244723026,0.7755331312957503,305.6
macro avg,0.7950009153135592,0.7990989713383957,0.7960563415997989,706.4
weighted avg,0.8014555871423872,0.798129991064667,0.798822068648917,706.4
