,precision,recall,f1-score,support
accuracy,0.7134052388289677,0.7134052388289677,0.7134052388289677,0.7134052388289677
case,0.7628682494518791,0.7205742574257425,0.7405431195357053,100.2
control,0.6577054948117377,0.7041695146958304,0.6794507624990087,76.4
macro avg,0.7102868721318085,0.7123718860607865,0.709996941017357,176.6
weighted avg,0.7174174430712614,0.7134052388289677,0.7141001705942526,176.6
