,precision,recall,f1-score,support
accuracy,0.5285067873303169,0.5285067873303169,0.5285067873303169,0.5285067873303169
case,0.5927514587760222,0.5296000000000001,0.5591508642102198,125.0
control,0.4630908900554882,0.5270833333333333,0.4927881386649159,96.0
macro avg,0.5279211744157553,0.5283416666666667,0.5259695014375678,221.0
weighted avg,0.5364283158023966,0.5285067873303169,0.5303236169145222,221.0
