,precision,recall,f1-score,support
accuracy,0.7611068310220853,0.7611068310220853,0.7611068310220853,0.7611068310220853
case,0.7922951191500225,0.7824950495049505,0.7860207403388081,100.2
control,0.7273853013223712,0.7330827067669172,0.7282467406455425,76.4
macro avg,0.7598402102361967,0.7577888781359339,0.7571337404921753,176.6
weighted avg,0.7642198687357067,0.7611068310220853,0.761024248841807,176.6
