,precision,recall,f1-score,support
accuracy,0.8943935793822199,0.8943935793822199,0.8943935793822199,0.8943935793822199
case,0.9139156772654424,0.8987019950124688,0.9061816753030628,400.8
control,0.8700440899077929,0.8887260259294975,0.8791897223262979,305.6
macro avg,0.8919798835866176,0.8937140104709831,0.8926856988146803,706.4
weighted avg,0.8949317862327977,0.8943935793822199,0.8945059994362147,706.4
