,precision,recall,f1-score,support
accuracy,0.5096430405752439,0.5096430405752439,0.5096430405752439,0.5096430405752439
case,0.5650522253435787,0.5988316831683169,0.5803189296365536,100.2
control,0.4249126975201586,0.3929938482570061,0.40649330540092715,76.4
macro avg,0.49498246143186864,0.4959127657126615,0.4934061175187404,176.6
weighted avg,0.5044120431532939,0.5096430405752439,0.5050414488151884,176.6
