,precision,recall,f1-score,support
accuracy,0.761046756233697,0.761046756233697,0.761046756233697,0.761046756233697
case,0.7890929856666459,0.7899064837905236,0.789305195153801,400.8
control,0.7251487215127942,0.7231843994428372,0.723835509867213,305.6
macro avg,0.75712085358972,0.7565454416166805,0.7565703525105071,706.4
weighted avg,0.7614235957140553,0.761046756233697,0.7609816474774722,706.4
