,precision,recall,f1-score,support
accuracy,0.4904977375565611,0.4904977375565611,0.4904977375565611,0.4904977375565611
case,0.5456504287865179,0.4704,0.4957282528776431,125.0
control,0.436151125320342,0.5166666666666667,0.4659285547449903,96.0
macro avg,0.49090077705342994,0.4935333333333333,0.48082840381131675,221.0
weighted avg,0.4980851204935185,0.4904977375565611,0.48278358762545004,221.0
