,precision,recall,f1-score,support
accuracy,0.5321266968325792,0.5321266968325792,0.5321266968325792,0.5321266968325792
case,0.5863598091979467,0.5871999999999999,0.5866927224841244,125.0
control,0.46125059902503507,0.4604166666666667,0.4607166403217862,96.0
macro avg,0.5238052041114909,0.5238083333333333,0.5237046814029552,221.0
weighted avg,0.5320137269508901,0.5321266968325792,0.5319700804588553,221.0
