,precision,recall,f1-score,support
accuracy,0.6659095007032068,0.6659095007032068,0.6659095007032068,0.6659095007032068
case,0.7215025447900444,0.6696596009975062,0.6945962775544234,400.8
control,0.6041048212606878,0.6609814636237008,0.6312438520929976,305.6
macro avg,0.6628036830253661,0.6653205323106035,0.6629200648237106,706.4
weighted avg,0.6707140484961887,0.6659095007032068,0.6671909049677192,706.4
