,precision,recall,f1-score,support
accuracy,0.6511862355802557,0.6511862355802557,0.6511862355802557,0.6511862355802557
case,0.7418716443699375,0.6063029925187032,0.6581829713593307,400.8
control,0.5854630893744156,0.7101103610843245,0.6353454177339646,305.6
macro avg,0.6636673668721766,0.6582066768015139,0.6467641945466476,706.4
weighted avg,0.6742160943772944,0.6511862355802557,0.6482937222221029,706.4
