,precision,recall,f1-score,support
accuracy,0.5221719457013575,0.5221719457013575,0.5221719457013575,0.5221719457013575
case,0.5778100848472987,0.5776,0.5772872352603564,125.0
control,0.4498309650158146,0.45,0.4493712606615833,96.0
macro avg,0.5138205249315566,0.5138,0.5133292479609699,221.0
weighted avg,0.5222173450109978,0.5221719457013575,0.5217219250274052,221.0
