,precision,recall,f1-score,support
accuracy,0.49713020030816646,0.49713020030816646,0.49713020030816646,0.49713020030816646
case,0.5705224958761976,0.44904950495049506,0.4970030900569823,100.2
control,0.4372372430391162,0.5600478468899521,0.4877025855503409,76.4
macro avg,0.5038798694576568,0.5045486759202236,0.49235283780366157,176.6
weighted avg,0.5128866897953962,0.49713020030816646,0.4930264836306774,176.6
