,precision,recall,f1-score,support
accuracy,0.5330316742081449,0.5330316742081449,0.5330316742081449,0.5330316742081449
case,0.5977190075813928,0.5344,0.5640984062446119,125.0
control,0.4668934557548418,0.53125,0.49681093544886235,96.0
macro avg,0.5323062316681174,0.5328250000000001,0.5304546708467373,221.0
weighted avg,0.5408898085979137,0.5330316742081449,0.5348694596546031,221.0
