,precision,recall,f1-score,support
accuracy,0.5212669683257918,0.5212669683257918,0.5212669683257918,0.5212669683257918
case,0.5773203739240198,0.5551999999999999,0.563383515587627,125.0
control,0.4575365039051501,0.4770833333333333,0.4632912442090924,96.0
macro avg,0.517428438914585,0.5161416666666667,0.5133373798983596,221.0
weighted avg,0.5252875616081307,0.5212669683257918,0.5199045198756844,221.0
