,precision,recall,f1-score,support
accuracy,0.5244029275808937,0.5244029275808937,0.5244029275808937,0.5244029275808937
case,0.5879096805792583,0.5388514851485149,0.5617799077232831,100.2
control,0.45536546582172327,0.5051606288448394,0.47845164623975894,76.4
macro avg,0.5216375732004908,0.5220060569966771,0.5201157769815211,176.6
weighted avg,0.5305789641458013,0.5244029275808937,0.5257989333857616,176.6
