,precision,recall,f1-score,support
accuracy,0.7961517964827645,0.7961517964827645,0.7961517964827645,0.7961517964827645
case,0.8344038201670585,0.7993965087281796,0.8165171320851782,400.8
control,0.7506171948634528,0.7918997107039537,0.7706952152854831,305.6
macro avg,0.7925105075152556,0.7956481097160666,0.7936061736853306,706.4
weighted avg,0.798156539107353,0.7961517964827645,0.7966931835100319,706.4
