,precision,recall,f1-score,support
accuracy,0.702163585002568,0.702163585002568,0.702163585002568,0.702163585002568
case,0.7441126206103165,0.7245346534653465,0.7340924447432114,100.2
control,0.6505661005661005,0.6727614490772386,0.6613489974169786,76.4
macro avg,0.6973393605882086,0.6986480512712926,0.697720721080095,176.6
weighted avg,0.703636325544188,0.702163585002568,0.7026324739218499,176.6
