,precision,recall,f1-score,support
accuracy,0.5375565610859728,0.5375565610859728,0.5375565610859728,0.5375565610859728
case,0.5961058726834929,0.5648,0.5799705268201806,125.0
control,0.4700559543825002,0.5020833333333333,0.4854755549818492,96.0
macro avg,0.5330809135329966,0.5334416666666667,0.532723040901015,221.0
weighted avg,0.5413511570414328,0.5375565610859728,0.5389229372433488,221.0
