,precision,recall,f1-score,support
accuracy,0.6288142452448401,0.6288142452448401,0.6288142452448401,0.6288142452448401
case,0.6909465081738324,0.6272206982543641,0.6555928053150704,400.8
control,0.5664990091023003,0.6309503910853959,0.5947169264915655,305.6
macro avg,0.6287227586380663,0.62908554466988,0.6251548659033179,706.4
weighted avg,0.6371144442145826,0.6288142452448401,0.6292499071438209,706.4
