,precision,recall,f1-score,support
accuracy,0.5018168977914741,0.5018168977914741,0.5018168977914741,0.5018168977914741
case,0.5706255545688815,0.49502970297029697,0.5297457666713388,100.2
control,0.43460982900848333,0.5104579630895419,0.469180535407809,76.4
macro avg,0.5026176917886824,0.5027438330299195,0.499463151039574,176.6
weighted avg,0.511799856890727,0.5018168977914741,0.5036090501074222,176.6
