,precision,recall,f1-score,support
accuracy,0.7936058276001619,0.7936058276001619,0.7936058276001619,0.7936058276001619
case,0.8325353740316291,0.7964002493765585,0.8140594572776496,400.8
control,0.7474311756168286,0.7899432122575807,0.7680894181872235,305.6
macro avg,0.7899832748242288,0.7931717308170696,0.7910744377324367,706.4
weighted avg,0.7957163927266361,0.7936058276001619,0.794170807617068,706.4
