,precision,recall,f1-score,support
accuracy,0.5285067873303169,0.5285067873303169,0.5285067873303169,0.5285067873303169
case,0.589228468512356,0.5536000000000001,0.5706045409471369,125.0
control,0.4594589307726757,0.4958333333333333,0.4766736236272943,96.0
macro avg,0.5243436996425158,0.5247166666666667,0.5236390822872157,221.0
weighted avg,0.5328579905801872,0.5285067873303169,0.5298019705276578,221.0
