,precision,recall,f1-score,support
accuracy,0.5194570135746606,0.5194570135746606,0.5194570135746606,0.5194570135746606
case,0.5822433321154549,0.528,0.5502933949895784,125.0
control,0.4553123243481023,0.5083333333333333,0.4770717593089768,96.0
macro avg,0.5187778282317786,0.5181666666666667,0.5136825771492776,221.0
weighted avg,0.5271058807776005,0.5194570135746606,0.5184867116170093,221.0
