,precision,recall,f1-score,support
accuracy,0.6993204338645115,0.6993204338645115,0.6993204338645115,0.6993204338645115
case,0.7486643692388916,0.7090748129675811,0.7278536289366448,400.8
control,0.6431394741687037,0.6865380906460945,0.6635450659418867,305.6
macro avg,0.6959019217037976,0.6978064518068378,0.6956993474392658,706.4
weighted avg,0.703015415275288,0.6993204338645115,0.700031822977113,706.4
