,precision,recall,f1-score,support
accuracy,0.7157806882383154,0.7157806882383154,0.7157806882383154,0.7157806882383154
case,0.7664638070673369,0.7185544554455445,0.7414798976058539,100.2
control,0.6587387170457472,0.7122009569377991,0.684122699842337,76.4
macro avg,0.7126012620565421,0.7153777061916717,0.7128012987240954,176.6
weighted avg,0.7198670254639039,0.7157806882383154,0.7166572446799548,176.6
