,precision,recall,f1-score,support
accuracy,0.5948559728494096,0.5948559728494096,0.5948559728494096,0.5948559728494096
case,0.6602416918890542,0.5903341645885287,0.6231472137845769,400.8
control,0.5277112219298776,0.600825029465338,0.5617227883974867,305.6
macro avg,0.593976456909466,0.5955795970269333,0.5924350010910319,706.4
weighted avg,0.6029109238354124,0.5948559728494096,0.5965677570166432,706.4
