,precision,recall,f1-score,support
accuracy,0.6048086800205443,0.6048086800205443,0.6048086800205443,0.6048086800205443
case,0.6728189638272524,0.6068316831683168,0.635624624181389,100.2
control,0.5350270120754997,0.6022214627477785,0.5641158518834519,76.4
macro avg,0.603922987951376,0.6045265729580477,0.5998702380324205,176.6
weighted avg,0.6132078723876913,0.6048086800205443,0.6046749921161542,176.6
