,precision,recall,f1-score,support
accuracy,0.7228215618000489,0.7228215618000489,0.7228215618000489,0.7228215618000489
case,0.7817389663153481,0.7125561097256858,0.7441107147527802,400.8
control,0.6632040509203007,0.7363012964748741,0.6964362087204632,305.6
macro avg,0.7224715086178244,0.72442870310028,0.7202734617366218,706.4
weighted avg,0.7304611761241434,0.7228215618000489,0.7234834967374641,706.4
