,precision,recall,f1-score,support
accuracy,0.5167420814479639,0.5167420814479639,0.5167420814479639,0.5167420814479639
case,0.5798936923943268,0.5344,0.5558452348271974,125.0
control,0.44782216739572994,0.49375,0.4693061185904387,96.0
macro avg,0.5138579298950284,0.5140750000000001,0.5125756767088181,221.0
weighted avg,0.5225232561958413,0.5167420814479639,0.518253582525257,221.0
