,precision,recall,f1-score,support
accuracy,0.5230769230769231,0.5230769230769231,0.5230769230769231,0.5230769230769231
case,0.5888107970460912,0.52,0.5518714604039461,125.0
control,0.4577195111726297,0.5270833333333333,0.4895964174157463,96.0
macro avg,0.5232651541093605,0.5235416666666667,0.5207339389098462,221.0
weighted avg,0.5318661660784337,0.5230769230769231,0.5248198580199317,221.0
