,precision,recall,f1-score,support
accuracy,0.49500513610683106,0.49500513610683106,0.49500513610683106,0.49500513610683106
case,0.5567639170209622,0.5151287128712871,0.5316518381759974,100.2
control,0.4291364529984543,0.4681476418318523,0.4436145963508505,76.4
macro avg,0.49295018500970816,0.4916381773515697,0.4876332172634239,176.6
weighted avg,0.5015573748105037,0.49500513610683106,0.49367035968207834,176.6
