,precision,recall,f1-score,support
accuracy,0.6061697873551013,0.6061697873551013,0.6061697873551013,0.6061697873551013
case,0.6678168118709997,0.608280548628429,0.6365809657809998,400.8
control,0.5403857333023666,0.6033858352084003,0.5700697083670672,305.6
macro avg,0.6041012725866832,0.6058331919184147,0.6033253370740335,706.4
weighted avg,0.612687696213353,0.6061697873551013,0.6078102942486852,706.4
