,precision,recall,f1-score,support
accuracy,0.4751131221719457,0.4751131221719457,0.4751131221719457,0.4751131221719457
case,0.5392350947117681,0.4896,0.5129317342032212,125.0
control,0.40738235620588553,0.45625,0.43017429120573186,96.0
macro avg,0.4733087254588269,0.47292499999999993,0.4715530127044765,221.0
weighted avg,0.48195969698975577,0.4751131221719457,0.4769827996884747,221.0
