,precision,recall,f1-score,support
accuracy,0.806912662128212,0.806912662128212,0.806912662128212,0.806912662128212
case,0.8420794657301469,0.8118790523690773,0.8266788431336973,400.8
control,0.7645697457524362,0.8003942997964213,0.7820379369380396,305.6
macro avg,0.8033246057412915,0.8061366760827493,0.8043583900358684,706.4
weighted avg,0.8085465488955703,0.806912662128212,0.807367025614977,706.4
