,precision,recall,f1-score,support
accuracy,0.6336369209563611,0.6336369209563611,0.6336369209563611,0.6336369209563611
case,0.7115176648566489,0.5972942643391521,0.6485683051922768,400.8
control,0.5640060186308065,0.6813350476802743,0.6164031739073521,305.6
macro avg,0.6377618417437276,0.6393146560097132,0.6324857395498145,706.4
weighted avg,0.6477066931418846,0.6336369209563611,0.6346482286135301,706.4
