,precision,recall,f1-score,support
accuracy,0.7055507250441758,0.7055507250441758,0.7055507250441758,0.7055507250441758
case,0.7729328070441315,0.6831197007481297,0.7244065365317521,400.8
control,0.6395477021989555,0.7349362477231329,0.6830773743473837,305.6
macro avg,0.7062402546215435,0.7090279742356314,0.703741955439568,706.4
weighted avg,0.7152227495736672,0.7055507250441758,0.706531239101692,706.4
