,precision,recall,f1-score,support
accuracy,0.4624434389140271,0.4624434389140271,0.4624434389140271,0.4624434389140271
case,0.5288232600732601,0.4528,0.48732233061046787,125.0
control,0.3998890029932105,0.475,0.43379503699245986,96.0
macro avg,0.46435613153323524,0.4638999999999999,0.46055868380146386,221.0
weighted avg,0.47281561898871366,0.4624434389140271,0.4640706555546815,221.0
