,precision,recall,f1-score,support
accuracy,0.4479638009049774,0.4479638009049774,0.4479638009049774,0.4479638009049774
case,0.5125124002380845,0.45919999999999994,0.48381073763542864,125.0
control,0.38137542196365726,0.4333333333333333,0.4051946130777327,96.0
macro avg,0.44694391110087095,0.44626666666666664,0.44450267535658067,221.0
weighted avg,0.45554792098765456,0.4479638009049774,0.4496607468773345,221.0
