,precision,recall,f1-score,support
accuracy,0.557132768361582,0.557132768361582,0.557132768361582,0.557132768361582
case,0.6349393411605166,0.522950495049505,0.573057984489213,100.2
control,0.48881033147653186,0.6016404647983595,0.5390583693443518,76.4
macro avg,0.5618748363185243,0.5622954799239321,0.5560581769167824,176.6
weighted avg,0.5717050195988209,0.557132768361582,0.5584109844481251,176.6
