,precision,recall,f1-score,support
accuracy,0.7231032451687095,0.7231032451687095,0.7231032451687095,0.7231032451687095
case,0.7879635939362283,0.7040573566084788,0.7410901109398625,400.8
control,0.6623805220946954,0.7479931426122362,0.7001154006055288,305.6
macro avg,0.7251720580154618,0.7260252496103574,0.7206027557726957,706.4
weighted avg,0.7336176829650048,0.7231032451687095,0.7233747322569706,706.4
