,precision,recall,f1-score,support
accuracy,0.46515837104072394,0.46515837104072394,0.46515837104072394,0.46515837104072394
case,0.5285069204438279,0.49119999999999997,0.5085762427006169,125.0
control,0.39486251648054893,0.43125,0.41168723072893504,96.0
macro avg,0.4616847184621884,0.46122500000000005,0.4601317367147759,221.0
weighted avg,0.47045324270412303,0.46515837104072394,0.4664887080884836,221.0
