,precision,recall,f1-score,support
accuracy,0.5027991782229071,0.5027991782229071,0.5027991782229071,0.5027991782229071
case,0.5703813110391851,0.5028712871287129,0.5340281176562737,100.2
control,0.43489548661159744,0.5024265208475734,0.46580721732298286,76.4
macro avg,0.5026383988253913,0.5026489039881431,0.49991766748962824,176.6
weighted avg,0.511775542599749,0.5027991782229071,0.5045784020167204,176.6
