,precision,recall,f1-score,support
accuracy,0.798133597252886,0.798133597252886,0.798133597252886,0.798133597252886
case,0.8442770660615763,0.7899364089775561,0.8161464742675075,400.8
control,0.746130948856079,0.8088867459552127,0.7761726395283042,305.6
macro avg,0.7952040074588276,0.7994115774663844,0.7961595568979059,706.4
weighted avg,0.8018202069026797,0.798133597252886,0.7988540171328484,706.4
