,precision,recall,f1-score,support
accuracy,0.7441319979455573,0.7441319979455573,0.7441319979455573,0.7441319979455573
case,0.7831854954489332,0.7585940594059406,0.7704203330816863,100.2
control,0.6977250431730262,0.7252563226247437,0.7108122362869198,76.4
macro avg,0.7404552693109798,0.7419251910153422,0.7406162846843032,176.6
weighted avg,0.74624673393416,0.7441319979455573,0.7446295109555634,176.6
