,precision,recall,f1-score,support
accuracy,0.5357473035439136,0.5357473035439136,0.5357473035439136,0.5357473035439136
case,0.6055407956191912,0.528950495049505,0.5642973766986338,100.2
control,0.4669175205493173,0.5445317840054683,0.5024411982356337,76.4
macro avg,0.5362291580842542,0.5367411395274866,0.5333692874671337,176.6
weighted avg,0.5455763267649177,0.5357473035439136,0.5375685227611211,176.6
