,precision,recall,f1-score,support
accuracy,0.7203261427837699,0.7203261427837699,0.7203261427837699,0.7203261427837699
case,0.7572159113668142,0.7484950495049505,0.7525438343033993,100.2
control,0.6737095620391335,0.6833561175666439,0.6780802992825288,76.4
macro avg,0.7154627367029738,0.7159255835357972,0.7153120667929641,176.6
weighted avg,0.7210945503809079,0.7203261427837699,0.720337918817773,176.6
