,precision,recall,f1-score,support
accuracy,0.48144796380090493,0.48144796380090493,0.48144796380090493,0.48144796380090493
case,0.5448167474671464,0.5008,0.5215921178216317,125.0
control,0.41292903567490014,0.45625,0.4332328651955627,96.0
macro avg,0.4788728915710233,0.47852500000000003,0.4774124915085972,221.0
weighted avg,0.4875261577293381,0.48144796380090493,0.48320981803836194,221.0
