,precision,recall,f1-score,support
accuracy,0.4615384615384615,0.4615384615384615,0.4615384615384615,0.4615384615384615
case,0.5297489485869078,0.4384,0.47909726109800876,125.0
control,0.40098304221874115,0.4916666666666666,0.4412119358566676,96.0
macro avg,0.4653659954028244,0.4650333333333333,0.46015459847733825,221.0
weighted avg,0.47381443722336025,0.4615384615384615,0.4626402872375167,221.0
