,precision,recall,f1-score,support
accuracy,0.6251348228043143,0.6251348228043143,0.6251348228043143,0.6251348228043143
case,0.689886949318911,0.6208910891089109,0.6517821531679526,100.2
control,0.5601853322439286,0.6309295967190705,0.5916685433195108,76.4
macro avg,0.6250361407814198,0.6259103429139906,0.6217253482437317,176.6
weighted avg,0.6338147258163542,0.6251348228043143,0.6257461926974887,176.6
