,precision,recall,f1-score,support
accuracy,0.5085972850678733,0.5085972850678733,0.5085972850678733,0.5085972850678733
case,0.5677751298437601,0.5536000000000001,0.5604423277783148,125.0
control,0.4354119355176742,0.45,0.44239867457262283,96.0
macro avg,0.5015935326807172,0.5018,0.5014205011754689,221.0
weighted avg,0.510277995656863,0.5085972850678733,0.509165446747788,221.0
