,precision,recall,f1-score,support
accuracy,0.4579185520361991,0.4579185520361991,0.4579185520361991,0.4579185520361991
case,0.5268029613531287,0.4112,0.4615961116247247,125.0
control,0.40334766457647814,0.51875,0.4536521986173164,96.0
macro avg,0.46507531296480337,0.4649749999999999,0.4576241551210205,221.0
weighted avg,0.4731753211243574,0.4579185520361991,0.458145362083045,221.0
