,precision,recall,f1-score,support
accuracy,0.4805429864253393,0.4805429864253393,0.4805429864253393,0.4805429864253393
case,0.5425841332239321,0.5264,0.5342041408592377,125.0
control,0.40468083302622126,0.4208333333333333,0.4124082622526597,96.0
macro avg,0.47363248312507666,0.4736166666666667,0.4733062015559487,221.0
weighted avg,0.48268043721044684,0.4805429864253393,0.48129733386271517,221.0
