,precision,recall,f1-score,support
accuracy,0.6263161273754494,0.6263161273754494,0.6263161273754494,0.6263161273754494
case,0.6829114244546028,0.6526138613861386,0.6624636250172488,100.2
control,0.5672779486014781,0.5917976760082023,0.5735164340426321,76.4
macro avg,0.6250946865280405,0.6222057686971704,0.6179900295299405,176.6
weighted avg,0.6328889872016739,0.6263161273754494,0.6239899135171397,176.6
