,precision,recall,f1-score,support
accuracy,0.5049773755656108,0.5049773755656108,0.5049773755656108,0.5049773755656108
case,0.5709705413265784,0.5088,0.535539173152979,125.0
control,0.43804047062517587,0.5,0.4646514568661265,96.0
macro avg,0.5045055059758772,0.5044,0.5000953150095528,221.0
weighted avg,0.5132271621983675,0.5049773755656108,0.5047463190193237,221.0
