,precision,recall,f1-score,support
accuracy,0.5005007704160247,0.5005007704160247,0.5005007704160247,0.5005007704160247
case,0.5660355565081747,0.5169108910891089,0.5393766326816676,100.2
control,0.42906168454722937,0.478879015721121,0.4516550952951738,76.4
macro avg,0.49754862052770205,0.4978949534051149,0.4955158639884207,176.6
weighted avg,0.5067926760271874,0.5005007704160247,0.5014555166006759,176.6
