,precision,recall,f1-score,support
accuracy,0.693371425365928,0.693371425365928,0.693371425365928,0.693371425365928
case,0.736685053253867,0.7150810473815461,0.7256583037814652,400.8
control,0.6405132074480802,0.6649201757205614,0.6524008422953212,305.6
macro avg,0.6885991303509736,0.6900006115510539,0.6890295730383933,706.4
weighted avg,0.6950848265873504,0.693371425365928,0.6939640030638597,706.4
