,precision,recall,f1-score,support
accuracy,0.7157164869029276,0.7157164869029276,0.7157164869029276,0.7157164869029276
case,0.7636711698483598,0.7264554455445544,0.74356945164871,100.2
control,0.6617525030934082,0.7014012303485988,0.6798339175774547,76.4
macro avg,0.712711836470884,0.7139283379465766,0.7117016846130824,176.6
weighted avg,0.7195337798331298,0.7157164869029276,0.7160231569093781,176.6
