,precision,recall,f1-score,support
accuracy,0.6310873458855395,0.6310873458855395,0.6310873458855395,0.6310873458855395
case,0.7012640685579843,0.6122369077306733,0.6520001090560161,400.8
control,0.564756643675229,0.6557827065252331,0.6052651416039523,305.6
macro avg,0.6330103561166067,0.6340098071279532,0.6286326253299842,706.4
weighted avg,0.6422066403834894,0.6310873458855395,0.6317867985962307,706.4
