,precision,recall,f1-score,support
accuracy,0.5480868002054443,0.5480868002054443,0.5480868002054443,0.5480868002054443
case,0.6122509908093432,0.5611287128712872,0.5822662944064696,100.2
control,0.4810334382920417,0.5315105946684894,0.5020595089577261,76.4
macro avg,0.5466422145506924,0.5463196537698882,0.5421629016820979,176.6
weighted avg,0.5555217210379259,0.5480868002054443,0.5474708500964638,176.6
