,precision,recall,f1-score,support
accuracy,0.7214131449567458,0.7214131449567458,0.7214131449567458,0.7214131449567458
case,0.7650010564861891,0.7370261845386533,0.7483113723377238,400.8
control,0.6765890238505985,0.7008850316082718,0.685336574408039,305.6
macro avg,0.7207950401683938,0.7189556080734626,0.7168239733728814,706.4
weighted avg,0.726739600979273,0.7214131449567458,0.7210724135748243,706.4
