,precision,recall,f1-score,support
accuracy,0.4787330316742081,0.4787330316742081,0.4787330316742081,0.4787330316742081
case,0.5381522449932528,0.5504,0.5439191126975993,125.0
control,0.39709714318820344,0.38541666666666663,0.390767725305182,96.0
macro avg,0.4676246940907281,0.46790833333333326,0.46734341900139065,221.0
weighted avg,0.47687944058924947,0.4787330316742081,0.4773918131968207,221.0
