,precision,recall,f1-score,support
accuracy,0.7859591058255967,0.7859591058255967,0.7859591058255967,0.7859591058255967
case,0.8288497886481891,0.7849314214463841,0.8062538774037924,400.8
control,0.7362709422970617,0.7873116897032036,0.7608869095105674,305.6
macro avg,0.7825603654726254,0.7861215555747938,0.7835703934571798,706.4
weighted avg,0.788799892993306,0.7859591058255967,0.7866269891282651,706.4
