,precision,recall,f1-score,support
accuracy,0.7938859082185029,0.7938859082185029,0.7938859082185029,0.7938859082185029
case,0.8222791120342849,0.8123778054862842,0.8172556994903608,400.8
control,0.7578372842343625,0.7696389156755599,0.7636287094053544,305.6
macro avg,0.7900581981343238,0.791008360580922,0.7904422044478576,706.4
weighted avg,0.7944025106733994,0.7938859082185029,0.7940556175234118,706.4
