,precision,recall,f1-score,support
accuracy,0.7111517719568567,0.7111517719568567,0.7111517719568567,0.7111517719568567
case,0.7488592611516431,0.7424554455445544,0.744400282074926,100.2
control,0.6658021225349993,0.669958988380041,0.6661438319890268,76.4
macro avg,0.7073306918433212,0.7062072169622977,0.7052720570319765,176.6
weighted avg,0.7129082889672064,0.7111517719568567,0.7105654356660509,176.6
