,precision,recall,f1-score,support
accuracy,0.5798313906663835,0.5798313906663835,0.5798313906663835,0.5798313906663835
case,0.646068019593007,0.5733391521197008,0.6075142621404399,400.8
control,0.5127069451344803,0.588340297867781,0.5479074236732654,305.6
macro avg,0.5793874823637436,0.5808397249937409,0.5777108429068527,706.4
weighted avg,0.5883741412520394,0.5798313906663835,0.5817287679299175,706.4
