,precision,recall,f1-score,support
accuracy,0.5149321266968325,0.5149321266968325,0.5149321266968325,0.5149321266968325
case,0.5660572104238478,0.6032,0.5809386855835692,125.0
control,0.4380493852559386,0.4,0.41407275028217666,96.0
macro avg,0.5020532978398933,0.5016,0.4975057179328729,221.0
weighted avg,0.5104520013011362,0.5149321266968325,0.5084539354073987,221.0
