,precision,recall,f1-score,support
accuracy,0.5299242424242424,0.5299242424242424,0.5299242424242424,0.5299242424242424
case,0.5857845747887256,0.5806930693069307,0.5827384142463893,100.2
control,0.4586476676313337,0.4632262474367737,0.4603147319071132,76.4
macro avg,0.5222161212100296,0.5219596583718522,0.5215265730767513,176.6
weighted avg,0.5307860594392033,0.5299242424242424,0.5298022458699184,176.6
