,precision,recall,f1-score,support
accuracy,0.5095338983050848,0.5095338983050848,0.5095338983050848,0.5095338983050848
case,0.5762664249549899,0.519029702970297,0.5455880958374613,100.2
control,0.4398782913500459,0.4972658920027341,0.46631585865248687,76.4
macro avg,0.5080723581525179,0.5081477974865155,0.5059519772449741,176.6
weighted avg,0.5172819853709015,0.5095338983050848,0.5112631698251942,176.6
