,precision,recall,f1-score,support
accuracy,0.6350433343617647,0.6350433343617647,0.6350433343617647,0.6350433343617647
case,0.6963703879225939,0.6346882793017457,0.6626427480439949,400.8
control,0.5716417308985555,0.6354291224686597,0.6004232888266284,305.6
macro avg,0.6340060594105748,0.6350587008852026,0.6315330184353117,706.4
weighted avg,0.6424028927611695,0.6350433343617647,0.63573898022913,706.4
