,precision,recall,f1-score,support
accuracy,0.4995475113122172,0.4995475113122172,0.4995475113122172,0.4995475113122172
case,0.5622918959076542,0.5248,0.5388524251988036,125.0
control,0.4290345202267705,0.4666666666666667,0.44325208319497983,96.0
macro avg,0.4956632080672123,0.49573333333333325,0.4910522541968917,221.0
weighted avg,0.5044063390507997,0.4995475113122172,0.4973246748261019,221.0
