,precision,recall,f1-score,support
accuracy,0.7327105803800719,0.7327105803800719,0.7327105803800719,0.7327105803800719
case,0.7840545657667713,0.7346336633663366,0.7572647212558351,100.2
control,0.6774944745830822,0.7303144224196856,0.7012530316332632,76.4
macro avg,0.7307745201749267,0.7324740428930111,0.7292588764445492,176.6
weighted avg,0.7379947848087618,0.7327105803800719,0.7330264663653019,176.6
