,precision,recall,f1-score,support
accuracy,0.7061148931566568,0.7061148931566568,0.7061148931566568,0.7061148931566568
case,0.7487139095818933,0.7260374064837906,0.7369877752023741,400.8
control,0.6545875573026172,0.6799764277295617,0.6667582666376812,305.6
macro avg,0.7016507334422553,0.7030069171066762,0.7018730209200277,706.4
weighted avg,0.7079907835822967,0.7061148931566568,0.7066061583042023,706.4
