,precision,recall,f1-score,support
accuracy,0.490497737556561,0.490497737556561,0.490497737556561,0.490497737556561
case,0.5520530796636991,0.5152,0.5322738384855532,125.0
control,0.4222270781581126,0.4583333333333333,0.43876713635711573,96.0
macro avg,0.4871400789109058,0.4867666666666667,0.48552048742133447,221.0
weighted avg,0.49565807448480187,0.490497737556561,0.4916555425383587,221.0
