,precision,recall,f1-score,support
accuracy,0.6614406779661017,0.6614406779661017,0.6614406779661017,0.6614406779661017
case,0.7251063265020276,0.6487524752475248,0.682960963892836,100.2
control,0.5995505045736375,0.6778195488721804,0.6344410959741049,76.4
macro avg,0.6623284155378324,0.6632860120598526,0.6587010299334705,176.6
weighted avg,0.6707627455662782,0.6614406779661017,0.6620145018477224,176.6
