,precision,recall,f1-score,support
accuracy,0.5299627632254751,0.5299627632254751,0.5299627632254751,0.5299627632254751
case,0.5932054796466211,0.5591089108910892,0.5727797429600334,100.2
control,0.45829066770098503,0.4922077922077922,0.47189535142573813,76.4
macro avg,0.525748073673803,0.5256583515494406,0.5223375471928858,176.6
weighted avg,0.5348674589387514,0.5299627632254751,0.5290471641043731,176.6
