,precision,recall,f1-score,support
accuracy,0.49502262443438916,0.49502262443438916,0.49502262443438916,0.49502262443438916
case,0.5561747412379586,0.5344,0.544802661303265,125.0
control,0.4219985123377555,0.44375,0.4322991835086378,96.0
macro avg,0.48908662678785697,0.48907500000000004,0.4885509224059515,221.0
weighted avg,0.49789004452112834,0.49502262443438916,0.49593237230650383,221.0
