,precision,recall,f1-score,support
accuracy,0.5985246683308558,0.5985246683308558,0.5985246683308558,0.5985246683308558
case,0.6602400585617139,0.6022905236907731,0.6298964746964255,400.8
control,0.5323782882735847,0.5935904853744777,0.5612808498121479,305.6
macro avg,0.5963091734176492,0.5979405045326254,0.5955886622542866,706.4
weighted avg,0.6049257548350059,0.5985246683308558,0.6002116026634701,706.4
