,precision,recall,f1-score,support
accuracy,0.7400863882422236,0.7400863882422236,0.7400863882422236,0.7400863882422236
case,0.7904747248723087,0.7415249376558604,0.7630349850618974,400.8
control,0.6897435324632151,0.7382599378549234,0.709908174795834,305.6
macro avg,0.7401091286677619,0.7398924377553918,0.7364715799288658,706.4
weighted avg,0.7469103706794,0.7400863882422236,0.7400452108979788,706.4
