,precision,recall,f1-score,support
accuracy,0.5285067873303168,0.5285067873303168,0.5285067873303168,0.5285067873303168
case,0.5956921040666553,0.5168,0.5532486891225161,125.0
control,0.4639136077815323,0.54375,0.5004983712370954,96.0
macro avg,0.5298028559240938,0.530275,0.5268735301798058,221.0
weighted avg,0.5384489563590906,0.5285067873303168,0.5303345238872204,221.0
