,precision,recall,f1-score,support
accuracy,0.5357466063348417,0.5357466063348417,0.5357466063348417,0.5357466063348417
case,0.5925916393443623,0.5696,0.5797304959437637,125.0
control,0.46912693999849964,0.4916666666666667,0.47873925359359826,96.0
macro avg,0.530859289671431,0.5306333333333334,0.529234874768681,221.0
weighted avg,0.5389599147416346,0.5357466063348417,0.5358609970043254,221.0
