,precision,recall,f1-score,support
accuracy,0.5222072419106317,0.5222072419106317,0.5222072419106317,0.5222072419106317
case,0.5860071616635819,0.5432475247524752,0.559564309219252,100.2
control,0.45141692100928826,0.49538619275461376,0.46844156237204093,76.4
macro avg,0.5187120413364351,0.5193168587535445,0.5140029357956465,176.6
weighted avg,0.5277794574285225,0.5222072419106317,0.5199727783007653,176.6
