,precision,recall,f1-score,support
accuracy,0.8139880034138581,0.8139880034138581,0.8139880034138581,0.8139880034138581
case,0.8578602936711676,0.8058915211970075,0.8309467809431419,400.8
control,0.7643074230821296,0.8246223079395693,0.7931779460844479,305.6
macro avg,0.8110838583766486,0.8152569145682884,0.8120623635137949,706.4
weighted avg,0.8173921116899713,0.8139880034138581,0.8146062030326894,706.4
