,precision,recall,f1-score,support
accuracy,0.7587827426810477,0.7587827426810477,0.7587827426810477,0.7587827426810477
case,0.808766127595835,0.7545742574257426,0.7801087136957355,100.2
control,0.7043019725372666,0.7644907723855092,0.7324284127068033,76.4
macro avg,0.7565340500665508,0.7595325149056259,0.7562685632012693,176.6
weighted avg,0.7636219653450047,0.7587827426810477,0.7594656284088858,176.6
