,precision,recall,f1-score,support
accuracy,0.5167420814479639,0.5167420814479639,0.5167420814479639,0.5167420814479639
case,0.5726509053670343,0.5744,0.5733882139923816,125.0
control,0.4433916102840752,0.4416666666666667,0.4423445946966312,96.0
macro avg,0.5080212578255547,0.5080333333333333,0.5078664043445065,221.0
weighted avg,0.5165020713038485,0.5167420814479639,0.5164642888684357,221.0
