,precision,recall,f1-score,support
accuracy,0.8190871535555013,0.8190871535555013,0.8190871535555013,0.8190871535555013
case,0.8523276195569907,0.8238566084788029,0.837843273791077,400.8
control,0.7787572316040962,0.8128276009857494,0.7954180048883395,305.6
macro avg,0.8155424255805434,0.8183421047322762,0.8166306393397083,706.4
weighted avg,0.8204991224617872,0.8190871535555013,0.819489965076037,706.4
