,precision,recall,f1-score,support
accuracy,0.5747398535887583,0.5747398535887583,0.5747398535887583,0.5747398535887583
case,0.63855033604131,0.5768304239401496,0.6060737993214701,400.8
control,0.5077143632790653,0.571987570984678,0.5378910473179451,305.6
macro avg,0.5731323496601876,0.5744089974624138,0.5719824233197076,706.4
weighted avg,0.581948571400946,0.5747398535887583,0.5765790895347,706.4
