,precision,recall,f1-score,support
accuracy,0.7287673647979933,0.7287673647979933,0.7287673647979933,0.7287673647979933
case,0.7763639755906281,0.7404501246882793,0.754398395803974,400.8
control,0.6814509507335647,0.7133247615986285,0.6936395675364218,305.6
macro avg,0.7289074631620964,0.7268874431434539,0.724018981670198,706.4
weighted avg,0.7352786104004405,0.7287673647979933,0.7281272441322789,706.4
