,precision,recall,f1-score,support
accuracy,0.484700821777093,0.484700821777093,0.484700821777093,0.484700821777093
case,0.5499479773301481,0.4988316831683168,0.5220831328725986,100.2
control,0.4151831190900942,0.4659945317840054,0.43809404482099773,76.4
macro avg,0.4825655482101211,0.4824131074761612,0.4800885888467981,176.6
weighted avg,0.4916563096712319,0.484700821777093,0.48579046640687684,176.6
