,precision,recall,f1-score,support
accuracy,0.5265729327170006,0.5265729327170006,0.5265729327170006,0.5265729327170006
case,0.5856981442825134,0.5667524752475248,0.5756585066173263,100.2
control,0.4545190847768915,0.4737525632262474,0.463474160985743,76.4
macro avg,0.5201086145297025,0.5202525192368861,0.5195663338015347,176.6
weighted avg,0.5289479517068608,0.5265729327170006,0.5271524607550858,176.6
