,precision,recall,f1-score,support
accuracy,0.6288246631219172,0.6288246631219172,0.6288246631219172,0.6288246631219172
case,0.7040045349677893,0.6043291770573566,0.6456336024101944,400.8
control,0.5638998339287697,0.6610328940319297,0.6046590461332689,305.6
macro avg,0.6339521844482794,0.6326810355446432,0.6251463242717317,706.4
weighted avg,0.6434029050508372,0.6288246631219172,0.6278948608058866,706.4
