,precision,recall,f1-score,support
accuracy,0.5436504879301489,0.5436504879301489,0.5436504879301489,0.5436504879301489
case,0.6175907981426293,0.5187722772277228,0.5596054859508063,100.2
control,0.4769729471539481,0.575563909774436,0.5182353280394599,76.4
macro avg,0.5472818726482888,0.5471680935010795,0.538920406995133,176.6
weighted avg,0.5567494375842753,0.5436504879301489,0.5418604338614369,176.6
