,precision,recall,f1-score,support
accuracy,0.5131221719457014,0.5131221719457014,0.5131221719457014,0.5131221719457014
case,0.5685114658377627,0.5776,0.5729806828242585,125.0
control,0.43829305088963544,0.4291666666666667,0.43362633223406427,96.0
macro avg,0.503402258363699,0.5033833333333334,0.5033035075291614,221.0
weighted avg,0.5119460005209291,0.5131221719457014,0.5124466662782918,221.0
