,precision,recall,f1-score,support
accuracy,0.7825612751481542,0.7825612751481542,0.7825612751481542,0.7825612751481542
case,0.8210362308800114,0.788926433915212,0.8045862540371809,400.8
control,0.7366801928687365,0.7742055073395477,0.7548728361705589,305.6
macro avg,0.778858211874374,0.7815659706273799,0.7797295451038699,706.4
weighted avg,0.7845418819694439,0.7825612751481542,0.7830808197384946,706.4
