,precision,recall,f1-score,support
accuracy,0.5058823529411764,0.5058823529411764,0.5058823529411764,0.5058823529411764
case,0.5725233460498665,0.5104,0.5367553321263387,125.0
control,0.43755273380342663,0.5,0.46393721254119874,96.0
macro avg,0.5050380399266465,0.5052000000000001,0.5003462723337687,221.0
weighted avg,0.5138935778342184,0.5058823529411764,0.505123931763563,221.0
