,precision,recall,f1-score,support
accuracy,0.6987490533755925,0.6987490533755925,0.6987490533755925,0.6987490533755925
case,0.7472520065975276,0.7095810473815461,0.727611179137891,400.8
control,0.6428821073607006,0.6845580199292832,0.6626473400334725,305.6
macro avg,0.6950670569791141,0.6970695336554147,0.6951292595856817,706.4
weighted avg,0.7021037118339175,0.6987490533755925,0.6995053978990461,706.4
