,precision,recall,f1-score,support
accuracy,0.5076923076923077,0.5076923076923077,0.5076923076923077,0.5076923076923077
case,0.5637385117602249,0.5631999999999999,0.5599267827480248,125.0
control,0.43480556957040717,0.4354166666666667,0.4313929143668081,96.0
macro avg,0.49927204066531605,0.49930833333333335,0.49565984855741635,221.0
weighted avg,0.5077314418497159,0.5076923076923077,0.5040930661661387,221.0
