,precision,recall,f1-score,support
accuracy,0.6942154596815614,0.6942154596815614,0.6942154596815614,0.6942154596815614
case,0.7371271586645147,0.7183564356435643,0.7259168657764951,100.2
control,0.6465495679520474,0.6622693096377307,0.6517766303345957,76.4
macro avg,0.6918383633082811,0.6903128726406476,0.6888467480555452,176.6
weighted avg,0.6978882232694104,0.6942154596815614,0.6938792368171123,176.6
