,precision,recall,f1-score,support
accuracy,0.5140271493212669,0.5140271493212669,0.5140271493212669,0.5140271493212669
case,0.5680153262287936,0.5871999999999999,0.5764503759729556,125.0
control,0.4381693410268365,0.41875,0.42680338381716226,96.0
macro avg,0.503092333627815,0.502975,0.5016268798950588,221.0
weighted avg,0.5116116403492105,0.5140271493212669,0.5114453477061855,221.0
