,precision,recall,f1-score,support
accuracy,0.6115562403697996,0.6115562403697996,0.6115562403697996,0.6115562403697996
case,0.6611755714111739,0.6527722772277228,0.6541798113289788,100.2
control,0.5549360525828099,0.5578605604921394,0.5523169477581242,76.4
macro avg,0.6080558119969919,0.6053164188599311,0.6032483795435516,176.6
weighted avg,0.6152456266661132,0.6115562403697996,0.6100505028680233,176.6
