,precision,recall,f1-score,support
accuracy,0.4895927601809955,0.4895927601809955,0.4895927601809955,0.4895927601809955
case,0.5523026400323529,0.5088,0.529521680581424,125.0
control,0.42157222702164976,0.4645833333333333,0.44190014965877034,96.0
macro avg,0.4869374335270013,0.48669166666666663,0.4857109151200971,221.0
weighted avg,0.4955147683172963,0.4895927601809955,0.4914598390946604,221.0
