,precision,recall,f1-score,support
accuracy,0.7213662044170519,0.7213662044170519,0.7213662044170519,0.7213662044170519
case,0.7662485449069154,0.7343564356435643,0.7483644074054145,100.2
control,0.6728929436427081,0.7043062200956938,0.6861415208622132,76.4
macro avg,0.7195707442748117,0.7193313278696291,0.7172529641338139,176.6
weighted avg,0.7258543640873191,0.7213662044170519,0.7214481411920401,176.6
