,precision,recall,f1-score,support
accuracy,0.5167420814479637,0.5167420814479637,0.5167420814479637,0.5167420814479637
case,0.5695489388780006,0.5952,0.5818767914710364,125.0
control,0.44059539772992656,0.4145833333333333,0.426862280616354,96.0
macro avg,0.5050721683039636,0.5048916666666667,0.5043695360436953,221.0
weighted avg,0.513532921003724,0.5167420814479637,0.514540171371265,221.0
