,precision,recall,f1-score,support
accuracy,0.7870894454884583,0.7870894454884583,0.7870894454884583,0.7870894454884583
case,0.8260967304469355,0.7914114713216958,0.8083058608983136,400.8
control,0.7409238479306107,0.781427193828351,0.7605336156375613,305.6
macro avg,0.7835102891887732,0.7864193325750234,0.7844197382679374,706.4
weighted avg,0.7892509917270315,0.7870894454884583,0.7876382137259961,706.4
