,precision,recall,f1-score,support
accuracy,0.622778633795583,0.622778633795583,0.622778633795583,0.622778633795583
case,0.7049074587336783,0.5726930693069306,0.6300102984783469,100.2
control,0.5541463439464563,0.688755980861244,0.6129367167507311,76.4
macro avg,0.6295269013400673,0.6307245250840874,0.621473507614539,176.6
weighted avg,0.6397243638035027,0.622778633795583,0.6225803611664805,176.6
