,precision,recall,f1-score,support
accuracy,0.4805429864253393,0.4805429864253393,0.4805429864253393,0.4805429864253393
case,0.5400772244406393,0.5551999999999999,0.5467381548166057,125.0
control,0.39703219674922685,0.38333333333333336,0.3889585308653495,96.0
macro avg,0.4685547105949331,0.46926666666666667,0.46784834284097754,221.0
weighted avg,0.47794001784165474,0.4805429864253393,0.47820039961606,221.0
