,precision,recall,f1-score,support
accuracy,0.49411764705882355,0.49411764705882355,0.49411764705882355,0.49411764705882355
case,0.5501948193407193,0.5744,0.5619313452030804,125.0
control,0.4135555564993111,0.38958333333333334,0.4010623909848534,96.0
macro avg,0.48187518792001516,0.4819916666666667,0.48149686809396697,221.0
weighted avg,0.49084020742770934,0.49411764705882355,0.49205161848385054,221.0
