,precision,recall,f1-score,support
accuracy,0.6930534155110426,0.6930534155110426,0.6930534155110426,0.6930534155110426
case,0.7423381033228231,0.7024752475247524,0.7218098730666751,100.2
control,0.6361129360402155,0.6806561859193438,0.657574356109956,76.4
macro avg,0.6892255196815193,0.6915657167220481,0.6896921145883156,176.6
weighted avg,0.6963729006270555,0.6930534155110426,0.6940239385469813,176.6
