,precision,recall,f1-score,support
accuracy,0.5356060606060605,0.5356060606060605,0.5356060606060605,0.5356060606060605
case,0.5991623101817277,0.5407524752475248,0.5662721938307153,100.2
control,0.470624029086762,0.5287764866712236,0.4958021419910391,76.4
macro avg,0.5348931696342448,0.5347644809593741,0.5310371679108772,176.6
weighted avg,0.5435675577528929,0.5356060606060605,0.5358094273331492,176.6
