,precision,recall,f1-score,support
accuracy,0.6737609142270159,0.6737609142270159,0.6737609142270159,0.6737609142270159
case,0.7228248730547534,0.6904950495049504,0.7059706730664538,100.2
control,0.6164325279623092,0.6516746411483254,0.6331458836189405,76.4
macro avg,0.6696287005085313,0.6710848453266379,0.6695582783426972,176.6
weighted avg,0.6767799936683018,0.6737609142270159,0.6744865257768147,176.6
