,precision,recall,f1-score,support
accuracy,0.5040723981900452,0.5040723981900452,0.5040723981900452,0.5040723981900452
case,0.5680445949584706,0.5072,0.5351549009248212,125.0
control,0.43897432907485207,0.5,0.4668754095414448,96.0
macro avg,0.5035094620166614,0.5035999999999999,0.501015155233133,221.0
weighted avg,0.5119778731266725,0.5040723981900452,0.5054950313646215,221.0
