,precision,recall,f1-score,support
accuracy,0.7055471188559569,0.7055471188559569,0.7055471188559569,0.7055471188559569
case,0.7745646376672002,0.6821408977556109,0.7240274623721414,400.8
control,0.6392763596259472,0.7361812921890067,0.6831008655771499,305.6
macro avg,0.7069204986465737,0.7091610949723088,0.7035641639746457,706.4
weighted avg,0.7160268975666575,0.7055471188559569,0.7063306829747596,706.4
