,precision,recall,f1-score,support
accuracy,0.5330316742081448,0.5330316742081448,0.5330316742081448,0.5330316742081448
case,0.5870338968397176,0.5871999999999999,0.586946309934598,125.0
control,0.4628866968148328,0.4625,0.46246781966375067,96.0
macro avg,0.5249602968272752,0.52485,0.5247070647991743,221.0
weighted avg,0.5331057013537948,0.5330316742081448,0.5328742055635513,221.0
