,precision,recall,f1-score,support
accuracy,0.7678307976487653,0.7678307976487653,0.7678307976487653,0.7678307976487653
case,0.8159395511332811,0.7629663341645886,0.7885380538291746,400.8
control,0.7135376989321071,0.7742055073395478,0.7426028912787288,305.6
macro avg,0.7647386250326941,0.7685859207520682,0.7655704725539517,706.4
weighted avg,0.7716380548762144,0.7678307976487653,0.7686664561283126,706.4
