,precision,recall,f1-score,support
accuracy,0.6005124794146756,0.6005124794146756,0.6005124794146756,0.6005124794146756
case,0.6623359046977944,0.6032955112219451,0.6313873557299743,400.8
control,0.5344943872181286,0.5968584592306868,0.5639048016279704,305.6
macro avg,0.5984151459579615,0.6000769852263159,0.5976460786789725,706.4
weighted avg,0.6070296597156123,0.6005124794146756,0.6021942091395316,706.4
