,precision,recall,f1-score,support
accuracy,0.7681160872056448,0.7681160872056448,0.7681160872056448,0.7681160872056448
case,0.8156573796089349,0.7644588528678303,0.7890501532010966,400.8
control,0.7146640383616886,0.7728983177970641,0.7424224883282626,305.6
macro avg,0.7651607089853117,0.7686785853324473,0.7657363207646797,706.4
weighted avg,0.7719617594682916,0.7681160872056448,0.7688791910605512,706.4
