,precision,recall,f1-score,support
accuracy,0.4615384615384615,0.4615384615384615,0.4615384615384615,0.4615384615384615
case,0.5267361062506823,0.472,0.49779728041871063,125.0
control,0.39449735449735446,0.4479166666666667,0.4194502600121564,96.0
macro avg,0.4606167303740184,0.45995833333333336,0.45862377021543355,221.0
weighted avg,0.4692930285659789,0.4615384615384615,0.4637641855814745,221.0
