,precision,recall,f1-score,support
accuracy,0.5322932717000514,0.5322932717000514,0.5322932717000514,0.5322932717000514
case,0.5901342196419102,0.5728514851485149,0.5812397248658495,100.2
control,0.46161953072522177,0.47901572112098423,0.4699992907339456,76.4
macro avg,0.525876875183566,0.5259336031347496,0.5256195077998976,176.6
weighted avg,0.5345441484202265,0.5322932717000514,0.5331373338177772,176.6
