,precision,recall,f1-score,support
accuracy,0.4714932126696832,0.4714932126696832,0.4714932126696832,0.4714932126696832
case,0.539735202909277,0.43360000000000004,0.47985601593215754,125.0
control,0.4146128191281592,0.5208333333333333,0.46092370301286156,96.0
macro avg,0.47717401101871804,0.4772166666666666,0.47038985947250955,221.0
weighted avg,0.48538339818987736,0.4714932126696832,0.47163202479979366,221.0
