,precision,recall,f1-score,support
accuracy,0.6874272251183029,0.6874272251183029,0.6874272251183029,0.6874272251183029
case,0.72501919977793,0.7240311720698255,0.7242876214318654,400.8
control,0.6388918045237777,0.6393785492339012,0.6388060560617485,305.6
macro avg,0.6819555021508539,0.6817048606518633,0.6815468387468069,706.4
weighted avg,0.6877531086211938,0.6874272251183029,0.687312955050304,706.4
