,precision,recall,f1-score,support
accuracy,0.6251423442627548,0.6251423442627548,0.6251423442627548,0.6251423442627548
case,0.7042572544295373,0.5888453865336658,0.6398548984141204,400.8
control,0.5555588905166184,0.6727097396335584,0.6074333665862053,305.6
macro avg,0.6299080724730779,0.6307775630836121,0.6236441325001628,706.4
weighted avg,0.639924760317734,0.6251423442627548,0.6258352548179933,706.4
