,precision,recall,f1-score,support
accuracy,0.5435798664612224,0.5435798664612224,0.5435798664612224,0.5435798664612224
case,0.603030030768959,0.5707722772277227,0.585769447838404,100.2
control,0.4750154929189698,0.5076896787423102,0.4900960956284074,76.4
macro avg,0.5390227618439644,0.5392309779850166,0.5379327717334057,176.6
weighted avg,0.5476476294597015,0.5435798664612224,0.5444278801609597,176.6
