,precision,recall,f1-score,support
accuracy,0.48235294117647054,0.48235294117647054,0.48235294117647054,0.48235294117647054
case,0.5449039950290018,0.5088,0.5260975169171258,125.0
control,0.4125536385190564,0.4479166666666667,0.42936430822820554,96.0
macro avg,0.4787288167740291,0.47835833333333333,0.47773091257266564,221.0
weighted avg,0.48741243745002094,0.48235294117647054,0.48407766155904275,221.0
