,precision,recall,f1-score,support
accuracy,0.7800201145165103,0.7800201145165103,0.7800201145165103,0.7800201145165103
case,0.8222280833932396,0.7814438902743142,0.8012765621415481,400.8
control,0.730721554159158,0.7781420765027323,0.7536346586194294,305.6
macro avg,0.7764748187761988,0.7797929833885233,0.7774556103804886,706.4
weighted avg,0.7826388269435671,0.7800201145165103,0.780667170447788,706.4
