,precision,recall,f1-score,support
accuracy,0.497737556561086,0.497737556561086,0.497737556561086,0.497737556561086
case,0.5590107319930399,0.5216000000000001,0.5393344116582911,125.0
control,0.42975524031221524,0.4666666666666667,0.44710167575326054,96.0
macro avg,0.49438298615262755,0.49413333333333326,0.49321804370577577,221.0
weighted avg,0.5028635500864372,0.497737556561086,0.49926951280361714,221.0
