,precision,recall,f1-score,support
accuracy,0.48597285067873297,0.48597285067873297,0.48597285067873297,0.48597285067873297
case,0.5529831722872032,0.48319999999999996,0.5140376244106197,125.0
control,0.42001168348637563,0.4895833333333333,0.45066864205007306,96.0
macro avg,0.4864974278867894,0.48639166666666667,0.4823531332303464,221.0
weighted avg,0.4952218015863913,0.48597285067873297,0.4865108266431425,221.0
