,precision,recall,f1-score,support
accuracy,0.6228877760657422,0.6228877760657422,0.6228877760657422,0.6228877760657422
case,0.685775899574383,0.6206138613861386,0.6498500547899118,100.2
control,0.5594889434889435,0.6254613807245386,0.5889450897641747,76.4
macro avg,0.6226324215316633,0.6230376210553386,0.6193975722770432,176.6
weighted avg,0.6310967883348401,0.6228877760657422,0.6235672456980702,176.6
