,precision,recall,f1-score,support
accuracy,0.5017526964560863,0.5017526964560863,0.5017526964560863,0.5017526964560863
case,0.5666671873372904,0.5330297029702971,0.5485490560537315,100.2
control,0.4259025225705491,0.46097060833902936,0.4419101904298546,76.4
macro avg,0.4962848549539197,0.49700015565466316,0.4952296232417931,176.6
weighted avg,0.5057616345259405,0.5017526964560863,0.502359624390849,176.6
