,precision,recall,f1-score,support
accuracy,0.5164355418592707,0.5164355418592707,0.5164355418592707,0.5164355418592707
case,0.5763829787234043,0.5448118811881189,0.5584971194747494,100.2
control,0.4486386292660007,0.47881066302118935,0.4613217929468802,76.4
macro avg,0.5125108039947024,0.511811272104654,0.5099094562108147,176.6
weighted avg,0.5211173604382312,0.5164355418592707,0.5165451781251242,176.6
