,precision,recall,f1-score,support
accuracy,0.4620441705187468,0.4620441705187468,0.4620441705187468,0.4620441705187468
case,0.5311148631209839,0.4591881188118812,0.4912865889889944,100.2
control,0.3948364614482305,0.46589200273410797,0.4264270783064287,76.4
macro avg,0.4629756622846072,0.46254006077299453,0.4588568336477115,176.6
weighted avg,0.4721577708237633,0.4620441705187468,0.4632049994991664,176.6
