,precision,recall,f1-score,support
accuracy,0.7134951206985105,0.7134951206985105,0.7134951206985105,0.7134951206985105
case,0.7523926046208654,0.7385742574257426,0.7452185413742585,100.2
control,0.6651546325224528,0.6806561859193438,0.6725202695963179,76.4
macro avg,0.7087736185716591,0.7096152216725432,0.7088694054852882,176.6
weighted avg,0.7146706219466263,0.7134951206985105,0.7137660994128983,176.6
