,precision,recall,f1-score,support
accuracy,0.7032742681047766,0.7032742681047766,0.7032742681047766,0.7032742681047766
case,0.7349084537521403,0.7484752475247525,0.7409385946777445,100.2
control,0.6621975308641975,0.6440533151059467,0.6517684369135013,76.4
macro avg,0.6985529923081689,0.6962642813153496,0.696353515795623,176.6
weighted avg,0.7034721145192685,0.7032742681047766,0.7023576473904176,176.6
