,precision,recall,f1-score,support
accuracy,0.4751131221719457,0.4751131221719457,0.4751131221719457,0.4751131221719457
case,0.5378078798854787,0.4976,0.5164450103823377,125.0
control,0.4065396904853492,0.4458333333333333,0.42480215253661624,96.0
macro avg,0.4721737851854139,0.4717166666666667,0.47062358145947697,221.0
weighted avg,0.4807864039469609,0.4751131221719457,0.47663634815071204,221.0
