,precision,recall,f1-score,support
accuracy,0.7684037808880039,0.7684037808880039,0.7684037808880039,0.7684037808880039
case,0.8117199715097385,0.7709563591022444,0.7906809362842833,400.8
control,0.7181730129594021,0.7650316082717239,0.7406909532589038,305.6
macro avg,0.7649464922345703,0.7679939836869842,0.7656859447715936,706.4
weighted avg,0.77124550275061,0.7684037808880039,0.7690574153493044,706.4
