,precision,recall,f1-score,support
accuracy,0.7103657876916789,0.7103657876916789,0.7103657876916789,0.7103657876916789
case,0.7510192837186012,0.732998753117207,0.7410024111231713,400.8
control,0.6627147303753008,0.6806257366334512,0.6703903637738098,305.6
macro avg,0.706867007046951,0.7068122448753291,0.7056963874484905,706.4
weighted avg,0.7128066499159302,0.7103657876916789,0.7104612500375262,706.4
