,precision,recall,f1-score,support
accuracy,0.49592760180995477,0.49592760180995477,0.49592760180995477,0.49592760180995477
case,0.5553741877348564,0.5472,0.5509594731013495,125.0
control,0.42083825557796517,0.4291666666666667,0.4246075976020477,96.0
macro avg,0.4881062216564108,0.4881833333333333,0.48778353535169855,221.0
weighted avg,0.49693323982960047,0.49592760180995477,0.496073590531517,221.0
