,precision,recall,f1-score,support
accuracy,0.5085972850678733,0.5085972850678733,0.5085972850678733,0.5085972850678733
case,0.5650667103996792,0.5456,0.5524376072474368,125.0
control,0.4418839205130515,0.4604166666666667,0.4478728559893681,96.0
macro avg,0.5034753154563653,0.5030083333333334,0.5001552316184024,221.0
weighted avg,0.5115574442045829,0.5085972850678733,0.5070158148457418,221.0
