,precision,recall,f1-score,support
accuracy,0.7253643251820123,0.7253643251820123,0.7253643251820123,0.7253643251820123
case,0.7846983330814072,0.7135947630922693,0.7460208593058562,400.8
control,0.6658273296710322,0.7408700310725382,0.6997359093064223,305.6
macro avg,0.7252628313762197,0.7272323970824038,0.7228783843061392,706.4
weighted avg,0.7332875027075723,0.7253643251820123,0.7259896406553601,706.4
