,precision,recall,f1-score,support
accuracy,0.6378806031149452,0.6378806031149452,0.6378806031149452,0.6378806031149452
case,0.6922440367936868,0.6532157107231921,0.6709003283080974,400.8
control,0.5776482920139971,0.6178527804564449,0.5955935473157291,305.6
macro avg,0.6349461644038421,0.6355342455898184,0.6332469378119133,706.4
weighted avg,0.6426792435833606,0.6378806031149452,0.6383088229950138,706.4
