,precision,recall,f1-score,support
accuracy,0.5826758717960019,0.5826758717960019,0.5826758717960019,0.5826758717960019
case,0.6484622386535117,0.5773628428927682,0.6107630289315591,400.8
control,0.5156586280891172,0.5896689167470267,0.5501022040225676,305.6
macro avg,0.5820604333713144,0.5835158798198974,0.5804326164770633,706.4
weighted avg,0.5910120652363563,0.5826758717960019,0.5845162380008024,706.4
