,precision,recall,f1-score,support
accuracy,0.4892205957883924,0.4892205957883924,0.4892205957883924,0.4892205957883924
case,0.5556555553043946,0.4988712871287128,0.5248517977511187,100.2
control,0.41967399582636683,0.4763841421736158,0.445389216074092,76.4
macro avg,0.48766477556538074,0.4876277146511644,0.4851205069126053,176.6
weighted avg,0.4968425225489863,0.4892205957883924,0.49052111707118196,176.6
