,precision,recall,f1-score,support
accuracy,0.6126733436055469,0.6126733436055469,0.6126733436055469,0.6126733436055469
case,0.6737391307886054,0.6164554455445544,0.6415640031110426,100.2
control,0.5515310066315291,0.6073137388926864,0.5752357398376235,76.4
macro avg,0.6126350687100672,0.6118845922186203,0.608399871474333,176.6
weighted avg,0.6208172389922763,0.6126733436055469,0.6129301567135409,176.6
