,precision,recall,f1-score,support
accuracy,0.7041362978871744,0.7041362978871744,0.7041362978871744,0.7041362978871744
case,0.754641297586004,0.7090922693266833,0.7310226769902365,400.8
control,0.6468593664626219,0.6976406300225009,0.6711259218876258,305.6
macro avg,0.7007503320243129,0.703366449674592,0.7010742994389311,706.4
weighted avg,0.7080145399054565,0.7041362978871744,0.7051102115966172,706.4
