,precision,recall,f1-score,support
accuracy,0.7293464304057524,0.7293464304057524,0.7293464304057524,0.7293464304057524
case,0.7759487480378929,0.7365148514851485,0.7552068128724424,100.2
control,0.6762237515486154,0.7198564593301435,0.6967260307354598,76.4
macro avg,0.7260862497932543,0.728185655407646,0.7259664218039511,176.6
weighted avg,0.7327994109474032,0.7293464304057524,0.7299227434336739,176.6
