,precision,recall,f1-score,support
accuracy,0.4868778280542987,0.4868778280542987,0.4868778280542987,0.4868778280542987
case,0.5466601885129679,0.5327999999999999,0.5384487377348075,125.0
control,0.413626759889303,0.4270833333333333,0.41889268189720896,96.0
macro avg,0.4801434742011354,0.47994166666666666,0.4786707098160082,221.0
weighted avg,0.488871911825765,0.4868778280542987,0.4865148854252624,221.0
