,precision,recall,f1-score,support
accuracy,0.5131221719457013,0.5131221719457013,0.5131221719457013,0.5131221719457013
case,0.5762545315335362,0.5264,0.5500478588634581,125.0
control,0.44564043374602463,0.4958333333333333,0.46925641740760626,96.0
macro avg,0.5109474826397805,0.5111166666666667,0.5096521381355321,221.0
weighted avg,0.5195171858882823,0.5131221719457013,0.5149529340681559,221.0
