,precision,recall,f1-score,support
accuracy,0.5257918552036199,0.5257918552036199,0.5257918552036199,0.5257918552036199
case,0.5742890483397208,0.624,0.5980621270007431,125.0
control,0.4486255422116746,0.3979166666666667,0.4216586084215234,96.0
macro avg,0.5114572952756977,0.5109583333333333,0.5098603677111333,221.0
weighted avg,0.5197021859492573,0.5257918552036199,0.5214343542242494,221.0
