,precision,recall,f1-score,support
accuracy,0.5733298339951356,0.5733298339951356,0.5733298339951356,0.5733298339951356
case,0.6402232426743529,0.5663753117206982,0.6009769019832222,400.8
control,0.505976318677169,0.5824665166613092,0.5414752912171614,305.6
macro avg,0.573099780675761,0.5744209141910038,0.5712260966001919,706.4
weighted avg,0.5821474694560365,0.5733298339951356,0.5752329844125049,706.4
