,precision,recall,f1-score,support
accuracy,0.8108682499168574,0.8108682499168574,0.8108682499168574,0.8108682499168574
case,0.8519630425273197,0.8068790523690772,0.8287664099445401,400.8
control,0.7633035551844338,0.8160998607093111,0.7887637549326135,305.6
macro avg,0.8076332988558768,0.8114894565391942,0.8087650824385767,706.4
weighted avg,0.8136074838751034,0.8108682499168574,0.8114606616871219,706.4
