,precision,recall,f1-score,support
accuracy,0.5203619909502263,0.5203619909502263,0.5203619909502263,0.5203619909502263
case,0.5741015466989305,0.5856,0.576807246870746,125.0
control,0.4475249011093759,0.4354166666666667,0.4374469770316658,96.0
macro avg,0.5108132239041533,0.5105083333333333,0.5071271119512059,221.0
weighted avg,0.5191180264428344,0.5203619909502263,0.5162706590673446,221.0
