,precision,recall,f1-score,support
accuracy,0.5198189522342065,0.5198189522342065,0.5198189522342065,0.5198189522342065
case,0.5829781294368528,0.5410297029702971,0.5607910019778495,100.2
control,0.44975085076577515,0.4921736158578264,0.46956804346589287,76.4
macro avg,0.5163644901013139,0.5166016594140617,0.5151795227218712,176.6
weighted avg,0.5253540524925675,0.5198189522342065,0.5212953821306006,176.6
