,precision,recall,f1-score,support
accuracy,0.5149321266968326,0.5149321266968326,0.5149321266968326,0.5149321266968326
case,0.5882148312392215,0.46719999999999995,0.5172234224380831,125.0
control,0.45536799429553987,0.5770833333333333,0.5067444542986774,96.0
macro avg,0.5217914127673807,0.5221416666666666,0.5119839383683803,221.0
weighted avg,0.5305076079514685,0.5149321266968326,0.5126714724770742,221.0
