,precision,recall,f1-score,support
accuracy,0.7231004403556504,0.7231004403556504,0.7231004403556504,0.7231004403556504
case,0.7654299553147259,0.7410523690773068,0.7509234249930096,400.8
control,0.6779664419096285,0.6996164148719597,0.6858765593667767,305.6
macro avg,0.7216981986121772,0.7203343919746332,0.7183999921798931,706.4
weighted avg,0.7276048429343293,0.7231004403556504,0.7227765136034042,706.4
