,precision,recall,f1-score,support
accuracy,0.5118579866461223,0.5118579866461223,0.5118579866461223,0.5118579866461223
case,0.5855306332460448,0.480970297029703,0.5271160803741186,100.2
control,0.4477374377643919,0.552323991797676,0.4938855030369561,76.4
macro avg,0.5166340355052184,0.5166471444136895,0.5105007917055374,176.6
weighted avg,0.5259275091567938,0.5118579866461223,0.5127535479229083,176.6
