,precision,recall,f1-score,support
accuracy,0.5710407239819004,0.5710407239819004,0.5710407239819004,0.5710407239819004
case,0.6119924001535325,0.6592,0.6346326956709054,125.0
control,0.5075898729809579,0.45625,0.4803912881547202,96.0
macro avg,0.5597911365672452,0.557725,0.5575119919128129,221.0
weighted avg,0.5666410761328666,0.5710407239819004,0.5676319032656847,221.0
