,precision,recall,f1-score,support
accuracy,0.6268432630393755,0.6268432630393755,0.6268432630393755,0.6268432630393755
case,0.7149973650148721,0.5733740648379053,0.6345711017411684,400.8
control,0.5553061606953049,0.697019179256402,0.6169394307806924,305.6
macro avg,0.6351517628550885,0.6351966220471537,0.6257552662609303,706.4
weighted avg,0.6459189013290977,0.6268432630393755,0.626935787413354,706.4
