,precision,recall,f1-score,support
accuracy,0.8074736247400539,0.8074736247400539,0.8074736247400539,0.8074736247400539
case,0.8376962910765355,0.8198466334164589,0.8284805834508809,400.8
control,0.7705056245743407,0.7912461159327119,0.7804429123453656,305.6
macro avg,0.8041009578254382,0.8055463746745855,0.8044617478981232,706.4
weighted avg,0.8086275365814763,0.8074736247400539,0.8076982234900321,706.4
