,precision,recall,f1-score,support
accuracy,0.7055341551104263,0.7055341551104263,0.7055341551104263,0.7055341551104263
case,0.7501667286230227,0.7225346534653465,0.7354618206975221,100.2
control,0.6535817209853294,0.6831852358168147,0.6672291683437013,76.4
macro avg,0.701874224804176,0.7028599446410807,0.7013454945206117,176.6
weighted avg,0.7084030113909457,0.7055341551104263,0.705965000551617,176.6
