,precision,recall,f1-score,support
accuracy,0.7383281972265023,0.7383281972265023,0.7383281972265023,0.7383281972265023
case,0.7827120946350646,0.7444554455445545,0.762447209436727,100.2
control,0.6888644270493586,0.7303485987696514,0.7081339628435437,76.4
macro avg,0.7357882608422115,0.7374020221571029,0.7352905861401353,176.6
weighted avg,0.742139913654553,0.7383281972265023,0.7389521143102494,176.6
