,precision,recall,f1-score,support
accuracy,0.5167420814479639,0.5167420814479639,0.5167420814479639,0.5167420814479639
case,0.5705629441022193,0.5888,0.579520674407605,125.0
control,0.44126634342981214,0.4229166666666667,0.4318713083264697,96.0
macro avg,0.5059146437660157,0.5058583333333333,0.5056959913670374,221.0
weighted avg,0.5143979048961057,0.5167420814479639,0.5153833932139896,221.0
