,precision,recall,f1-score,support
accuracy,0.4760180995475113,0.4760180995475113,0.4760180995475113,0.4760180995475113
case,0.5422659628082463,0.4704,0.5036207050406973,125.0
control,0.41217333889352237,0.4833333333333333,0.4447982827724717,96.0
macro avg,0.4772196508508843,0.47686666666666666,0.4742094939065845,221.0
weighted avg,0.48575513975026674,0.4760180995475113,0.4780688836029161,221.0
