,precision,recall,f1-score,support
accuracy,0.7197002055527285,0.7197002055527285,0.7197002055527285,0.7197002055527285
case,0.7778194955902621,0.7085785536159601,0.7409228592528437,400.8
control,0.6591872403859821,0.734301939354977,0.6940490486467974,305.6
macro avg,0.7185033679881221,0.7214402464854686,0.7174859539498206,706.4
weighted avg,0.7265007357854948,0.7197002055527285,0.7206428756992977,706.4
