,precision,recall,f1-score,support
accuracy,0.7913351310849418,0.7913351310849418,0.7913351310849418,0.7913351310849418
case,0.8306345992047793,0.7944077306733167,0.8120627660933872,400.8
control,0.7448645925206472,0.7873288331726134,0.7654356339464764,305.6
macro avg,0.7877495958627133,0.790868281922965,0.7887492000199317,706.4
weighted avg,0.7935339000905104,0.7913351310849418,0.7918884991845788,706.4
