,precision,recall,f1-score,support
accuracy,0.5617167437082691,0.5617167437082691,0.5617167437082691,0.5617167437082691
case,0.6228307744333758,0.579049504950495,0.5983340042409072,100.2
control,0.4949511305579314,0.5393711551606288,0.5142199906375425,76.4
macro avg,0.5588909524956536,0.559210330055562,0.5562769974392248,176.6
weighted avg,0.5675316539206852,0.5617167437082691,0.5618729428906996,176.6
