,precision,recall,f1-score,support
accuracy,0.7021661170568696,0.7021661170568696,0.7021661170568696,0.7021661170568696
case,0.7621079202244789,0.6901259351620948,0.7239246588414365,400.8
control,0.6397854799826549,0.7179556412729026,0.6762354304079363,305.6
macro avg,0.7009467001035669,0.7040407882174986,0.7000800446246864,706.4
weighted avg,0.7091879557939761,0.7021661170568696,0.7032931887695157,706.4
