,precision,recall,f1-score,support
accuracy,0.599662621057735,0.599662621057735,0.599662621057735,0.599662621057735
case,0.6611627503119794,0.604285536159601,0.6313773533489733,400.8
control,0.5334764605485167,0.5936033429765348,0.5618650847834525,305.6
macro avg,0.5973196054302481,0.5989444395680679,0.5966212190662128,706.4
weighted avg,0.6059239189175127,0.599662621057735,0.6013045825608122,706.4
