,precision,recall,f1-score,support
accuracy,0.6058359013867489,0.6058359013867489,0.6058359013867489,0.6058359013867489
case,0.665952685796752,0.6166336633663366,0.639455591009034,100.2
control,0.5400473635574047,0.5913875598086125,0.5636032171129134,76.4
macro avg,0.6030000246770784,0.6040106115874745,0.6015294040609738,176.6
weighted avg,0.611461298403969,0.6058359013867489,0.606690982655558,176.6
