,precision,recall,f1-score,support
accuracy,0.497737556561086,0.497737556561086,0.497737556561086,0.497737556561086
case,0.5656771286239207,0.4768,0.5156489927692781,125.0
control,0.4352019118398309,0.525,0.47462807413766417,96.0
macro avg,0.5004395202318758,0.5009,0.49513853345347114,221.0
weighted avg,0.5090001113783432,0.497737556561086,0.49782995119174445,221.0
