,precision,recall,f1-score,support
accuracy,0.5185520361990951,0.5185520361990951,0.5185520361990951,0.5185520361990951
case,0.5804743003401722,0.5344,0.5552431071224626,125.0
control,0.4517969696969697,0.4979166666666667,0.47259736232058175,96.0
macro avg,0.516135635018571,0.5161583333333333,0.5139202347215222,221.0
weighted avg,0.5245782653096407,0.5185520361990951,0.5193426930908763,221.0
