,precision,recall,f1-score,support
accuracy,0.7190934771443246,0.7190934771443246,0.7190934771443246,0.7190934771443246
case,0.766577299904682,0.7264950495049505,0.7454948964823868,100.2
control,0.6650762189617612,0.7092959671907041,0.6859061214519058,76.4
macro avg,0.7158267594332216,0.7178955083478272,0.7157005089671462,176.6
weighted avg,0.7226584586967049,0.7190934771443246,0.7197313278248009,176.6
