,precision,recall,f1-score,support
accuracy,0.6426912581990696,0.6426912581990696,0.6426912581990696,0.6426912581990696
case,0.7112516747785811,0.6242169576059851,0.6641045784846128,400.8
control,0.5758464692052014,0.6668552448301724,0.6173877337516556,305.6
macro avg,0.6435490719918913,0.6455361012180788,0.6407461561181342,706.4
weighted avg,0.6526659348799908,0.6426912581990696,0.6439047031160259,706.4
