,precision,recall,f1-score,support
accuracy,0.5379943502824859,0.5379943502824859,0.5379943502824859,0.5379943502824859
case,0.611054228979041,0.5211089108910891,0.5599258099605302,100.2
control,0.47085393524363023,0.560663021189337,0.5098413641858834,76.4
macro avg,0.5409540821113357,0.540885966040213,0.5348835870732069,176.6
weighted avg,0.5504275192449597,0.5379943502824859,0.538157378322311,176.6
