,precision,recall,f1-score,support
accuracy,0.7904820672273621,0.7904820672273621,0.7904820672273621,0.7904820672273621
case,0.8360681435734119,0.7844164588528678,0.8093629236557724,400.8
control,0.7388259570980844,0.798435658416372,0.7674059777389168,305.6
macro avg,0.7874470503357481,0.7914260586346199,0.7883844506973446,706.4
weighted avg,0.7939988469379428,0.7904820672273621,0.7912116257969628,706.4
