,precision,recall,f1-score,support
accuracy,0.5220980996404725,0.5220980996404725,0.5220980996404725,0.5220980996404725
case,0.5902094546737635,0.530970297029703,0.5578207276282787,100.2
control,0.4502913620679755,0.5108339029391661,0.47750053223511857,76.4
macro avg,0.5202504083708696,0.5209020999844346,0.5176606299316987,176.6
weighted avg,0.5296848943002835,0.5220980996404725,0.522995888677714,176.6
