,precision,recall,f1-score,support
accuracy,0.5393665158371042,0.5393665158371042,0.5393665158371042,0.5393665158371042
case,0.586321608671437,0.6288,0.6067196837908652,125.0
control,0.4673262051419046,0.4229166666666667,0.4438470567300362,96.0
macro avg,0.5268239069066708,0.5258583333333334,0.5252833702604507,221.0
weighted avg,0.534631297635984,0.5393665158371042,0.5359695833481521,221.0
