,precision,recall,f1-score,support
accuracy,0.5158371040723981,0.5158371040723981,0.5158371040723981,0.5158371040723981
case,0.5803746476103478,0.5216000000000001,0.5491253147813432,125.0
control,0.4491090644410849,0.5083333333333333,0.4766239673259566,96.0
macro avg,0.5147418560257164,0.5149666666666667,0.5128746410536499,221.0
weighted avg,0.5233543037902156,0.5158371040723981,0.517631516791673,221.0
