,precision,recall,f1-score,support
accuracy,0.48473292244478683,0.48473292244478683,0.48473292244478683,0.48473292244478683
case,0.5507340680092222,0.502970297029703,0.5244345793603712,100.2
control,0.4124463645954104,0.4603896103896103,0.4338202379639492,76.4
macro avg,0.48159021630231624,0.48167995370965666,0.4791274086621602,176.6
weighted avg,0.4909275641897744,0.48473292244478683,0.4853345523397169,176.6
