,precision,recall,f1-score,support
accuracy,0.4723981900452488,0.4723981900452488,0.4723981900452488,0.4723981900452488
case,0.5342129537956662,0.5136000000000001,0.523311741603611,125.0
control,0.3989027189027189,0.41875,0.4081469003938862,96.0
macro avg,0.46655783634919257,0.46617499999999995,0.46572932099874864,221.0
weighted avg,0.475435657190585,0.4723981900452488,0.4732853852410156,221.0
