,precision,recall,f1-score,support
accuracy,0.621738572162301,0.621738572162301,0.621738572162301,0.621738572162301
case,0.6619169213579151,0.6804950495049505,0.6703234596091738,100.2
control,0.5675747953064024,0.5443267259056733,0.5543733356474138,76.4
macro avg,0.6147458583321589,0.6124108877053119,0.6123483976282939,176.6
weighted avg,0.6210699671387985,0.621738572162301,0.6202228696903646,176.6
