,precision,recall,f1-score,support
accuracy,0.6401428851909877,0.6401428851909877,0.6401428851909877,0.6401428851909877
case,0.7035917881906155,0.6322418952618454,0.6658676215856593,400.8
control,0.5743930381717504,0.6505346619522125,0.6099521582992582,305.6
macro avg,0.6389924131811828,0.641388278607029,0.6379098899424587,706.4
weighted avg,0.647702541961958,0.6401428851909877,0.6416734868143236,706.4
