,precision,recall,f1-score,support
accuracy,0.47330316742081446,0.47330316742081446,0.47330316742081446,0.47330316742081446
case,0.5386707689039635,0.47680000000000006,0.5057421632724666,125.0
control,0.40776384455090026,0.46875,0.4360410902880041,96.0
macro avg,0.4732173067274319,0.47277500000000006,0.47089162678023533,221.0
weighted avg,0.48180622257865097,0.47330316742081446,0.4754647741027453,221.0
