,precision,recall,f1-score,support
accuracy,0.4787330316742081,0.4787330316742081,0.4787330316742081,0.4787330316742081
case,0.5407091866460215,0.5328,0.5357740276543588,125.0
control,0.3996893898821227,0.4083333333333333,0.4028132768564901,96.0
macro avg,0.4701992882640721,0.4705666666666667,0.4692936522554244,221.0
weighted avg,0.4794517183684908,0.4787330316742081,0.4780173214254203,221.0
