,precision,recall,f1-score,support
accuracy,0.6908384694401644,0.6908384694401644,0.6908384694401644,0.6908384694401644
case,0.7339868303600546,0.7125742574257427,0.7223863574084446,100.2
control,0.640426098695645,0.6621667805878333,0.6501451377230433,76.4
macro avg,0.6872064645278498,0.6873705190067879,0.6862657475657439,176.6
weighted avg,0.6934990696676162,0.6908384694401644,0.6911631778636822,176.6
