,precision,recall,f1-score,support
accuracy,0.48325791855203615,0.48325791855203615,0.48325791855203615,0.48325791855203615
case,0.546638579970315,0.5072,0.5261142841350601,125.0
control,0.4132120849990678,0.4520833333333333,0.43170657162988996,96.0
macro avg,0.4799253324846914,0.47964166666666663,0.478910427882475,221.0
weighted avg,0.4886795595303163,0.48325791855203615,0.48510459906494097,221.0
