,precision,recall,f1-score,support
accuracy,0.5617616846430405,0.5617616846430405,0.5617616846430405,0.5617616846430405
case,0.6311890762245371,0.547009900990099,0.5854539388563188,100.2
control,0.4952385439320491,0.5811688311688312,0.534224991238722,76.4
macro avg,0.5632138100782932,0.5640893660794651,0.5598394650475205,176.6
weighted avg,0.5723836273814115,0.5617616846430405,0.5632830454300158,176.6
