,precision,recall,f1-score,support
accuracy,0.5130071905495635,0.5130071905495635,0.5130071905495635,0.5130071905495635
case,0.5747622160385855,0.5668316831683169,0.5686011615483963,100.2
control,0.43264974991314914,0.44196855775803134,0.43481647632087733,76.4
macro avg,0.5037059829758673,0.5044001204631742,0.5017088189346368,176.6
weighted avg,0.5133037010509884,0.5130071905495635,0.5108314381502831,176.6
