,precision,recall,f1-score,support
accuracy,0.7123330765279918,0.7123330765279918,0.7123330765279918,0.7123330765279918
case,0.7532853913595969,0.7344158415841584,0.7428310034810939,100.2
control,0.6643494426719969,0.6830143540669857,0.6721962558073924,76.4
macro avg,0.708817417015797,0.7087150978255721,0.7075136296442432,176.6
weighted avg,0.7147580320835933,0.7123330765279918,0.7123247750106493,176.6
