,precision,recall,f1-score,support
accuracy,0.6919529913331276,0.6919529913331276,0.6919529913331276,0.6919529913331276
case,0.7317094977811072,0.7220461346633417,0.7265035995849292,400.8
control,0.6424019781631803,0.6524933033322619,0.6469404559049304,305.6
macro avg,0.6870557379721437,0.6872697189978018,0.6867220277449299,706.4
weighted avg,0.6930753421364698,0.6919529913331276,0.6920824803949397,706.4
