,precision,recall,f1-score,support
accuracy,0.4751131221719457,0.4751131221719457,0.4751131221719457,0.4751131221719457
case,0.5351625657855912,0.5376000000000001,0.5350651609206201,125.0
control,0.39553939744265587,0.39375,0.3931157872700655,96.0
macro avg,0.4653509816141235,0.46567499999999995,0.46409047409534276,221.0
weighted avg,0.4745117777271215,0.4751131221719457,0.47340389453847875,221.0
