,precision,recall,f1-score,support
accuracy,0.795585224244804,0.795585224244804,0.795585224244804,0.795585224244804
case,0.8334808806254411,0.7994114713216958,0.8160568753728074,400.8
control,0.7504887756347133,0.7905753776920604,0.7699646333141164,305.6
macro avg,0.7919848281300772,0.794993424506878,0.7930107543434619,706.4
weighted avg,0.797580537255317,0.795585224244804,0.7961165381454155,706.4
