,precision,recall,f1-score,support
accuracy,0.5764459813039176,0.5764459813039176,0.5764459813039176,0.5764459813039176
case,0.6438209024501427,0.567361596009975,0.6031726376441111,400.8
control,0.5090720852181526,0.5883552984035144,0.5458453915246685,305.6
macro avg,0.5764464938341477,0.5778584472067447,0.5745090145843899,706.4
weighted avg,0.5855265494993093,0.5764459813039176,0.578373111909794,706.4
