,precision,recall,f1-score,support
accuracy,0.7191364381278273,0.7191364381278273,0.7191364381278273,0.7191364381278273
case,0.7493206779994408,0.7609900249376558,0.7537194360545761,400.8
control,0.6825936612626277,0.6643265830922533,0.671462464094321,305.6
macro avg,0.7159571696310343,0.7126583040149546,0.7125909500744486,706.4
weighted avg,0.7204684978612304,0.7191364381278273,0.7181234908283526,706.4
