,precision,recall,f1-score,support
accuracy,0.7876572197891581,0.7876572197891581,0.7876572197891581,0.7876572197891581
case,0.828745197483638,0.7889214463840399,0.8082376586376399,400.8
control,0.7397581769549811,0.7860066430943962,0.7620470478637127,305.6
macro avg,0.7842516872193095,0.787464044739218,0.7851423532506763,706.4
weighted avg,0.7902497172026189,0.7876572197891581,0.7882541361491845,706.4
