,precision,recall,f1-score,support
accuracy,0.4805429864253393,0.4805429864253393,0.4805429864253393,0.4805429864253393
case,0.5425543393882938,0.5184,0.5299194920377284,125.0
control,0.4075990681170418,0.43125,0.41877473420291145,96.0
macro avg,0.47507670375266775,0.47482499999999994,0.4743471131203199,221.0
weighted avg,0.4839312351256685,0.4805429864253393,0.4816394162361789,221.0
