,precision,recall,f1-score,support
accuracy,0.7520095017976374,0.7520095017976374,0.7520095017976374,0.7520095017976374
case,0.7843794624748266,0.7765346534653466,0.7801438441725845,100.2
control,0.7116965479574905,0.719958988380041,0.7153631351824644,76.4
macro avg,0.7480380052161585,0.7482468209226937,0.7477534896775244,176.6
weighted avg,0.7529679697457319,0.7520095017976374,0.7521102885516807,176.6
