,precision,recall,f1-score,support
accuracy,0.7126260663298221,0.7126260663298221,0.7126260663298221,0.7126260663298221
case,0.7603267170964045,0.7215586034912718,0.7402593230513936,400.8
control,0.6573521146586423,0.7009214614807672,0.6782222930595245,305.6
macro avg,0.7088394158775234,0.7112400324860195,0.7092408080554591,706.4
weighted avg,0.7157806506627906,0.7126260663298221,0.7134200618187831,706.4
