,precision,recall,f1-score,support
accuracy,0.8561792035132287,0.8561792035132287,0.8561792035132287,0.8561792035132287
case,0.8911951003948498,0.8503117206982542,0.8702462317609363,400.8
control,0.8149791760871832,0.8638765670202508,0.8386791943548113,305.6
macro avg,0.8530871382410166,0.8570941438592525,0.8544627130578739,706.4
weighted avg,0.8582244736511185,0.8561792035132287,0.8565901947712218,706.4
