,precision,recall,f1-score,support
accuracy,0.7375460289857395,0.7375460289857395,0.7375460289857395,0.7375460289857395
case,0.7905844155844156,0.7355399002493765,0.7599219125401186,400.8
control,0.6840459914530866,0.7401478624236579,0.7085622301474246,305.6
macro avg,0.7373152035187511,0.7378438813365173,0.7342420713437716,706.4
weighted avg,0.7444886384164674,0.7375460289857395,0.737706580284242,706.4
