,precision,recall,f1-score,support
accuracy,0.8295539145173118,0.8295539145173118,0.8295539145173118,0.8295539145173118
case,0.8659646327460925,0.8278453865336658,0.8464191336323271,400.8
control,0.7866027499822847,0.8318032786885245,0.8084969503328342,305.6
macro avg,0.8262836913641886,0.8298243326110952,0.8274580419825807,706.4
weighted avg,0.8316349439024602,0.8295539145173118,0.8300133333247238,706.4
