,precision,recall,f1-score,support
accuracy,0.5294117647058824,0.5294117647058824,0.5294117647058824,0.5294117647058824
case,0.5889928236647607,0.5568,0.5722782681963638,125.0
control,0.4609043304764392,0.49375,0.47657385274417274,96.0
macro avg,0.5249485770705999,0.5252749999999999,0.5244260604702683,221.0
weighted avg,0.5333525732300147,0.5294117647058824,0.5307053094479007,221.0
