,precision,recall,f1-score,support
accuracy,0.5085972850678733,0.5085972850678733,0.5085972850678733,0.5085972850678733
case,0.5673508368107796,0.5536,0.5603212107612453,125.0
control,0.43614227505353786,0.45,0.44287816200185953,96.0
macro avg,0.5017465559321587,0.5018,0.5015996863815525,221.0
weighted avg,0.5103552624727923,0.5085972850678733,0.5093052257797928,221.0
