,precision,recall,f1-score,support
accuracy,0.5221494607087827,0.5221494607087827,0.5221494607087827,0.5221494607087827
case,0.5800442126906263,0.5746930693069306,0.5763317227033198,100.2
control,0.44803958918678666,0.4530416951469583,0.44917246287343016,76.4
macro avg,0.5140419009387065,0.5138673822269444,0.5127520927883749,176.6
weighted avg,0.522925358852824,0.5221494607087827,0.5213575553708747,176.6
