,precision,recall,f1-score,support
accuracy,0.6432666455637875,0.6432666455637875,0.6432666455637875,0.6432666455637875
case,0.7024473587306985,0.6442256857855362,0.6717789020574045,400.8
control,0.579627250329244,0.6420143576556305,0.608908351030317,305.6
macro avg,0.6410373045299712,0.6431200217205834,0.6403436265438609,706.4
weighted avg,0.6493143920284827,0.6432666455637875,0.644579408038618,706.4
