,precision,recall,f1-score,support
accuracy,0.6387904468412943,0.6387904468412943,0.6387904468412943,0.6387904468412943
case,0.6974914548873308,0.6467920792079208,0.6680349480339915,100.2
control,0.5798025405254181,0.6283321941216677,0.5997395381179133,76.4
macro avg,0.6386469977063745,0.6375621366647943,0.6338872430759523,176.6
weighted avg,0.6465970606048808,0.6387904468412943,0.6384909738452573,176.6
