,precision,recall,f1-score,support
accuracy,0.7565613764766307,0.7565613764766307,0.7565613764766307,0.7565613764766307
case,0.7964265650080258,0.7705148514851485,0.7824694491445761,100.2
control,0.7103693347887706,0.7384825700615174,0.7229815781548705,76.4
macro avg,0.7533979498983981,0.754498710773333,0.7527255136497233,176.6
weighted avg,0.7592497492188319,0.7565613764766307,0.7567124578708927,176.6
