,precision,recall,f1-score,support
accuracy,0.4914027149321267,0.4914027149321267,0.4914027149321267,0.4914027149321267
case,0.5540373733591296,0.5136000000000001,0.5307388297031153,125.0
control,0.4214869526636916,0.4625,0.43847579195289776,96.0
macro avg,0.4877621630114106,0.48805,0.48460731082800645,221.0
weighted avg,0.4964589100706136,0.4914027149321267,0.4906607680559619,221.0
