,precision,recall,f1-score,support
accuracy,0.4796380090497737,0.4796380090497737,0.4796380090497737,0.4796380090497737
case,0.5426559395562467,0.5056,0.5231230265165652,125.0
control,0.40937544104628865,0.4458333333333333,0.4264592945679103,96.0
macro avg,0.47601569030126767,0.4757166666666667,0.47479116054223774,221.0
weighted avg,0.48476033839355004,0.4796380090497737,0.48113335109995486,221.0
