,precision,recall,f1-score,support
accuracy,0.497737556561086,0.497737556561086,0.497737556561086,0.497737556561086
case,0.565116872801739,0.4992,0.5292349217779899,125.0
control,0.43012597137191044,0.4958333333333334,0.4599010634055583,96.0
macro avg,0.4976214220868247,0.49751666666666666,0.4945679925917742,221.0
weighted avg,0.506478291185162,0.497737556561086,0.4991170466478838,221.0
