,precision,recall,f1-score,support
accuracy,0.7893553337527196,0.7893553337527196,0.7893553337527196,0.7893553337527196
case,0.8344778770376827,0.7844364089775561,0.8086090853445482,400.8
control,0.7380274560997828,0.7958127075966999,0.7657418096175664,305.6
macro avg,0.7862526665687327,0.7901245582871279,0.7871754474810573,706.4
weighted avg,0.7927536896808588,0.7893553337527196,0.790063618349411,706.4
