,precision,recall,f1-score,support
accuracy,0.5176470588235295,0.5176470588235295,0.5176470588235295,0.5176470588235295
case,0.5838335215111787,0.512,0.5439893542559695,125.0
control,0.45312040402361375,0.525,0.48495582388926695,96.0
macro avg,0.5184769627673963,0.5185,0.5144725890726182,221.0
weighted avg,0.5270531627835487,0.5176470588235295,0.5183458297527864,221.0
