,precision,recall,f1-score,support
accuracy,0.5922573189522342,0.5922573189522342,0.5922573189522342,0.5922573189522342
case,0.638714770533942,0.6425346534653464,0.6399811260702832,100.2
control,0.5326903651903652,0.5262132604237868,0.5284590163599865,76.4
macro avg,0.5857025678621536,0.5843739569445667,0.5842200712151349,176.6
weighted avg,0.5928374359188536,0.5922573189522342,0.5917533948913248,176.6
