,precision,recall,f1-score,support
accuracy,0.6871403328111039,0.6871403328111039,0.6871403328111039,0.6871403328111039
case,0.7423788107618414,0.6871097256857855,0.7134875982045704,400.8
control,0.6265026479317648,0.6871788278152791,0.6552221236001676,305.6
macro avg,0.6844407293468031,0.6871442767505324,0.6843548609023691,706.4
weighted avg,0.692248997568502,0.6871403328111039,0.6882814117927599,706.4
