,precision,recall,f1-score,support
accuracy,0.5339366515837104,0.5339366515837104,0.5339366515837104,0.5339366515837104
case,0.5875708658326835,0.5968,0.5904843825439572,125.0
control,0.46197712175905326,0.4520833333333333,0.4545095204256885,96.0
macro avg,0.5247739937958683,0.5244416666666667,0.5224969514848228,221.0
weighted avg,0.5330143073210613,0.5339366515837104,0.5314183790898677,221.0
