,precision,recall,f1-score,support
accuracy,0.5285067873303168,0.5285067873303168,0.5285067873303168,0.5285067873303168
case,0.5930886816005432,0.5312,0.5600787192836938,125.0
control,0.46227053436770704,0.525,0.4913145751023709,96.0
macro avg,0.527679607984125,0.5281,0.5256966471930323,221.0
weighted avg,0.5362626990921618,0.5285067873303168,0.530208321811264,221.0
