,precision,recall,f1-score,support
accuracy,0.7788757507883528,0.7788757507883528,0.7788757507883528,0.7788757507883528
case,0.8266086181432574,0.7724551122194514,0.7985544848131065,400.8
control,0.7251789991609675,0.7873181185042324,0.7548994750845199,305.6
macro avg,0.7758938086521124,0.7798866153618418,0.7767269799488131,706.4
weighted avg,0.7827336887096297,0.7788757507883528,0.7796666096424689,706.4
