,precision,recall,f1-score,support
accuracy,0.6692732408834103,0.6692732408834103,0.6692732408834103,0.6692732408834103
case,0.7091713320842356,0.7084752475247524,0.7084085812427396,100.2
control,0.6180152772706756,0.6176008202323992,0.6172068844397611,76.4
macro avg,0.6635933046774556,0.6630380338785758,0.6628077328412504,176.6
weighted avg,0.6697018136740589,0.6692732408834103,0.6689922606281928,176.6
