,precision,recall,f1-score,support
accuracy,0.639861602509907,0.639861602509907,0.639861602509907,0.639861602509907
case,0.7051945932142317,0.629720698254364,0.664004363393164,400.8
control,0.5751745341044456,0.6531790421086467,0.6102526998879905,305.6
macro avg,0.6401845636593386,0.6414498701815055,0.6371285316405773,706.4
weighted avg,0.6489487998451249,0.639861602509907,0.640748253167677,706.4
