,precision,recall,f1-score,support
accuracy,0.5248868778280543,0.5248868778280543,0.5248868778280543,0.5248868778280543
case,0.6010254834511819,0.48,0.5333079949218333,125.0
control,0.46230091697727954,0.5833333333333334,0.5155333897371237,96.0
macro avg,0.5316632002142307,0.5316666666666667,0.5244206923294785,221.0
weighted avg,0.5407650382860478,0.5248868778280543,0.5255868994569821,221.0
