,precision,recall,f1-score,support
accuracy,0.5402714932126698,0.5402714932126698,0.5402714932126698,0.5402714932126698
case,0.5949023159360519,0.5888,0.5913055545095853,125.0
control,0.4708573639622027,0.4770833333333334,0.4732964148830548,96.0
macro avg,0.5328798399491272,0.5329416666666666,0.53230098469632,221.0
weighted avg,0.5410185358931129,0.5402714932126698,0.5400436658030381,221.0
