,precision,recall,f1-score,support
accuracy,0.725652820239531,0.725652820239531,0.725652820239531,0.725652820239531
case,0.7590187191443309,0.7579950124688279,0.758161469616,400.8
control,0.6830696748748636,0.6832572591878281,0.6826316651396652,305.6
macro avg,0.7210441970095973,0.720626135828328,0.7203965673778326,706.4
weighted avg,0.7261661933952867,0.725652820239531,0.7254834925203305,706.4
