,precision,recall,f1-score,support
accuracy,0.5537044170518748,0.5537044170518748,0.5537044170518748,0.5537044170518748
case,0.6265331269366486,0.536950495049505,0.5774184880199315,100.2
control,0.4848405095056643,0.5754955570745044,0.5256244409136864,76.4
macro avg,0.5556868182211565,0.5562230260620047,0.5515214644668089,176.6
weighted avg,0.5652328882166731,0.5537044170518748,0.5550503812965599,176.6
