,precision,recall,f1-score,support
accuracy,0.5413007190549564,0.5413007190549564,0.5413007190549564,0.5413007190549564
case,0.5988436109791044,0.5868316831683169,0.5921798475236941,100.2
control,0.4688242155408788,0.48137388926862607,0.474294208950164,76.4
macro avg,0.5338339132599915,0.5341027862184714,0.5332370282369291,176.6
weighted avg,0.5426012332687831,0.5413007190549564,0.5412294122333481,176.6
