,precision,recall,f1-score,support
accuracy,0.5925776632701716,0.5925776632701716,0.5925776632701716,0.5925776632701716
case,0.6581591761924445,0.5868154613466334,0.6203871707193516,400.8
control,0.5254810424507773,0.6001307189542484,0.5602775231025379,305.6
macro avg,0.5918201093216109,0.5934730901504409,0.5903323469109447,706.4
weighted avg,0.600760701621626,0.5925776632701716,0.5943837827206416,706.4
