,precision,recall,f1-score,support
accuracy,0.6908063687724705,0.6908063687724705,0.6908063687724705,0.6908063687724705
case,0.7475140908050998,0.6885742574257426,0.7165286315174562,100.2
control,0.6292210256172985,0.6935748462064252,0.6594944478068421,76.4
macro avg,0.6883675582111992,0.6910745518160839,0.6880115396621491,176.6
weighted avg,0.6963267170386035,0.6908063687724705,0.691882883590303,176.6
