,precision,recall,f1-score,support
accuracy,0.5061697483307652,0.5061697483307652,0.5061697483307652,0.5061697483307652
case,0.5733435217167873,0.5068514851485149,0.5366728939162997,100.2
control,0.438273127352616,0.5048872180451127,0.46816289183653803,76.4
macro avg,0.5058083245347016,0.5058693515968138,0.5024178928764189,176.6
weighted avg,0.5149150456298051,0.5061697483307652,0.5071212588655201,176.6
