,precision,recall,f1-score,support
accuracy,0.5266968325791855,0.5266968325791855,0.5266968325791855,0.5266968325791855
case,0.583011626886732,0.5728,0.577802529410244,125.0
control,0.456308772092388,0.4666666666666667,0.4613562617687366,96.0
macro avg,0.51966019948956,0.5197333333333334,0.5195793955894903,221.0
weighted avg,0.5279732827226731,0.5266968325791855,0.5272195353216254,221.0
