,precision,recall,f1-score,support
accuracy,0.5804063773435215,0.5804063773435215,0.5804063773435215,0.5804063773435215
case,0.6459032102354133,0.5768553615960099,0.6092766724450155,400.8
control,0.5132896303158656,0.5850958962820101,0.5466999700627977,305.6
macro avg,0.5795964202756394,0.58097562893901,0.5779883212539065,706.4
weighted avg,0.588535169168751,0.5804063773435215,0.5821994167213166,706.4
