,precision,recall,f1-score,support
accuracy,0.47001155624036983,0.47001155624036983,0.47001155624036983,0.47001155624036983
case,0.5395838310934129,0.462990099009901,0.4970140609531472,100.2
control,0.4032689088151999,0.4791866028708133,0.43687698240436684,76.4
macro avg,0.4714263699543064,0.47108835094035717,0.466945521678757,176.6
weighted avg,0.4806253846066425,0.47001155624036983,0.471011858003232,176.6
