,precision,recall,f1-score,support
accuracy,0.4986425339366516,0.4986425339366516,0.4986425339366516,0.4986425339366516
case,0.555531223162802,0.5632,0.5583410485178453,125.0
control,0.4227195107558144,0.4145833333333333,0.4172708589630523,96.0
macro avg,0.4891253669593082,0.48889166666666667,0.48780595374044877,221.0
weighted avg,0.4978392575923459,0.4986425339366516,0.4970616901592021,221.0
