,precision,recall,f1-score,support
accuracy,0.5991846430405753,0.5991846430405753,0.5991846430405753,0.5991846430405753
case,0.6698102260713317,0.5808712871287128,0.621767370720405,100.2
control,0.531019779893709,0.623069036226931,0.5730319927137553,76.4
macro avg,0.6004150029825203,0.6019701616778219,0.5973996817170801,176.6
weighted avg,0.6097702558340604,0.5991846430405753,0.6007140596541137,176.6
