,precision,recall,f1-score,support
accuracy,0.4779917822290704,0.4779917822290704,0.4779917822290704,0.4779917822290704
case,0.5426612469788952,0.504990099009901,0.5220390040258148,100.2
control,0.40535041444343767,0.442241968557758,0.42196170989915804,76.4
macro avg,0.4740058307111664,0.4736160337838295,0.4720003569624865,176.6
weighted avg,0.4832717267307853,0.4779917822290704,0.4788243397641293,176.6
