,precision,recall,f1-score,support
accuracy,0.7944524804564633,0.7944524804564633,0.7944524804564633,0.7944524804564633
case,0.8334382712655328,0.7968927680798005,0.8147139614616717,400.8
control,0.7484087407734012,0.7912375441980071,0.7691745069931054,305.6
macro avg,0.7909235060194671,0.7940651561389037,0.7919442342273887,706.4
weighted avg,0.7966483253361052,0.7944524804564633,0.7950135375404213,706.4
