,precision,recall,f1-score,support
accuracy,0.5164804827940421,0.5164804827940421,0.5164804827940421,0.5164804827940421
case,0.5809905936357549,0.534930693069307,0.5567909559842142,100.2
control,0.4454051087519647,0.49213943950786054,0.4673875913037537,76.4
macro avg,0.5131978511938599,0.5135350662885838,0.512089273643984,176.6
weighted avg,0.5223494667563944,0.5164804827940421,0.5181521923578026,176.6
