,precision,recall,f1-score,support
accuracy,0.7899211046155202,0.7899211046155202,0.7899211046155202,0.7899211046155202
case,0.8276327424856579,0.7954089775561097,0.8111099146119664,400.8
control,0.7450678771752127,0.782717239901425,0.763303134928239,305.6
macro avg,0.7863503098304353,0.7890631087287674,0.7872065247701026,706.4
weighted avg,0.7919128203860164,0.7899211046155202,0.7904288048332575,706.4
