,precision,recall,f1-score,support
accuracy,0.6911099446650452,0.6911099446650452,0.6911099446650452,0.6911099446650452
case,0.7372151208903766,0.7081097256857856,0.7217325002264363,400.8
control,0.6378373639752279,0.6688760312868316,0.6521275553087702,305.6
macro avg,0.6875262424328021,0.6884928784863086,0.6869300277676034,706.4
weighted avg,0.6942349726892714,0.6911099446650452,0.6916131750452217,706.4
