,precision,recall,f1-score,support
accuracy,0.7140392914240837,0.7140392914240837,0.7140392914240837,0.7140392914240837
case,0.7810606832085382,0.6891159600997506,0.7321402870416542,400.8
control,0.6470505058787139,0.7467395264116575,0.693256953315941,305.6
macro avg,0.7140555945436261,0.7179277432557041,0.7126986201787975,706.4
weighted avg,0.7230883741365897,0.7140392914240837,0.7153173191782121,706.4
