,precision,recall,f1-score,support
accuracy,0.5167420814479639,0.5167420814479639,0.5167420814479639,0.5167420814479639
case,0.5836567803009463,0.5152,0.5468472437478777,125.0
control,0.4496737771594617,0.51875,0.48134799665335093,96.0
macro avg,0.516665278730204,0.5169750000000001,0.5140976202006143,221.0
weighted avg,0.5254560187553239,0.5167420814479639,0.5183950821140562,221.0
