,precision,recall,f1-score,support
accuracy,0.6874229583975346,0.6874229583975346,0.6874229583975346,0.6874229583975346
case,0.7388084828086952,0.6945346534653465,0.7157167191450592,100.2
control,0.6293529951114221,0.6779904306220096,0.6524606258602115,76.4
macro avg,0.6840807389600586,0.686262542043678,0.6840886725026353,176.6
weighted avg,0.6914439753308335,0.6874229583975346,0.6883675649508454,176.6
