,precision,recall,f1-score,support
accuracy,0.4986425339366516,0.4986425339366516,0.4986425339366516,0.4986425339366516
case,0.5553860867573555,0.5696,0.5620927759888837,125.0
control,0.4201525907403849,0.40625,0.41267330233964755,96.0
macro avg,0.48776933874887013,0.487925,0.4873830391642656,221.0
weighted avg,0.49664212468663516,0.4986425339366516,0.49718657929057297,221.0
