,precision,recall,f1-score,support
accuracy,0.705572675911659,0.705572675911659,0.705572675911659,0.705572675911659
case,0.7620297145821925,0.7006534653465347,0.7293449146628047,100.2
control,0.6457838647973682,0.7120984278879016,0.6765518356210738,76.4
macro avg,0.7039067896897804,0.7063759466172181,0.7029483751419392,176.6
weighted avg,0.7117635031422653,0.705572675911659,0.7065018151990057,176.6
