,precision,recall,f1-score,support
accuracy,0.5058823529411764,0.5058823529411764,0.5058823529411764,0.5058823529411764
case,0.5740469631378723,0.512,0.538920225281817,125.0
control,0.4363023074928701,0.4979166666666666,0.46320251372427135,96.0
macro avg,0.5051746353153711,0.5049583333333334,0.5010613695030441,221.0
weighted avg,0.5142121805952469,0.5058823529411764,0.5060292736550098,221.0
