,precision,recall,f1-score,support
accuracy,0.6240011860352365,0.6240011860352365,0.6240011860352365,0.6240011860352365
case,0.6992372184095359,0.5928129675810474,0.6393779444561033,400.8
control,0.5569504842799379,0.6649523197257045,0.6045324738250664,305.6
macro avg,0.6280938513447369,0.6288826436533759,0.6219552091405849,706.4
weighted avg,0.6376862628484765,0.6240011860352365,0.6242949245914623,706.4
