,precision,recall,f1-score,support
accuracy,0.4796380090497737,0.4796380090497737,0.4796380090497737,0.4796380090497737
case,0.5406806218393645,0.5296000000000001,0.5346443353286384,125.0
control,0.40362749039440765,0.4145833333333333,0.40853606967094186,96.0
macro avg,0.472154056116886,0.4720916666666667,0.4715902024997901,221.0
weighted avg,0.4811462298994737,0.4796380090497737,0.47986427422846256,221.0
