,precision,recall,f1-score,support
accuracy,0.4859728506787331,0.4859728506787331,0.4859728506787331,0.4859728506787331
case,0.5510925852613486,0.496,0.5214681258841722,125.0
control,0.4181358061992754,0.4729166666666666,0.4432377507416348,96.0
macro avg,0.48461419573031195,0.48445833333333327,0.4823529383129036,221.0
weighted avg,0.4933376043113077,0.4859728506787331,0.487485700482889,221.0
