,precision,recall,f1-score,support
accuracy,0.5220980996404725,0.5220980996404725,0.5220980996404725,0.5220980996404725
case,0.5830857761947199,0.5528316831683169,0.566623003932009,100.2
control,0.45117999069923675,0.4814764183185235,0.4647392373527506,76.4
macro avg,0.5171328834469783,0.5171540507434201,0.5156811206423798,176.6
weighted avg,0.5260270253572688,0.5220980996404725,0.5226170946578946,176.6
