,precision,recall,f1-score,support
accuracy,0.546606334841629,0.546606334841629,0.546606334841629,0.546606334841629
case,0.6077646082249663,0.5616,0.5836632392351071,125.0
control,0.4795852263943273,0.5270833333333333,0.5021047235158298,96.0
macro avg,0.5436749173096469,0.5443416666666667,0.5428839813754684,221.0
weighted avg,0.5520848767510236,0.546606334841629,0.5482351057099912,221.0
