,precision,recall,f1-score,support
accuracy,0.7199850944220282,0.7199850944220282,0.7199850944220282,0.7199850944220282
case,0.7882495147031514,0.6950947630922693,0.7372167986075605,400.8
control,0.6551872300097595,0.7526283081538626,0.6989972040972015,305.6
macro avg,0.7217183723564554,0.723861535623066,0.7181070013523809,706.4
weighted avg,0.7306852586127072,0.7199850944220282,0.7206828481263615,706.4
