,precision,recall,f1-score,support
accuracy,0.6336377223315208,0.6336377223315208,0.6336377223315208,0.6336377223315208
case,0.689769146179227,0.6466895261845387,0.6665088503478438,400.8
control,0.5715703069964763,0.6164684453016178,0.5918433436943957,305.6
macro avg,0.6306697265878516,0.6315789857430782,0.6291760970211197,706.4
weighted avg,0.6386293479007648,0.6336377223315208,0.634216006537204,706.4
