,precision,recall,f1-score,support
accuracy,0.5429864253393666,0.5429864253393666,0.5429864253393666,0.5429864253393666
case,0.6045555463786237,0.5536,0.57681493945903,125.0
control,0.47768815035895773,0.5291666666666667,0.5009824545657235,96.0
macro avg,0.5411218483687907,0.5413833333333333,0.5388986970123767,221.0
weighted avg,0.549445727293158,0.5429864253393666,0.5438741315415756,221.0
