,precision,recall,f1-score,support
accuracy,0.7021892655367232,0.7021892655367232,0.7021892655367232,0.7021892655367232
case,0.7490440544507886,0.7145544554455445,0.7310088519402187,100.2
control,0.6478493798746963,0.6858168147641832,0.6658626074858506,76.4
macro avg,0.6984467171627424,0.7001856351048639,0.6984357297130346,176.6
weighted avg,0.7052490750464042,0.7021892655367232,0.7028505743295448,176.6
