,precision,recall,f1-score,support
accuracy,0.7882233913395387,0.7882233913395387,0.7882233913395387,0.7882233913395387
case,0.8270992150277706,0.7924201995012469,0.809371254702486,400.8
control,0.7419830695219918,0.7827193828351012,0.7617841620978762,305.6
macro avg,0.7845411422748813,0.7875697911681742,0.7855777084001812,706.4
weighted avg,0.7902772857945067,0.7882233913395387,0.7887846182165452,706.4
