,precision,recall,f1-score,support
accuracy,0.6854450236606016,0.6854450236606016,0.6854450236606016,0.6854450236606016
case,0.7430552942772852,0.682145885286783,0.7110479202823645,400.8
control,0.6233103666411541,0.6898103503696561,0.6546111124598113,305.6
macro avg,0.6831828304592197,0.6859781178282195,0.6828295163710879,706.4
weighted avg,0.6912585578283303,0.6854450236606016,0.6866276531570115,706.4
