,precision,recall,f1-score,support
accuracy,0.4914027149321267,0.4914027149321267,0.4914027149321267,0.4914027149321267
case,0.5512020546292831,0.5024,0.5233780247077873,125.0
control,0.43086809003641174,0.4770833333333333,0.45004902871239494,96.0
macro avg,0.4910350723328474,0.48974166666666663,0.48671352671009105,221.0
weighted avg,0.4989302872043254,0.4914027149321267,0.491524705180377,221.0
