,precision,recall,f1-score,support
accuracy,0.5348416289592761,0.5348416289592761,0.5348416289592761,0.5348416289592761
case,0.5968276294809968,0.5488000000000001,0.571707810872929,125.0
control,0.46760829163741785,0.5166666666666667,0.4908169577640976,96.0
macro avg,0.5322179605592073,0.5327333333333334,0.5312623843185132,221.0
weighted avg,0.540696152408673,0.5348416289592761,0.536569702735156,221.0
