,precision,recall,f1-score,support
accuracy,0.47058823529411764,0.47058823529411764,0.47058823529411764,0.47058823529411764
case,0.5321837192109555,0.5168,0.524279231653358,125.0
control,0.3959665608783559,0.4104166666666667,0.4029435037701936,96.0
macro avg,0.4640751400446558,0.4636083333333333,0.46361136771177575,221.0
weighted avg,0.4730124649126317,0.47058823529411764,0.47157230913397435,221.0
