,precision,recall,f1-score,support
accuracy,0.49722008217770935,0.49722008217770935,0.49722008217770935,0.49722008217770935
case,0.5636029479776065,0.5088712871287129,0.5343574373150172,100.2
control,0.4272442391603152,0.48185235816814764,0.45246648191146727,76.4
macro avg,0.4954235935689608,0.4953618226484302,0.49341195961324225,176.6
weighted avg,0.5046190998194797,0.49722008217770935,0.4989524415646335,176.6
