,precision,recall,f1-score,support
accuracy,0.5903237956333067,0.5903237956333067,0.5903237956333067,0.5903237956333067
case,0.6511382144802195,0.5982967581047381,0.6235516673973664,400.8
control,0.524182014301417,0.5798499946426658,0.5505615669816674,305.6
macro avg,0.5876601143908182,0.589073376373702,0.587056617189517,706.4
weighted avg,0.5962134596170368,0.5903237956333067,0.5919779173043571,706.4
