,precision,recall,f1-score,support
accuracy,0.6376348228043144,0.6376348228043144,0.6376348228043144,0.6376348228043144
case,0.7046755580708298,0.6226930693069307,0.6604388143884373,100.2
control,0.571230143098053,0.6571086807928913,0.6104251426510544,76.4
macro avg,0.6379528505844414,0.639900875049911,0.6354319785197459,176.6
weighted avg,0.6469378808956006,0.6376348228043144,0.6388251357560516,176.6
