,precision,recall,f1-score,support
accuracy,0.7814285313598134,0.7814285313598134,0.7814285313598134,0.7814285313598134
case,0.8272729867444999,0.7769426433915212,0.8012817676572318,400.8
control,0.7292790529148517,0.7873095467695275,0.7571385669850235,305.6
macro avg,0.7782760198296759,0.7821260950805243,0.7792101673211276,706.4
weighted avg,0.7848782530612015,0.7814285313598134,0.7821847118180069,706.4
