,precision,recall,f1-score,support
accuracy,0.7293721109399075,0.7293721109399075,0.7293721109399075,0.7293721109399075
case,0.770006019796493,0.7485940594059406,0.7573501898797651,100.2
control,0.6848851706731618,0.7041011619958988,0.6921189786420519,76.4
macro avg,0.7274455952348273,0.7263476107009197,0.7247345842609085,176.6
weighted avg,0.7331772640520537,0.7293721109399075,0.7291410790464499,176.6
