,precision,recall,f1-score,support
accuracy,0.5122171945701357,0.5122171945701357,0.5122171945701357,0.5122171945701357
case,0.5711988423448404,0.5504,0.5605300717950181,125.0
control,0.4417066593537181,0.4625,0.4517738927738927,96.0
macro avg,0.5064527508492793,0.50645,0.5061519822844553,221.0
weighted avg,0.514948844303448,0.5122171945701357,0.5132875686908188,221.0
