,precision,recall,f1-score,support
accuracy,0.5208911145351823,0.5208911145351823,0.5208911145351823,0.5208911145351823
case,0.585531956290011,0.5290495049504951,0.5552103710723755,100.2
control,0.4536984425576627,0.5103212576896787,0.4796530894346704,76.4
macro avg,0.5196151994238367,0.5196853813200869,0.517431730253523,176.6
weighted avg,0.5285128576065385,0.5208911145351823,0.5225021446035101,176.6
