,precision,recall,f1-score,support
accuracy,0.8040789995632505,0.8040789995632505,0.8040789995632505,0.8040789995632505
case,0.8399678195533118,0.8088877805486284,0.8241056459974665,400.8
control,0.760946266650523,0.7977842065788063,0.7788900386927744,305.6
macro avg,0.8004570431019173,0.8033359935637174,0.8014978423451204,706.4
weighted avg,0.8057855203652899,0.8040789995632505,0.8045439327160995,706.4
