,precision,recall,f1-score,support
accuracy,0.7961441834187466,0.7961441834187466,0.7961441834187466,0.7961441834187466
case,0.8310911922642983,0.8043852867830423,0.8173666157383763,400.8
control,0.7541645344592172,0.7853230472516876,0.7692115629040019,305.6
macro avg,0.7926278633617578,0.794854167017365,0.793289089321189,706.4
weighted avg,0.7978097851176094,0.7961441834187466,0.7965358749826863,706.4
