,precision,recall,f1-score,support
accuracy,0.4895927601809954,0.4895927601809954,0.4895927601809954,0.4895927601809954
case,0.550445537898954,0.5168,0.5309845238579459,125.0
control,0.42142099219138734,0.4541666666666667,0.43492975475563656,96.0
macro avg,0.4859332650451707,0.4854833333333334,0.4829571393067912,221.0
weighted avg,0.49439867641512414,0.4895927601809954,0.4892593752886169,221.0
