,precision,recall,f1-score,support
accuracy,0.5594247560349255,0.5594247560349255,0.5594247560349255,0.5594247560349255
case,0.6203808984701734,0.5788910891089109,0.5976740946725236,100.2
control,0.49189113461078265,0.5339712918660287,0.5107393492731525,76.4
macro avg,0.5561360165404781,0.5564311904874698,0.554206721972838,176.6
weighted avg,0.5648122672278373,0.5594247560349255,0.5600572807925959,176.6
