,precision,recall,f1-score,support
accuracy,0.5239819004524887,0.5239819004524887,0.5239819004524887,0.5239819004524887
case,0.5865419904470615,0.5376000000000001,0.5609601355779068,125.0
control,0.45660811198321005,0.50625,0.4801037570863061,96.0
macro avg,0.5215750512151358,0.521925,0.5205319463321064,221.0
weighted avg,0.5301001246890084,0.5239819004524887,0.5258370028394739,221.0
