,precision,recall,f1-score,support
accuracy,0.6293960436108362,0.6293960436108362,0.6293960436108362,0.6293960436108362
case,0.6914403693062624,0.627783042394015,0.6568555834052594,400.8
control,0.5655740896927337,0.6315311261116469,0.5954143309841861,305.6
macro avg,0.6285072294994981,0.629657084252831,0.6261349571947228,706.4
weighted avg,0.6369926048840674,0.6293960436108362,0.6302728941020911,706.4
