,precision,recall,f1-score,support
accuracy,0.5991268618387262,0.5991268618387262,0.5991268618387262,0.5991268618387262
case,0.6562754759238522,0.6148514851485147,0.6346418992990577,100.2
control,0.5348687237314144,0.5784005468215995,0.5554923271066302,76.4
macro avg,0.5955720998276333,0.5966260159850572,0.595067113202844,176.6
weighted avg,0.6037606769599152,0.5991268618387262,0.6004265891758342,176.6
