,precision,recall,f1-score,support
accuracy,0.5549627632254751,0.5549627632254751,0.5549627632254751,0.5549627632254751
case,0.6171191973821649,0.5545742574257426,0.5828845856574065,100.2
control,0.49271686851816954,0.5551606288448394,0.5205742542940848,76.4
macro avg,0.5549180329501673,0.5548674431352909,0.5517294199757456,176.6
weighted avg,0.5632799837741342,0.5549627632254751,0.5559853008325263,176.6
