,precision,recall,f1-score,support
accuracy,0.5300269645608628,0.5300269645608628,0.5300269645608628,0.5300269645608628
case,0.6006556934956219,0.511009900990099,0.5517988400792267,100.2
control,0.46429450944512063,0.5548188653451811,0.505200348672574,76.4
macro avg,0.5324751014703712,0.5329143831676401,0.5284995943759003,176.6
weighted avg,0.5416677325349968,0.5300269645608628,0.5316740434736591,176.6
