,precision,recall,f1-score,support
accuracy,0.47239819004524886,0.47239819004524886,0.47239819004524886,0.47239819004524886
case,0.5340846703514661,0.528,0.5304977708681188,125.0
control,0.39356747426679384,0.4,0.39611589433569533,96.0
macro avg,0.46382607230913,0.4640000000000001,0.463306832601907,221.0
weighted avg,0.4730455263508844,0.47239819004524886,0.47212374305312943,221.0
