,precision,recall,f1-score,support
accuracy,0.6981836832003718,0.6981836832003718,0.6981836832003718,0.6981836832003718
case,0.7443465954069808,0.7135586034912718,0.7284354456176898,400.8
control,0.6435529452249888,0.6779749276759884,0.6600822822729299,305.6
macro avg,0.6939497703159848,0.6957667655836302,0.6942588639453098,706.4
weighted avg,0.700735761032612,0.6981836832003718,0.6988713109266762,706.4
