,precision,recall,f1-score,support
accuracy,0.5221719457013575,0.5221719457013575,0.5221719457013575,0.5221719457013575
case,0.5782372357906851,0.5728,0.5753278608966974,125.0
control,0.4509149386686918,0.45625,0.4533250892013778,96.0
macro avg,0.5145760872296884,0.514525,0.5143264750490376,221.0
weighted avg,0.5229298126064708,0.5221719457013575,0.5223311817892282,221.0
