,precision,recall,f1-score,support
accuracy,0.49502262443438916,0.49502262443438916,0.49502262443438916,0.49502262443438916
case,0.5534375092755243,0.5488,0.5502627119861137,125.0
control,0.4206841466823585,0.425,0.42174941347551587,96.0
macro avg,0.4870608279789413,0.4869,0.48600606273081476,221.0
weighted avg,0.4957708902305292,0.49502262443438916,0.4944379307326413,221.0
