,precision,recall,f1-score,support
accuracy,0.4995475113122172,0.4995475113122172,0.4995475113122172,0.4995475113122172
case,0.5573889625728676,0.5584,0.5576014696703482,125.0
control,0.42398103003577664,0.4229166666666667,0.42304287090997883,96.0
macro avg,0.49068499630432216,0.4906583333333333,0.4903221702901635,221.0
weighted avg,0.49943800545268335,0.4995475113122172,0.4991506756386944,221.0
