,precision,recall,f1-score,support
accuracy,0.603059249672438,0.603059249672438,0.603059249672438,0.603059249672438
case,0.6710843282598897,0.5893229426433916,0.6275001771746422,400.8
control,0.53555908816063,0.6210736097717776,0.5751091269747786,305.6
macro avg,0.6033217082102599,0.6051982762075846,0.6013046520747104,706.4
weighted avg,0.6124544685288387,0.603059249672438,0.6048354701399825,706.4
