,precision,recall,f1-score,support
accuracy,0.7169106317411402,0.7169106317411402,0.7169106317411402,0.7169106317411402
case,0.769323956900626,0.7185148514851486,0.7420891823297003,100.2
control,0.6598409184666658,0.7145591250854408,0.6849300506680042,76.4
macro avg,0.714582437683646,0.7165369882852948,0.7135096164988523,176.6
weighted avg,0.7219377551616182,0.7169106317411402,0.7174036852573801,176.6
