,precision,recall,f1-score,support
accuracy,0.6874293785310734,0.6874293785310734,0.6874293785310734,0.6874293785310734
case,0.7408228691451283,0.6945346534653465,0.7158191629898328,100.2
control,0.6287257484679123,0.677717019822283,0.6508815634119157,76.4
macro avg,0.6847743088065202,0.6861258366438148,0.6833503632008744,176.6
weighted avg,0.6922898876665198,0.6874293785310734,0.6877921959135,176.6
