,precision,recall,f1-score,support
accuracy,0.7383902777165616,0.7383902777165616,0.7383902777165616,0.7383902777165616
case,0.7735869279865153,0.7624563591022444,0.7676927798969146,400.8
control,0.6946899665997149,0.7067909568198865,0.7002848539677091,305.6
macro avg,0.734138447293115,0.7346236579610654,0.7339888169323119,706.4
weighted avg,0.7394481078425647,0.7383902777165616,0.7385354460182031,706.4
