,precision,recall,f1-score,support
accuracy,0.490497737556561,0.490497737556561,0.490497737556561,0.490497737556561
case,0.5535313568337459,0.5136000000000001,0.5327916069808817,125.0
control,0.42083820232377905,0.4604166666666666,0.4397115250088349,96.0
macro avg,0.4871847795787625,0.48700833333333327,0.4862515659948583,221.0
weighted avg,0.495890891526249,0.490497737556561,0.49235863019664416,221.0
