,precision,recall,f1-score,support
accuracy,0.4886877828054298,0.4886877828054298,0.4886877828054298,0.4886877828054298
case,0.5496966880441181,0.5216000000000001,0.533403255612477,125.0
control,0.41742092736852,0.4458333333333333,0.42889877747205346,96.0
macro avg,0.483558807706319,0.4837166666666667,0.4811510165422653,221.0
weighted avg,0.4922375340854872,0.4886877828054298,0.48800764519853745,221.0
