,precision,recall,f1-score,support
accuracy,0.7729335539786273,0.7729335539786273,0.7729335539786273,0.7729335539786273
case,0.8232155261147087,0.7639700748129676,0.7924541762236983,400.8
control,0.7170962128480138,0.7846951676845602,0.749336010318755,305.6
macro avg,0.7701558694813613,0.7743326212487639,0.7708950932712266,706.4
weighted avg,0.7773075384173989,0.7729335539786273,0.7737997865195412,706.4
