,precision,recall,f1-score,support
accuracy,0.49941576784797126,0.49941576784797126,0.49941576784797126,0.49941576784797126
case,0.5640889377038363,0.5169108910891089,0.5393160352735854,100.2
control,0.42939029340316476,0.4764866712235133,0.4515581174690172,76.4
macro avg,0.49673961555350055,0.49669878115631105,0.4954370763713013,176.6
weighted avg,0.5058238660764898,0.49941576784797126,0.5013510328924963,176.6
