,precision,recall,f1-score,support
accuracy,0.6749293785310735,0.6749293785310735,0.6749293785310735,0.6749293785310735
case,0.7253012854943245,0.6924950495049506,0.7076132854319498,100.2
control,0.6169625780697241,0.6516404647983596,0.632646585935221,76.4
macro avg,0.6711319317820243,0.672067757151655,0.6701299356835854,176.6
weighted avg,0.6784064643695438,0.6749293785310735,0.6752230343037351,176.6
