,precision,recall,f1-score,support
accuracy,0.5855027226721053,0.5855027226721053,0.5855027226721053,0.5855027226721053
case,0.649294806179916,0.5858117206982544,0.6158074671583764,400.8
control,0.5187516300460777,0.5850787528126005,0.5498097066685186,305.6
macro avg,0.5840232181129968,0.5854452367554274,0.5828085869134474,706.4
weighted avg,0.5928179454422182,0.5855027226721053,0.5872589010802628,706.4
