,precision,recall,f1-score,support
accuracy,0.6126797637390858,0.6126797637390858,0.6126797637390858,0.6126797637390858
case,0.6537481404608239,0.6827128712871288,0.6659759741743054,100.2
control,0.5563672036890341,0.5209501025290499,0.5345288987342555,76.4
macro avg,0.6050576720749289,0.6018314869080893,0.6002524364542804,176.6
weighted avg,0.6116381548101885,0.6126797637390858,0.6090901915725334,176.6
