,precision,recall,f1-score,support
accuracy,0.4805429864253393,0.4805429864253393,0.4805429864253393,0.4805429864253393
case,0.5405840012475044,0.5424,0.5414407024837714,125.0
control,0.4017777500102834,0.4,0.40082367660818213,96.0
macro avg,0.4711808756288939,0.47119999999999995,0.47113218954597674,221.0
weighted avg,0.480288073108259,0.4805429864253393,0.48035819350613984,221.0
