,precision,recall,f1-score,support
accuracy,0.5356124807395994,0.5356124807395994,0.5356124807395994,0.5356124807395994
case,0.5954367112732474,0.5667326732673267,0.5805473935371287,100.2
control,0.4653974077027958,0.49466848940533154,0.47937592432935733,76.4
macro avg,0.5304170594880215,0.5307005813363291,0.529961658933243,176.6
weighted avg,0.5391777311833502,0.5356124807395994,0.5368058803074617,176.6
