,precision,recall,f1-score,support
accuracy,0.7123073959938366,0.7123073959938366,0.7123073959938366,0.7123073959938366
case,0.7628706774325331,0.7144554455445544,0.7376118953714602,100.2
control,0.6557600793126239,0.7094326725905674,0.6812528075546364,76.4
macro avg,0.7093153783725785,0.7119440590675609,0.7094323514630483,176.6
weighted avg,0.7165233835562338,0.7123073959938366,0.7132376076651313,176.6
