,precision,recall,f1-score,support
accuracy,0.6285393735650376,0.6285393735650376,0.6285393735650376,0.6285393735650376
case,0.695418854136506,0.616778054862843,0.6521925491263215,400.8
control,0.563130882725065,0.6440222865102325,0.5993545061238224,305.6
macro avg,0.6292748684307854,0.6304001706865378,0.625773527625072,706.4
weighted avg,0.6381954652539409,0.6285393735650376,0.6293247929858723,706.4
