,precision,recall,f1-score,support
accuracy,0.717722010970826,0.717722010970826,0.717722010970826,0.717722010970826
case,0.7612826941374979,0.7344900249376558,0.7461815598368622,400.8
control,0.6693265408390376,0.6956155576984893,0.6802390312743277,305.6
macro avg,0.7153046174882678,0.7150527913180725,0.713210295555595,706.4
weighted avg,0.7214797486193316,0.717722010970826,0.7176680151710382,706.4
