,precision,recall,f1-score,support
accuracy,0.5004524886877828,0.5004524886877828,0.5004524886877828,0.5004524886877828
case,0.5648930037234493,0.5199999999999999,0.5396192637954965,125.0
control,0.43002977987437185,0.475,0.4495299887043006,96.0
macro avg,0.4974613917989106,0.49749999999999994,0.49457462624989856,221.0
weighted avg,0.5063098838614065,0.5004524886877828,0.5004854610409499,221.0
