,precision,recall,f1-score,support
accuracy,0.4778280542986425,0.4778280542986425,0.4778280542986425,0.4778280542986425
case,0.544818606817641,0.472,0.5056383614842257,125.0
control,0.4132899706731482,0.4854166666666666,0.4463261900815242,96.0
macro avg,0.47905428874539463,0.47870833333333335,0.475982275782875,221.0
weighted avg,0.4876839956417528,0.4778280542986425,0.4798737983409708,221.0
