,precision,recall,f1-score,support
accuracy,0.4886877828054299,0.4886877828054299,0.4886877828054299,0.4886877828054299
case,0.5531930438066155,0.4992,0.5246671679106816,125.0
control,0.42142528289499487,0.475,0.4464800716096454,96.0
macro avg,0.4873091633508052,0.4871,0.4855736197601635,221.0
weighted avg,0.4959545594287169,0.4886877828054299,0.49070354236815,221.0
