,precision,recall,f1-score,support
accuracy,0.6911083419147257,0.6911083419147257,0.6911083419147257,0.6911083419147257
case,0.7459397159273481,0.6921009975062344,0.7176336018446662,400.8
control,0.6309225339705872,0.6897439194256938,0.6586002005684614,305.6
macro avg,0.6884311249489676,0.6909224584659641,0.6881169012065638,706.4
weighted avg,0.6961724343310903,0.6911083419147257,0.692103690586664,706.4
