,precision,recall,f1-score,support
accuracy,0.5095467385721623,0.5095467385721623,0.5095467385721623,0.5095467385721623
case,0.5678200593996129,0.5286732673267327,0.5458663960443794,100.2
control,0.4457219778666879,0.4843472317156527,0.4625572501206553,76.4
macro avg,0.5067710186331503,0.5065102495211927,0.5042118230825172,176.6
weighted avg,0.5149875255343179,0.5095467385721623,0.5098447882297379,176.6
