,precision,recall,f1-score,support
accuracy,0.7607566584258587,0.7607566584258587,0.7607566584258587,0.7607566584258587
case,0.8166101743669186,0.746,0.7795994213818588,400.8
control,0.7009702716887765,0.7801135754848387,0.7383043954225144,305.6
macro avg,0.7587902230278476,0.7630567877424194,0.7589519084021866,706.4
weighted avg,0.7665829104790738,0.7607566584258587,0.7617340410782295,706.4
