,precision,recall,f1-score,support
accuracy,0.5167420814479637,0.5167420814479637,0.5167420814479637,0.5167420814479637
case,0.5722256208505934,0.5744,0.5728593726514861,125.0
control,0.44415237390486106,0.4416666666666667,0.4423266038694499,96.0
macro avg,0.5081889973777273,0.5080333333333333,0.5075929882604681,221.0
weighted avg,0.5165919932180582,0.5167420814479637,0.5161573554429998,221.0
