,precision,recall,f1-score,support
accuracy,0.789063232506982,0.789063232506982,0.789063232506982,0.789063232506982
case,0.8263168858664539,0.7954077306733167,0.8105574451089946,400.8
control,0.7442773222522051,0.7807435979856423,0.76206030070298,305.6
macro avg,0.7852971040593295,0.7880756643294795,0.7863088729059873,706.4
weighted avg,0.7908270863941793,0.789063232506982,0.7895774489744,706.4
