,precision,recall,f1-score,support
accuracy,0.4904275808936826,0.4904275808936826,0.4904275808936826,0.4904275808936826
case,0.5581238694116634,0.48512871287128706,0.5180390442478598,100.2
control,0.42459937628518923,0.49747095010252906,0.457307358796743,76.4
macro avg,0.49136162284842627,0.4912998314869081,0.4876732015223014,176.6
weighted avg,0.5003677542170921,0.4904275808936826,0.49174971111452576,176.6
