,precision,recall,f1-score,support
accuracy,0.5140271493212669,0.5140271493212669,0.5140271493212669,0.5140271493212669
case,0.5771458539207017,0.5312,0.5518008147369534,125.0
control,0.445213424666229,0.4916666666666667,0.46581505714044785,96.0
macro avg,0.5111796392934654,0.5114333333333334,0.5088079359387007,221.0
weighted avg,0.5198358394029217,0.5140271493212669,0.5144495354190144,221.0
