,precision,recall,f1-score,support
accuracy,0.6093733949666154,0.6093733949666154,0.6093733949666154,0.6093733949666154
case,0.681306188854107,0.5867920792079209,0.6299564278375269,100.2
control,0.541309372051942,0.6390293916609706,0.5856706201050764,76.4
macro avg,0.6113077804530245,0.6129107354344457,0.6078135239713017,176.6
weighted avg,0.6207500635773331,0.6093733949666154,0.6107934412288535,176.6
