,precision,recall,f1-score,support
accuracy,0.5067873303167421,0.5067873303167421,0.5067873303167421,0.5067873303167421
case,0.5655631457037618,0.5536,0.5593129248809474,125.0
control,0.43371265300375994,0.4458333333333333,0.43944575068829,96.0
macro avg,0.49963789935376085,0.4997166666666667,0.4993793377846186,221.0
weighted avg,0.5082887235354352,0.5067873303167421,0.5072439261366256,221.0
