,precision,recall,f1-score,support
accuracy,0.520987416538264,0.520987416538264,0.520987416538264,0.520987416538264
case,0.5837702018762468,0.5568316831683168,0.5676861151274609,100.2
control,0.4452971312765127,0.4733766233766234,0.45631516268132255,76.4
macro avg,0.5145336665763798,0.5151041532724701,0.5120006389043917,176.6
weighted avg,0.5238765179631775,0.520987416538264,0.5196411384486384,176.6
