,precision,recall,f1-score,support
accuracy,0.4986425339366516,0.4986425339366516,0.4986425339366516,0.4986425339366516
case,0.5615568435538629,0.5168,0.5378068627940199,125.0
control,0.4303990619507861,0.475,0.45117351768119374,96.0
macro avg,0.4959779527523245,0.49589999999999995,0.49449019023760676,221.0
weighted avg,0.5045833275633861,0.4986425339366516,0.5001742784916158,221.0
