,precision,recall,f1-score,support
accuracy,0.5175269645608629,0.5175269645608629,0.5175269645608629,0.5175269645608629
case,0.5758349713940276,0.5626732673267327,0.5680086719238118,100.2
control,0.4457837123379417,0.45789473684210524,0.45037780077502026,76.4
macro avg,0.5108093418659847,0.5102840020844189,0.509193236349416,176.6
weighted avg,0.5195618783086371,0.5175269645608629,0.5172056955697755,176.6
