,precision,recall,f1-score,support
accuracy,0.5149321266968326,0.5149321266968326,0.5149321266968326,0.5149321266968326
case,0.5874842589959173,0.4784,0.527227880698708,125.0
control,0.4530020866333032,0.5625,0.5017564452320554,96.0
macro avg,0.5202431728146103,0.52045,0.5144921629653817,221.0
weighted avg,0.5290666637614786,0.5149321266968326,0.516163365744868,221.0
