,precision,recall,f1-score,support
accuracy,0.6998266563944531,0.6998266563944531,0.6998266563944531,0.6998266563944531
case,0.7526770260648237,0.7044158415841585,0.7268177070017854,100.2
control,0.6422268948687815,0.6936431989063567,0.66590823644103,76.4
macro avg,0.6974519604668026,0.6990295202452577,0.6963629717214077,176.6
weighted avg,0.7048539695412974,0.6998266563944531,0.7004823803007926,176.6
