,precision,recall,f1-score,support
accuracy,0.6862801746276322,0.6862801746276322,0.6862801746276322,0.6862801746276322
case,0.7278565740677542,0.7124554455445544,0.7194678185894187,100.2
control,0.636630452213498,0.6517771701982229,0.6432647553543653,76.4
macro avg,0.6822435131406261,0.6821163078713888,0.6813662869718919,176.6
weighted avg,0.6883554921333304,0.6862801746276322,0.6865210562434254,176.6
