,precision,recall,f1-score,support
accuracy,0.693090543372427,0.693090543372427,0.693090543372427,0.693090543372427
case,0.7423832710413407,0.7040972568578554,0.7223627633944704,400.8
control,0.6365189228394774,0.6786392371156114,0.6564120052538486,305.6
macro avg,0.6894510969404092,0.6913682469867334,0.6893873843241595,706.4
weighted avg,0.6965837572518091,0.693090543372427,0.6938343994115206,706.4
