,precision,recall,f1-score,support
accuracy,0.6211703282833342,0.6211703282833342,0.6211703282833342,0.6211703282833342
case,0.688880417170186,0.606793017456359,0.644092631233056,400.8
control,0.5553028885852089,0.6400771456123433,0.5935408065716611,305.6
macro avg,0.6220916528776975,0.6234350815343512,0.6188167189023586,706.4
weighted avg,0.6310985428101442,0.6211703282833342,0.6222150974965822,706.4
