,precision,recall,f1-score,support
accuracy,0.5750307527717563,0.5750307527717563,0.5750307527717563,0.5750307527717563
case,0.642634903779412,0.5658703241895262,0.6017864455213701,400.8
control,0.5075318627652841,0.5870459659273546,0.5443753956991786,305.6
macro avg,0.5750833832723481,0.5764581450584404,0.5730809206102743,706.4
weighted avg,0.584187851354075,0.5750307527717563,0.5769496095909842,706.4
