,precision,recall,f1-score,support
accuracy,0.7958629007376659,0.7958629007376659,0.7958629007376659,0.7958629007376659
case,0.8382670664225509,0.7934052369077307,0.8151820138649137,400.8
control,0.7467892378406447,0.799080681452909,0.7720034946612186,305.6
macro avg,0.7925281521315977,0.7962429591803198,0.7935927542630662,706.4
weighted avg,0.7986901935380784,0.7958629007376659,0.796502414331119,706.4
