,precision,recall,f1-score,support
accuracy,0.48416289592760176,0.48416289592760176,0.48416289592760176,0.48416289592760176
case,0.5495057035666857,0.49119999999999997,0.5183997672196811,125.0
control,0.41723521355874293,0.475,0.44396019786160623,96.0
macro avg,0.4833704585627143,0.4831,0.4811799825406437,221.0
weighted avg,0.49204883912884634,0.48416289592760176,0.4860640266840468,221.0
