,precision,recall,f1-score,support
accuracy,0.7208381582796078,0.7208381582796078,0.7208381582796078,0.7208381582796078
case,0.7839466548707918,0.7020810473815462,0.7403604836884351,400.8
control,0.656547302697222,0.7453959069966785,0.6977621153167484,305.6
macro avg,0.7202469787840069,0.7237384771891123,0.7190612995025918,706.4
weighted avg,0.7288240870084719,0.7208381582796078,0.7219370954769462,706.4
