,precision,recall,f1-score,support
accuracy,0.7873715295446987,0.7873715295446987,0.7873715295446987,0.7873715295446987
case,0.8335478522693812,0.7814389027431421,0.8066190050623394,400.8
control,0.7349844302242475,0.7951419693560484,0.763840859473597,305.6
macro avg,0.7842661412468145,0.7882904360495953,0.7852299322679682,706.4
weighted avg,0.7909062952902706,0.7873715295446987,0.7881139757042772,706.4
