,precision,recall,f1-score,support
accuracy,0.5212669683257919,0.5212669683257919,0.5212669683257919,0.5212669683257919
case,0.57406126041173,0.592,0.5827050974699498,125.0
control,0.4478049010685273,0.4291666666666667,0.43801905968691424,96.0
macro avg,0.5109330807401287,0.5105833333333333,0.510362078578432,221.0
weighted avg,0.5192168690228274,0.5212669683257919,0.5198550539080882,221.0
