,precision,recall,f1-score,support
accuracy,0.6056024137419812,0.6056024137419812,0.6056024137419812,0.6056024137419812
case,0.7080834639504787,0.5214788029925187,0.5991176368449889,400.8
control,0.533347641099453,0.716024858030644,0.6105738020723661,305.6
macro avg,0.6207155525249659,0.6187518305115813,0.6048457194586774,706.4
weighted avg,0.6325006336592184,0.6056024137419812,0.6040579118038618,706.4
