,precision,recall,f1-score,support
accuracy,0.7109307571793197,0.7109307571793197,0.7109307571793197,0.7109307571793197
case,0.7853725829042413,0.6786708229426435,0.7262604385686565,400.8
control,0.6430895419918865,0.7532390442515804,0.6921626532729488,305.6
macro avg,0.7142310624480638,0.7159549335971119,0.7092115459208027,706.4
weighted avg,0.7238196050028307,0.7109307571793197,0.7115099911472595,706.4
