,precision,recall,f1-score,support
accuracy,0.7066961992809451,0.7066961992809451,0.7066961992809451,0.7066961992809451
case,0.7607046000594387,0.7046930693069307,0.7313903801744084,100.2
control,0.6476355336410056,0.7094326725905673,0.6768289587924932,76.4
macro avg,0.7041700668502221,0.707062870948749,0.7041096694834508,176.6
weighted avg,0.7118256895644014,0.7066961992809451,0.7077812398793417,176.6
