,precision,recall,f1-score,support
accuracy,0.530316742081448,0.530316742081448,0.530316742081448,0.530316742081448
case,0.580091355837762,0.6176,0.5978707163296884,125.0
control,0.45486454721748837,0.4166666666666667,0.43428969326271893,96.0
macro avg,0.5174779515276251,0.5171333333333333,0.5160802047962035,221.0
weighted avg,0.5256941901022585,0.530316742081448,0.5268128963548961,221.0
