,precision,recall,f1-score,support
accuracy,0.4541538263995891,0.4541538263995891,0.4541538263995891,0.4541538263995891
case,0.5231921962253481,0.4611089108910891,0.4894631904037964,100.2
control,0.38461792558178093,0.4452494873547505,0.4121180496150556,76.4
macro avg,0.45390506090356453,0.4531791991229198,0.45079062000942594,176.6
weighted avg,0.46324485650237446,0.4541538263995891,0.4559566290983659,176.6
