,precision,recall,f1-score,support
accuracy,0.5900102722136621,0.5900102722136621,0.5900102722136621,0.5900102722136621
case,0.6580088812508073,0.5788316831683169,0.6125474495340137,100.2
control,0.5263947106203843,0.6049213943950786,0.5592167451927305,76.4
macro avg,0.5922017959355959,0.5918765387816978,0.585882097363372,176.6
weighted avg,0.6010992334992711,0.5900102722136621,0.5894352602751667,176.6
