,precision,recall,f1-score,support
accuracy,0.70667051874679,0.70667051874679,0.70667051874679,0.70667051874679
case,0.7582891336436144,0.7087128712871287,0.7322909507076492,100.2
control,0.6496956864031995,0.7040328092959672,0.6753005597292068,76.4
macro avg,0.703992410023407,0.706372840291548,0.703795755218428,176.6
weighted avg,0.7113419868226724,0.70667051874679,0.7076433420261379,176.6
