,precision,recall,f1-score,support
accuracy,0.5113122171945701,0.5113122171945701,0.5113122171945701,0.5113122171945701
case,0.5808649472015809,0.472,0.5198045653272892,125.0
control,0.4525174825174825,0.5625,0.5008591803419538,96.0
macro avg,0.5166912148595317,0.51725,0.5103318728346216,221.0
weighted avg,0.5251122023614296,0.5113122171945701,0.5115748958313968,221.0
