,precision,recall,f1-score,support
accuracy,0.684879252797801,0.684879252797801,0.684879252797801,0.684879252797801
case,0.7242383715326488,0.7185473815461346,0.7211294995809128,400.8
control,0.6348689261171393,0.6406793099753563,0.6373832671393647,305.6
macro avg,0.679553648824894,0.6796133457607455,0.6792563833601387,706.4
weighted avg,0.6855697617907534,0.684879252797801,0.684905984699553,706.4
