,precision,recall,f1-score,support
accuracy,0.5411764705882354,0.5411764705882354,0.5411764705882354,0.5411764705882354
case,0.591816447368421,0.6096,0.6004608756932316,125.0
control,0.4703934506353861,0.4520833333333333,0.46088394294916035,96.0
macro avg,0.5311049490019035,0.5308416666666667,0.530672409321196,221.0
weighted avg,0.5390716162083697,0.5411764705882354,0.5398301718768025,221.0
