,precision,recall,f1-score,support
accuracy,0.5730449451258359,0.5730449451258359,0.5730449451258359,0.5730449451258359
case,0.6379416417172206,0.572356608478803,0.6032425818825241,400.8
control,0.5058870245409641,0.5739547840994321,0.5376545373311892,305.6
macro avg,0.5719143331290925,0.5731556962891176,0.5704485596068566,706.4
weighted avg,0.5808138147890524,0.5730449451258359,0.574867179002979,706.4
