,precision,recall,f1-score,support
accuracy,0.5073125321006676,0.5073125321006676,0.5073125321006676,0.5073125321006676
case,0.5656825732407128,0.5707128712871288,0.5669667273811547,100.2
control,0.4291962100917324,0.42419685577580307,0.42509000048859347,76.4
macro avg,0.4974393916662227,0.4974548635314659,0.49602836393487415,176.6
weighted avg,0.5066375647814264,0.5073125321006676,0.5055816311173076,176.6
