,precision,recall,f1-score,support
accuracy,0.7938815006551242,0.7938815006551242,0.7938815006551242,0.7938815006551242
case,0.8361677769558129,0.7919139650872818,0.8134063067337992,400.8
control,0.7448889237590631,0.7964555876995607,0.7697669598044502,305.6
macro avg,0.7905283503574381,0.7941847763934212,0.7915866332691247,706.4
weighted avg,0.7966787321878066,0.7938815006551242,0.7945284148233085,706.4
