,precision,recall,f1-score,support
accuracy,0.5294117647058825,0.5294117647058825,0.5294117647058825,0.5294117647058825
case,0.5905756009964603,0.5488,0.5686568977005099,125.0
control,0.46169214451023344,0.5041666666666667,0.48173243506911845,96.0
macro avg,0.5261338727533469,0.5264833333333334,0.5251946663848142,221.0
weighted avg,0.5345900271381898,0.5294117647058825,0.5308978551094982,221.0
