,precision,recall,f1-score,support
accuracy,0.5300269645608628,0.5300269645608628,0.5300269645608628,0.5300269645608628
case,0.61759085562523,0.46106930693069303,0.5269404029697586,100.2
control,0.4658418477775224,0.6201982228298017,0.5315314899779852,76.4
macro avg,0.5417163517013762,0.5406337648802475,0.5292359464738718,176.6
weighted avg,0.5519361192065528,0.5300269645608628,0.5289839223520135,176.6
