,precision,recall,f1-score,support
accuracy,0.5040723981900452,0.5040723981900452,0.5040723981900452,0.5040723981900452
case,0.5695350831976721,0.5056,0.5326210249055656,125.0
control,0.43788610045731574,0.5020833333333334,0.4652454478550997,96.0
macro avg,0.5037105918274939,0.5038416666666666,0.4989332363803326,221.0
weighted avg,0.512348194767472,0.5040723981900452,0.503353805915318,221.0
