,precision,recall,f1-score,support
accuracy,0.4914027149321266,0.4914027149321266,0.4914027149321266,0.4914027149321266
case,0.5539495027040864,0.5152,0.5305388350324329,125.0
control,0.4217917009268807,0.4604166666666667,0.43646993089192065,96.0
macro avg,0.48787060181548353,0.48780833333333334,0.48350438296217674,221.0
weighted avg,0.4965415888099156,0.4914027149321266,0.4896763246365542,221.0
