,precision,recall,f1-score,support
accuracy,0.6047525553850408,0.6047525553850408,0.6047525553850408,0.6047525553850408
case,0.6649870500939661,0.6112730673316709,0.6369803297809878,400.8
control,0.5391355933506775,0.596204864459445,0.5662154193273079,305.6
macro avg,0.6020613217223219,0.6037389658955579,0.6015978745541478,706.4
weighted avg,0.6105423455784458,0.6047525553850408,0.6063657511096846,706.4
