,precision,recall,f1-score,support
accuracy,0.6308230611196712,0.6308230611196712,0.6308230611196712,0.6308230611196712
case,0.7052494611194712,0.6086534653465346,0.6520622112409523,100.2
control,0.5600687237026648,0.6600136705399864,0.6047183436280882,76.4
macro avg,0.6326590924110681,0.6343335679432605,0.6283902774345203,176.6
weighted avg,0.642442449195871,0.6308230611196712,0.6315566143999876,176.6
