,precision,recall,f1-score,support
accuracy,0.47058823529411764,0.47058823529411764,0.47058823529411764,0.47058823529411764
case,0.5320189793480117,0.5392,0.5354493371586253,125.0
control,0.3874113395752628,0.38125,0.384131205819111,96.0
macro avg,0.45971515946163716,0.460225,0.4597902714888682,221.0
weighted avg,0.4692029910304374,0.47058823529411764,0.4697183841785648,221.0
