,precision,recall,f1-score,support
accuracy,0.7817122181663735,0.7817122181663735,0.7817122181663735,0.7817122181663735
case,0.8371702583793394,0.7639738154613467,0.7988116152991488,400.8
control,0.722420209686326,0.8049630343940855,0.7613668847311246,305.6
macro avg,0.7797952340328328,0.7844684249277161,0.7800892500151366,706.4
weighted avg,0.7875246382484089,0.7817122181663735,0.7826138338857258,706.4
