,precision,recall,f1-score,support
accuracy,0.6834620208277404,0.6834620208277404,0.6834620208277404,0.6834620208277404
case,0.7305910587995847,0.7010773067331671,0.7151094112945247,400.8
control,0.6281892272024714,0.6603107253830494,0.6433012691305382,305.6
macro avg,0.6793901430010281,0.6806940160581083,0.6792053402125314,706.4
weighted avg,0.6862835617421672,0.6834620208277404,0.6840510782487526,706.4
