,precision,recall,f1-score,support
accuracy,0.7177208089080863,0.7177208089080863,0.7177208089080863,0.7177208089080863
case,0.786065800307618,0.6921346633416459,0.7352548793817661,400.8
control,0.6513947840297754,0.7513275474124075,0.6969750855341116,305.6
macro avg,0.7187302921686968,0.7217311053770267,0.7161149824579389,706.4
weighted avg,0.7278152550634408,0.7177208089080863,0.7186888612944164,706.4
