,precision,recall,f1-score,support
accuracy,0.4796380090497737,0.4796380090497737,0.4796380090497737,0.4796380090497737
case,0.538612898113774,0.5631999999999999,0.550194896658211,125.0
control,0.39351630628145556,0.37083333333333335,0.3812045446960058,96.0
macro avg,0.4660646021976148,0.4670166666666667,0.46569972067710835,221.0
weighted avg,0.47558451433140947,0.4796380090497737,0.4767873229551716,221.0
