,precision,recall,f1-score,support
accuracy,0.6353322301068633,0.6353322301068633,0.6353322301068633,0.6353322301068633
case,0.7029443026587165,0.6247468827930175,0.6591853481843336,400.8
control,0.5698126736727052,0.6491846137362048,0.6045453176426927,305.6
macro avg,0.6363784881657109,0.6369657482646112,0.6318653329135132,706.4
weighted avg,0.6453475496136728,0.6353322301068633,0.635552710387912,706.4
