,precision,recall,f1-score,support
accuracy,0.6862737544940936,0.6862737544940936,0.6862737544940936,0.6862737544940936
case,0.7404632731046845,0.6925544554455445,0.7141666666666666,100.2
control,0.6281738311259185,0.678298017771702,0.6502765445800962,76.4
macro avg,0.6843185521153016,0.6854262366086232,0.6822216056233814,176.6
weighted avg,0.6919213247486745,0.6862737544940936,0.6864879992602662,176.6
