,precision,recall,f1-score,support
accuracy,0.4769230769230769,0.4769230769230769,0.4769230769230769,0.4769230769230769
case,0.5397016229327907,0.5248,0.531500790913214,125.0
control,0.3989176656068122,0.4145833333333333,0.40586650932836293,96.0
macro avg,0.4693096442698014,0.4696916666666667,0.46868365012078844,221.0
weighted avg,0.47854660074594024,0.4769230769230769,0.47692662334694386,221.0
