,precision,recall,f1-score,support
accuracy,0.5526964560862866,0.5526964560862866,0.5526964560862866,0.5526964560862866
case,0.6146964146964147,0.566950495049505,0.58950400471939,100.2
control,0.4848930772702529,0.5340396445659603,0.5079054777661097,76.4
macro avg,0.5497947459833338,0.5504950698077327,0.5487047412427499,176.6
weighted avg,0.5585541625560968,0.5526964560862866,0.5542015548258588,176.6
