,precision,recall,f1-score,support
accuracy,0.46787330316742076,0.46787330316742076,0.46787330316742076,0.46787330316742076
case,0.5310199942695192,0.504,0.5170209826377608,125.0
control,0.3946456987900935,0.4208333333333333,0.40717481087999075,96.0
macro avg,0.4628328465298063,0.46241666666666664,0.46209789675887575,221.0
weighted avg,0.4717804813010809,0.46787330316742076,0.4693049985257883,221.0
