,precision,recall,f1-score,support
accuracy,0.5627953261427837,0.5627953261427837,0.5627953261427837,0.5627953261427837
case,0.6248978652758721,0.5747722772277228,0.5971988900067913,100.2
control,0.49670609548167094,0.5470950102529051,0.5189164938396348,76.4
macro avg,0.5608019803787715,0.560933643740314,0.5580576919232131,176.6
weighted avg,0.5694484259277554,0.5627953261427837,0.5633349270506196,176.6
