,precision,recall,f1-score,support
accuracy,0.7839716954293567,0.7839716954293567,0.7839716954293567,0.7839716954293567
case,0.8299437978056368,0.7789376558603491,0.8036086864038184,400.8
control,0.731668657238947,0.7905582342226508,0.7599468093974646,305.6
macro avg,0.780806227522292,0.7847479450414999,0.7817777479006415,706.4
weighted avg,0.7874257148380501,0.7839716954293567,0.7847218677562582,706.4
