,precision,recall,f1-score,support
accuracy,0.5718733949666153,0.5718733949666153,0.5718733949666153,0.5718733949666153
case,0.6214878583005794,0.6288316831683168,0.6246561265313567,100.2
control,0.5059078747954008,0.49733424470266574,0.5008681842700871,76.4
macro avg,0.5636978665479901,0.5630829639354913,0.5627621554007219,176.6
weighted avg,0.5715243717958527,0.5718733949666153,0.5710871117928522,176.6
