,precision,recall,f1-score,support
accuracy,0.7077812018489984,0.7077812018489984,0.7077812018489984,0.7077812018489984
case,0.7617761337834976,0.7125346534653465,0.7336003354095796,100.2
control,0.653259978577583,0.7019822282980177,0.673468544347108,76.4
macro avg,0.7075180561805403,0.7072584408816821,0.7035344398783439,176.6
weighted avg,0.7149070725022562,0.7077812018489984,0.7075302397013921,176.6
