,precision,recall,f1-score,support
accuracy,0.4904977375565611,0.4904977375565611,0.4904977375565611,0.4904977375565611
case,0.5465415159990261,0.5776,0.5613458714998261,125.0
control,0.4076022545192215,0.3770833333333333,0.3912593964615181,96.0
macro avg,0.4770718852591238,0.4773416666666666,0.47630263398067213,221.0
weighted avg,0.48618780965485764,0.4904977375565611,0.4874621538361267,221.0
