,precision,recall,f1-score,support
accuracy,0.7137552039299437,0.7137552039299437,0.7137552039299437,0.7137552039299437
case,0.7660202647409019,0.7135586034912718,0.7386431011853467,400.8
control,0.6557608691338677,0.7139933569056038,0.6833875840758565,305.6
macro avg,0.7108905669373847,0.7137759801984378,0.7110153426306016,706.4
weighted avg,0.7183175462178323,0.7137552039299437,0.7147415217952047,706.4
