,precision,recall,f1-score,support
accuracy,0.6475083242844721,0.6475083242844721,0.6475083242844721,0.6475083242844721
case,0.7059020063564672,0.6501695760598504,0.6762405805829459,400.8
control,0.5847598318306853,0.6440201435765563,0.6122478960425797,305.6
macro avg,0.6453309190935762,0.6470948598182034,0.6442442383127628,706.4
weighted avg,0.6534943155153934,0.6475083242844721,0.6485560712281886,706.4
