,precision,recall,f1-score,support
accuracy,0.5880450853664889,0.5880450853664889,0.5880450853664889,0.5880450853664889
case,0.6546835717849891,0.5803416458852867,0.6151659048117358,400.8
control,0.5207002500993008,0.5981677917068466,0.5566492620575992,305.6
macro avg,0.587691910942145,0.5892547187960667,0.5859075834346675,706.4
weighted avg,0.5967219327479673,0.5880450853664889,0.5898473353411287,706.4
