,precision,recall,f1-score,support
accuracy,0.5122171945701357,0.5122171945701357,0.5122171945701357,0.5122171945701357
case,0.5792528464652358,0.5024,0.5375815350567756,125.0
control,0.4477455879894904,0.525,0.48288585944266493,96.0
macro avg,0.5134992172273631,0.5137,0.5102336972497203,221.0
weighted avg,0.5221275215164958,0.5122171945701357,0.5138223275501936,221.0
