,precision,recall,f1-score,support
accuracy,0.5730611196712891,0.5730611196712891,0.5730611196712891,0.5730611196712891
case,0.6288084014250342,0.6007128712871287,0.6139429907491417,100.2
control,0.5078055246730449,0.5368079289131921,0.521346945878086,76.4
macro avg,0.5683069630490396,0.5687604001001604,0.5676449683136139,176.6
weighted avg,0.5764537477634841,0.5730611196712891,0.573878219452323,176.6
