,precision,recall,f1-score,support
accuracy,0.5276018099547511,0.5276018099547511,0.5276018099547511,0.5276018099547511
case,0.583908722265579,0.5744,0.5790268442640158,125.0
control,0.4569112587293477,0.4666666666666666,0.4616287531613977,96.0
macro avg,0.5204099904974633,0.5205333333333334,0.5203277987127068,221.0
weighted avg,0.5287424032634152,0.5276018099547511,0.5280303884004351,221.0
