,precision,recall,f1-score,support
accuracy,0.7123715973292244,0.7123715973292244,0.7123715973292244,0.7123715973292244
case,0.7595563454406331,0.7225940594059406,0.7402222764898887,100.2
control,0.6580411255411256,0.6991114149008886,0.6774700905385205,76.4
macro avg,0.7087987354908794,0.7108527371534146,0.7088461835142045,176.6
weighted avg,0.7156648544839983,0.7123715973292244,0.7130561417886063,176.6
