,precision,recall,f1-score,support
accuracy,0.7154661398960617,0.7154661398960617,0.7154661398960617,0.7154661398960617
case,0.7862007868234413,0.6861371571072319,0.7318147653140901,400.8
control,0.6480595474484141,0.7539054966248795,0.6961308097501997,305.6
macro avg,0.7171301671359276,0.7200213268660557,0.713972787532145,706.4
weighted avg,0.7264341604282805,0.7154661398960617,0.716380699538996,706.4
