,precision,recall,f1-score,support
accuracy,0.5095022624434389,0.5095022624434389,0.5095022624434389,0.5095022624434389
case,0.5673629890624861,0.5584,0.5626164088866583,125.0
control,0.4369706152455901,0.4458333333333333,0.4410594220201844,96.0
macro avg,0.5021668021540381,0.5021166666666665,0.5018379154534214,221.0
weighted avg,0.5107219579022054,0.5095022624434389,0.5098133738677375,221.0
