,precision,recall,f1-score,support
accuracy,0.780294585508733,0.780294585508733,0.780294585508733,0.780294585508733
case,0.8291702561893178,0.7719551122194513,0.7994704852899821,400.8
control,0.7257789208194315,0.7912332583306547,0.7570101898619988,305.6
macro avg,0.7774745885043747,0.781594185275053,0.7782403375759904,706.4
weighted avg,0.7844420861859144,0.780294585508733,0.7811014976304047,706.4
