,precision,recall,f1-score,support
accuracy,0.7067604006163328,0.7067604006163328,0.7067604006163328,0.7067604006163328
case,0.7505035881629539,0.7226534653465346,0.7358219672544202,100.2
control,0.6560116021146192,0.6858851674641148,0.6699096046414301,76.4
macro avg,0.7032575951387865,0.7042693164053248,0.7028657859479251,176.6
weighted avg,0.7096222266780006,0.7067604006163328,0.7073127763566427,176.6
