,precision,recall,f1-score,support
accuracy,0.49826656394453,0.49826656394453,0.49826656394453,0.49826656394453
case,0.5642758620689655,0.5048514851485149,0.53253518503738,100.2
control,0.43015937869870446,0.4894053315105946,0.4575043851690558,76.4
macro avg,0.497217620383835,0.49712840832955474,0.4950197851032179,176.6
weighted avg,0.5062624540135424,0.49826656394453,0.5001278901291756,176.6
