,precision,recall,f1-score,support
accuracy,0.5149321266968326,0.5149321266968326,0.5149321266968326,0.5149321266968326
case,0.5780217954521054,0.5296000000000001,0.5526266534545247,125.0
control,0.4469657904246015,0.4958333333333333,0.47000612162385347,96.0
macro avg,0.5124937929383535,0.5127166666666667,0.5113163875391891,221.0
weighted avg,0.5210924901007915,0.5149321266968326,0.5167371916638259,221.0
