,precision,recall,f1-score,support
accuracy,0.4995475113122172,0.4995475113122172,0.4995475113122172,0.4995475113122172
case,0.5586969001182128,0.5488000000000001,0.5535707028413295,125.0
control,0.4255287738266461,0.4354166666666666,0.4302550882701258,96.0
macro avg,0.4921128369724294,0.49210833333333326,0.49191289555572765,221.0
weighted avg,0.5008501122268536,0.4995475113122172,0.5000037390456935,221.0
