,precision,recall,f1-score,support
accuracy,0.5572290703646636,0.5572290703646636,0.5572290703646636,0.5572290703646636
case,0.6164361259877243,0.5848712871287128,0.597148032628627,100.2
control,0.4901474641087621,0.52053998632946,0.5020471646063849,76.4
macro avg,0.5532917950482432,0.5527056367290865,0.5495975986175059,176.6
weighted avg,0.5618079353897025,0.5572290703646636,0.5561040864099935,176.6
