,precision,recall,f1-score,support
accuracy,0.60929635336415,0.60929635336415,0.60929635336415,0.60929635336415
case,0.6752114504758089,0.6008514851485149,0.6349598268637735,100.2
control,0.5433880017627528,0.6203691045796309,0.5784762642510665,76.4
macro avg,0.6092997261192808,0.6106102948640728,0.60671804555742,176.6
weighted avg,0.6181914826985004,0.60929635336415,0.6105295930014273,176.6
