,precision,recall,f1-score,support
accuracy,0.7907669560966619,0.7907669560966619,0.7907669560966619,0.7907669560966619
case,0.8376079418854496,0.7829463840399002,0.8093083902641329,400.8
control,0.7380620586065396,0.8010371798992821,0.7682046084068449,305.6
macro avg,0.7878350002459946,0.7919917819695912,0.7887564993354889,706.4
weighted avg,0.7945484485226854,0.7907669560966619,0.791526223189482,706.4
