,precision,recall,f1-score,support
accuracy,0.4904977375565611,0.4904977375565611,0.4904977375565611,0.4904977375565611
case,0.5563994501476659,0.4864,0.5182637428385651,125.0
control,0.42599410804112636,0.4958333333333333,0.45766296942646345,96.0
macro avg,0.4911967790943962,0.49111666666666665,0.4879633561325143,221.0
weighted avg,0.49975278570319626,0.4904977375565611,0.49193942497629467,221.0
