,precision,recall,f1-score,support
accuracy,0.6214640322793914,0.6214640322793914,0.6214640322793914,0.6214640322793914
case,0.6819897752826193,0.6337032418952618,0.6526722599835415,400.8
control,0.5603039246532735,0.6052759027108111,0.5774066984192824,305.6
macro avg,0.6211468499679464,0.6194895723030365,0.615039479201412,706.4
weighted avg,0.6293330083414495,0.6214640322793914,0.6201339257633585,706.4
