,precision,recall,f1-score,support
accuracy,0.5321391884951208,0.5321391884951208,0.5321391884951208,0.5321391884951208
case,0.5925387295576426,0.5627722772277227,0.575988266817755,100.2
control,0.4616047197928731,0.49196855775803144,0.4750528191324241,76.4
macro avg,0.5270717246752579,0.527370417492877,0.5255205429750894,176.6
weighted avg,0.535912088373614,0.5321391884951208,0.5323295696869974,176.6
