,precision,recall,f1-score,support
accuracy,0.6353620955315871,0.6353620955315871,0.6353620955315871,0.6353620955315871
case,0.6982853499443246,0.6307524752475248,0.6598501859652474,100.2
control,0.5732429990966577,0.6409432672590567,0.6026744563453424,76.4
macro avg,0.635764174520491,0.6358478712532907,0.6312623211552949,176.6
weighted avg,0.6441557706541678,0.6353620955315871,0.6351993863843421,176.6
