,precision,recall,f1-score,support
accuracy,0.7010208012326656,0.7010208012326656,0.7010208012326656,0.7010208012326656
case,0.7479563434079172,0.7127524752475247,0.7291115659779278,100.2
control,0.6484662518801109,0.6857142857142857,0.6655104569810453,76.4
macro avg,0.698211297644014,0.6992333804809052,0.6973110114794865,176.6
weighted avg,0.704952741942283,0.7010208012326656,0.701598467299613,176.6
