,precision,recall,f1-score,support
accuracy,0.500520030816641,0.500520030816641,0.500520030816641,0.500520030816641
case,0.5674843037681595,0.5150495049504951,0.5392822899419758,100.2
control,0.4288740392294156,0.4816131237183868,0.4530539302241733,76.4
macro avg,0.49817917149878754,0.498331314334441,0.4961681100830745,176.6
weighted avg,0.5075331146177529,0.500520030816641,0.501953366816363,176.6
