,precision,recall,f1-score,support
accuracy,0.7197114248049653,0.7197114248049653,0.7197114248049653,0.7197114248049653
case,0.7735506570217393,0.7185847880299252,0.7438270321185054,400.8
control,0.6626353084667793,0.721268616736312,0.689452645898265,305.6
macro avg,0.7180929827442594,0.7199267023831186,0.7166398390083852,706.4
weighted avg,0.7255833017644292,0.7197114248049653,0.720294922970006,706.4
