,precision,recall,f1-score,support
accuracy,0.48144796380090493,0.48144796380090493,0.48144796380090493,0.48144796380090493
case,0.5447773309459931,0.5072,0.5252348092739332,125.0
control,0.4109145265959476,0.4479166666666667,0.42853585119634685,96.0
macro avg,0.4778459287709704,0.47755833333333336,0.47688533023514,221.0
weighted avg,0.4866287824500458,0.48144796380090493,0.4832298320094613,221.0
