,precision,recall,f1-score,support
accuracy,0.4868778280542986,0.4868778280542986,0.4868778280542986,0.4868778280542986
case,0.5494756399224812,0.5168,0.5325416499657031,125.0
control,0.41562539570618134,0.4479166666666667,0.43106964239068724,96.0
macro avg,0.4825505178143312,0.48235833333333333,0.48180564617819516,221.0
weighted avg,0.4913325474122333,0.4868778280542986,0.4884633118335695,221.0
