,precision,recall,f1-score,support
accuracy,0.7828377495782763,0.7828377495782763,0.7828377495782763,0.7828377495782763
case,0.8250910640823037,0.7834239401496259,0.8036646103506389,400.8
control,0.7336650914956435,0.7820657880638594,0.7570232125681862,305.6
macro avg,0.7793780777889736,0.7827448641067427,0.7803439114594124,706.4
weighted avg,0.7855376846081962,0.7828377495782763,0.7834869547789407,706.4
