,precision,recall,f1-score,support
accuracy,0.7270030816640987,0.7270030816640987,0.7270030816640987,0.7270030816640987
case,0.7688090600224287,0.7425148514851485,0.7541577030003115,100.2
control,0.6799408500352973,0.7066302118933698,0.6915557842279733,76.4
macro avg,0.724374955028863,0.7245725316892592,0.7228567436141423,176.6
weighted avg,0.7303866264995933,0.7270030816640987,0.7270930215574524,176.6
