,precision,recall,f1-score,support
accuracy,0.5323061119671288,0.5323061119671288,0.5323061119671288,0.5323061119671288
case,0.6009849376351306,0.5471089108910892,0.5665246926653327,100.2
control,0.4618758702311333,0.5136705399863295,0.4805082436803364,76.4
macro avg,0.5314304039331319,0.5303897254387093,0.5235164681728345,176.6
weighted avg,0.5408326848019123,0.5323061119671288,0.529157024939863,176.6
