,precision,recall,f1-score,support
accuracy,0.6933786377423659,0.6933786377423659,0.6933786377423659,0.6933786377423659
case,0.7463393308237197,0.6961109725685786,0.7201988879024073,400.8
control,0.6342345146264105,0.6897803492981891,0.6606783514980756,305.6
macro avg,0.6902869227250651,0.6929456609333838,0.6904386197002415,706.4
weighted avg,0.6978389339839594,0.6933786377423659,0.6944514838386338,706.4
