,precision,recall,f1-score,support
accuracy,0.4805429864253393,0.4805429864253393,0.4805429864253393,0.4805429864253393
case,0.5405552043495739,0.5408,0.5403915174577848,125.0
control,0.4022261002113009,0.4020833333333333,0.40181611700078657,96.0
macro avg,0.47139065228043747,0.4714416666666666,0.4711038172292857,221.0
weighted avg,0.4804665437284236,0.4805429864253393,0.4801958683904915,221.0
