,precision,recall,f1-score,support
accuracy,0.5820953756646405,0.5820953756646405,0.5820953756646405,0.5820953756646405
case,0.6491598796737997,0.57356608478803,0.6089871375969323,401.0
control,0.5146828415036864,0.5932792242580093,0.5511580021283218,305.5
macro avg,0.5819213605887431,0.5834226545230196,0.5800725698626271,706.5
weighted avg,0.5910097788989255,0.5820953756646405,0.583983348817642,706.5
