,precision,recall,f1-score,support
accuracy,0.7766118659619907,0.7766118659619907,0.7766118659619907,0.7766118659619907
case,0.8153598944396261,0.7839164588528679,0.7990619225919513,400.8
control,0.7311309359730475,0.7670266795242687,0.7482877223407927,305.6
macro avg,0.7732454152063368,0.7754715691885682,0.773674822466372,706.4
weighted avg,0.7789185785937202,0.7766118659619907,0.7770960459539743,706.4
