,precision,recall,f1-score,support
accuracy,0.45248868778280543,0.45248868778280543,0.45248868778280543,0.45248868778280543
case,0.5166828156169848,0.4944,0.5052656131777677,125.0
control,0.3767411598302687,0.3979166666666667,0.3870079829795393,96.0
macro avg,0.4467119877236268,0.4461583333333333,0.4461367980786535,221.0
weighted avg,0.455893680071624,0.45248868778280543,0.45389578286541504,221.0
