,precision,recall,f1-score,support
accuracy,0.49411764705882344,0.49411764705882344,0.49411764705882344,0.49411764705882344
case,0.555986449232152,0.5104,0.5276109550219819,125.0
control,0.42709047384477106,0.4729166666666666,0.44464359670367176,96.0
macro avg,0.4915384615384615,0.49165833333333336,0.4861272758628267,221.0
weighted avg,0.499995437299172,0.49411764705882344,0.49157083557149417,221.0
