,precision,recall,f1-score,support
accuracy,0.48144796380090493,0.48144796380090493,0.48144796380090493,0.48144796380090493
case,0.5466687473990846,0.5008,0.5202638324093882,125.0
control,0.410654412392842,0.45625,0.4300499322825055,96.0
macro avg,0.4786615798959632,0.478525,0.47515688234594683,221.0
weighted avg,0.48758559735112394,0.48144796380090493,0.4810758938927332,221.0
