,precision,recall,f1-score,support
accuracy,0.5005136106831022,0.5005136106831022,0.5005136106831022,0.5005136106831022
case,0.5638021067339201,0.5247920792079208,0.5430630390591454,100.2
control,0.4293691394229029,0.46842105263157896,0.4475201829113183,76.4
macro avg,0.4965856230784114,0.4966065659197499,0.49529161098523183,176.6
weighted avg,0.505649410474341,0.5005136106831022,0.5017863231598787,176.6
