,precision,recall,f1-score,support
accuracy,0.8771259481269859,0.8771259481269859,0.8771259481269859,0.8771259481269859
case,0.9046876525326895,0.8757543640897756,0.8899342506606069,400.8
control,0.8437781796402766,0.8789371048966034,0.8609246438126027,305.6
macro avg,0.8742329160864829,0.8773457344931895,0.8754294472366049,706.4
weighted avg,0.8783414857420121,0.8771259481269859,0.8773837279900756,706.4
