,precision,recall,f1-score,support
accuracy,0.6508973398351572,0.6508973398351572,0.6508973398351572,0.6508973398351572
case,0.7114648061804058,0.6486807980049875,0.6772145637696163,400.8
control,0.5888305851156119,0.6538433515482696,0.6180539198904349,305.6
macro avg,0.6501476956480088,0.6512620747766286,0.6476342418300256,706.4
weighted avg,0.6584171597608488,0.6508973398351572,0.6516152936208395,706.4
