,precision,recall,f1-score,support
accuracy,0.4805429864253393,0.4805429864253393,0.4805429864253393,0.4805429864253393
case,0.5479670515362896,0.48319999999999996,0.5111825901970624,125.0
control,0.41185937970490816,0.4770833333333334,0.43976879609775443,96.0
macro avg,0.47991321562059885,0.48014166666666663,0.4754756931474084,221.0
weighted avg,0.48884335698510134,0.4805429864253393,0.4801612135747385,221.0
