,precision,recall,f1-score,support
accuracy,0.7236196712891628,0.7236196712891628,0.7236196712891628,0.7236196712891628
case,0.7626664777078624,0.7464950495049505,0.7542544391711828,100.2
control,0.6751994564845971,0.6934723171565278,0.6838753821478573,76.4
macro avg,0.7189329670962298,0.719983683330739,0.71906491065952,176.6
weighted avg,0.7248247185115098,0.7236196712891628,0.7238378062385781,176.6
