,precision,recall,f1-score,support
accuracy,0.5356959424756035,0.5356959424756035,0.5356959424756035,0.5356959424756035
case,0.5928391340156046,0.5746534653465346,0.5824964481090115,100.2
control,0.4669601716113344,0.4843814080656186,0.4741155928331723,76.4
macro avg,0.5298996528134695,0.5295174367060766,0.5283060204710919,176.6
weighted avg,0.5383707648812968,0.5356959424756035,0.5356519406184108,176.6
