,precision,recall,f1-score,support
accuracy,0.5028184386235234,0.5028184386235234,0.5028184386235234,0.5028184386235234
case,0.566328352851438,0.5248316831683169,0.5445350636956874,100.2
control,0.4323441453876236,0.47385509227614486,0.4519084975146783,76.4
macro avg,0.4993362491195309,0.49934338772223086,0.49822178060518285,176.6
weighted avg,0.5083692595206759,0.5028184386235234,0.5044856226711845,176.6
