,precision,recall,f1-score,support
accuracy,0.8578733106009914,0.8578733106009914,0.8578733106009914,0.8578733106009914
case,0.8805492706827973,0.8672618453865336,0.8737935678149131,400.8
control,0.8294334154499191,0.8455544840887175,0.8373222921105838,305.6
macro avg,0.8549913430663583,0.8564081647376256,0.8555579299627485,706.4
weighted avg,0.8584342396431198,0.8578733106009914,0.8580159580457927,706.4
