,precision,recall,f1-score,support
accuracy,0.5004524886877828,0.5004524886877828,0.5004524886877828,0.5004524886877828
case,0.5655749697074192,0.496,0.5280220402124292,125.0
control,0.43656999105208427,0.50625,0.4684276222106112,96.0
macro avg,0.5010724803797517,0.5011249999999999,0.49822483121152017,221.0
weighted avg,0.5095366079385859,0.5004524886877828,0.5021348722116394,221.0
