,precision,recall,f1-score,support
accuracy,0.6257057110000762,0.6257057110000762,0.6257057110000762,0.6257057110000762
case,0.6891115627925372,0.6202506234413965,0.652756562193056,400.8
control,0.559693763392961,0.6328490303225116,0.5939134895836817,305.6
macro avg,0.6244026630927492,0.626549826881954,0.6233350258883688,706.4
weighted avg,0.6331228107742721,0.6257057110000762,0.6273022303995626,706.4
