,precision,recall,f1-score,support
accuracy,0.4714932126696832,0.4714932126696832,0.4714932126696832,0.4714932126696832
case,0.5320478240766352,0.5408000000000001,0.5362313758653452,125.0
control,0.3896732425560325,0.38125,0.3851993467862164,96.0
macro avg,0.46086053331633386,0.46102499999999996,0.46071536132578084,221.0
weighted avg,0.47020185201338693,0.4714932126696832,0.4706247026002033,221.0
