,precision,recall,f1-score,support
accuracy,0.7157402102007044,0.7157402102007044,0.7157402102007044,0.7157402102007044
case,0.7642345188908306,0.7220685785536161,0.7422202966851954,400.8
control,0.6606111875955927,0.7074724097289189,0.6828431846250115,305.6
macro avg,0.7124228532432116,0.7147704941412674,0.7125317406551035,706.4
weighted avg,0.7194116094048674,0.7157402102007044,0.7165290658798126,706.4
