,precision,recall,f1-score,support
accuracy,0.4751131221719457,0.4751131221719457,0.4751131221719457,0.4751131221719457
case,0.5368599688089961,0.5328,0.5346785627141463,125.0
control,0.39549956514913565,0.4,0.39756261655671626,96.0
macro avg,0.4661797669790658,0.4664,0.46612058963543124,221.0
weighted avg,0.4754545445947581,0.4751131221719457,0.4751168847453079,221.0
