,precision,recall,f1-score,support
accuracy,0.7836864406779661,0.7836864406779661,0.7836864406779661,0.7836864406779661
case,0.8304002223339332,0.7784356435643565,0.803172344089699,100.2
control,0.7319016509531379,0.7906015037593985,0.7596096075487256,76.4
macro avg,0.7811509366435354,0.7845185736618775,0.7813909758192122,176.6
weighted avg,0.7877993480882781,0.7836864406779661,0.7843258453141044,176.6
