,precision,recall,f1-score,support
accuracy,0.6013803287108372,0.6013803287108372,0.6013803287108372,0.6013803287108372
case,0.6640033485003709,0.600970297029703,0.628946269430485,100.2
control,0.5381573131843604,0.6018796992481203,0.5659706801304324,76.4
macro avg,0.6010803308423657,0.6014249981389117,0.5974584747804588,176.6
weighted avg,0.6095737921738756,0.6013803287108372,0.601717370496719,176.6
