,precision,recall,f1-score,support
accuracy,0.5330316742081449,0.5330316742081449,0.5330316742081449,0.5330316742081449
case,0.5943691391437753,0.5504,0.5714575839814654,125.0
control,0.46552555414149577,0.5104166666666666,0.48685443215381285,96.0
macro avg,0.5299473466426357,0.5304083333333333,0.5291560080676392,221.0
weighted avg,0.538400885025138,0.5330316742081449,0.5347068935947928,221.0
