,precision,recall,f1-score,support
accuracy,0.6183680020544428,0.6183680020544428,0.6183680020544428,0.6183680020544428
case,0.6793550571725111,0.6207326732673267,0.6472893122474845,100.2
control,0.5558069055528312,0.6154818865345181,0.5823956804924525,76.4
macro avg,0.6175809813626711,0.6181072799009224,0.6148424963699686,176.6
weighted avg,0.6259436456181583,0.6183680020544428,0.6191874748133976,176.6
