,precision,recall,f1-score,support
accuracy,0.6240067956613549,0.6240067956613549,0.6240067956613549,0.6240067956613549
case,0.6990877792772643,0.5937980049875311,0.6414769270428565,400.8
control,0.5549990869997318,0.6635915568413158,0.6038469047733119,305.6
macro avg,0.6270434331384981,0.6286947809144234,0.6226619159080843,706.4
weighted avg,0.6367498917761616,0.6240067956613549,0.6252035982814064,706.4
