,precision,recall,f1-score,support
accuracy,0.6724222766266914,0.6724222766266914,0.6724222766266914,0.6724222766266914
case,0.7276865156912534,0.6756583541147132,0.7005743990690838,400.8
control,0.6111894414875676,0.6682010071788278,0.6382711613793058,305.6
macro avg,0.6694379785894105,0.6719296806467705,0.6694227802241948,706.4
weighted avg,0.6772920057166452,0.6724222766266914,0.6736181207296658,706.4
