,precision,recall,f1-score,support
accuracy,0.5028890600924499,0.5028890600924499,0.5028890600924499,0.5028890600924499
case,0.5678949699971809,0.5150495049504951,0.5401151699051889,100.2
control,0.4340990922939406,0.4869104579630895,0.4589259367722322,76.4
macro avg,0.5009970311455608,0.5009799814567922,0.49952055333871054,176.6
weighted avg,0.5100214850201347,0.5028890600924499,0.5050022659536595,176.6
