,precision,recall,f1-score,support
accuracy,0.6489535182331793,0.6489535182331793,0.6489535182331793,0.6489535182331793
case,0.70540307998112,0.6546732673267327,0.6788604637476123,100.2
control,0.5865557415378075,0.6413875598086125,0.612503820822132,76.4
macro avg,0.6459794107594637,0.6480304135676727,0.6456821422848721,176.6
weighted avg,0.6539874266832998,0.6489535182331793,0.6501671883789311,176.6
