,precision,recall,f1-score,support
accuracy,0.4877828054298642,0.4877828054298642,0.4877828054298642,0.4877828054298642
case,0.5529674900310664,0.4944,0.5219559627581408,125.0
control,0.4210326824928594,0.4791666666666667,0.44814118694022576,96.0
macro avg,0.4870000862619629,0.48678333333333335,0.4850485748491833,221.0
weighted avg,0.4956564424126597,0.4877828054298642,0.48989162575126366,221.0
