,precision,recall,f1-score,support
accuracy,0.7347107636704585,0.7347107636704585,0.7347107636704585,0.7347107636704585
case,0.7889208691683198,0.7270374064837906,0.756670610673131,400.8
control,0.6754149006762805,0.7447723132969035,0.70834898812075,305.6
macro avg,0.7321678849223001,0.7359048598903469,0.7325097993969405,706.4
weighted avg,0.7398157992785823,0.7347107636704585,0.7357660908226563,706.4
