,precision,recall,f1-score,support
accuracy,0.5866346650852863,0.5866346650852863,0.5866346650852863,0.5866346650852863
case,0.6472342605657462,0.5968179551122195,0.6209319177456799,400.8
control,0.5202336339839977,0.5732904746598093,0.5453950403030705,305.6
macro avg,0.583733947274872,0.5850542148860144,0.5831634790243753,706.4
weighted avg,0.5922934972022953,0.5866346650852863,0.5882518871527104,706.4
