,precision,recall,f1-score,support
accuracy,0.5288841807909604,0.5288841807909604,0.5288841807909604,0.5288841807909604
case,0.5993781151331212,0.503049504950495,0.5458951801356701,100.2
control,0.46625490118080315,0.5630553656869447,0.5091040800541757,76.4
macro avg,0.5328165081569621,0.5330524353187198,0.5274996300949228,176.6
weighted avg,0.5418180280924624,0.5288841807909604,0.5299320782448287,176.6
