,precision,recall,f1-score,support
accuracy,0.5176470588235295,0.5176470588235295,0.5176470588235295,0.5176470588235295
case,0.5890880372440914,0.4864,0.5326031649572232,125.0
control,0.45511716510193223,0.5583333333333333,0.5012943697395652,96.0
macro avg,0.5221026011730119,0.5223666666666666,0.5169487673483942,221.0
weighted avg,0.5308925452728367,0.5176470588235295,0.5190029643196885,221.0
