,precision,recall,f1-score,support
accuracy,0.5312217194570136,0.5312217194570136,0.5312217194570136,0.5312217194570136
case,0.590900728059819,0.5584,0.5737485518148495,125.0
control,0.46282585247878744,0.4958333333333333,0.47826709444486165,96.0
macro avg,0.5268632902693031,0.5271166666666667,0.5260078231298556,221.0
weighted avg,0.5352663929657963,0.5312217194570136,0.5322724436360313,221.0
