,precision,recall,f1-score,support
accuracy,0.5203619909502263,0.5203619909502263,0.5203619909502263,0.5203619909502263
case,0.5790487967272752,0.5504,0.5641810872370541,125.0
control,0.4526805756108348,0.48125,0.46632208857490526,96.0
macro avg,0.515864686169055,0.5158250000000001,0.5152515879059797,221.0
weighted avg,0.5241558137988667,0.5203619909502263,0.521672200940374,221.0
