,precision,recall,f1-score,support
accuracy,0.7372627428667593,0.7372627428667593,0.7372627428667593,0.7372627428667593
case,0.7856964807399829,0.7385274314214464,0.7613337273466587,400.8
control,0.682027948984259,0.7356198435658416,0.7077503181105702,305.6
macro avg,0.7338622148621209,0.737073637493644,0.7345420227286145,706.4
weighted avg,0.7408504718016145,0.7372627428667593,0.7381506472837633,706.4
