,precision,recall,f1-score,support
accuracy,0.5176470588235295,0.5176470588235295,0.5176470588235295,0.5176470588235295
case,0.5850317599885057,0.5056,0.5414186307491573,125.0
control,0.45364618489048586,0.5333333333333333,0.489473312203425,96.0
macro avg,0.5193389724394957,0.5194666666666666,0.5154459714762912,221.0
weighted avg,0.5279592929776011,0.5176470588235295,0.5188541484849478,221.0
