,precision,recall,f1-score,support
accuracy,0.7030035540988335,0.7030035540988335,0.7030035540988335,0.7030035540988335
case,0.7660923934421578,0.686640897755611,0.7237881381706817,400.8
control,0.6385870746244373,0.7244508732454731,0.6784267843023349,305.6
macro avg,0.7023397340332976,0.705545885500542,0.7011074612365082,706.4
weighted avg,0.7109302421174458,0.7030035540988335,0.7041661485089323,706.4
