,precision,recall,f1-score,support
accuracy,0.5538456599897278,0.5538456599897278,0.5538456599897278,0.5538456599897278
case,0.6208601666651202,0.548950495049505,0.5824082583437347,100.2
control,0.4864796687021265,0.560082023239918,0.5204330854617388,76.4
macro avg,0.5536699176836233,0.5545162591447115,0.5514206719027368,176.6
weighted avg,0.5627277352648581,0.5538456599897278,0.55563778108523,176.6
