,precision,recall,f1-score,support
accuracy,0.6500963020030817,0.6500963020030817,0.6500963020030817,0.6500963020030817
case,0.7077232691991778,0.6567326732673268,0.6806653854207744,100.2
control,0.5869854070660522,0.6415242652084757,0.6124145089762434,76.4
macro avg,0.647354338132615,0.6491284692379014,0.6465399471985089,176.6
weighted avg,0.6555166970932076,0.6500963020030817,0.6511240718231283,176.6
