,precision,recall,f1-score,support
accuracy,0.5424242424242424,0.5424242424242424,0.5424242424242424,0.5424242424242424
case,0.6056813658258365,0.5587722772277228,0.580455394381763,100.2
control,0.4729683151038806,0.5210868079289132,0.4950089590932496,76.4
macro avg,0.5393248404648585,0.5399295425783179,0.5377321767375063,176.6
weighted avg,0.5482715293346838,0.5424242424242424,0.5434696029497228,176.6
