,precision,recall,f1-score,support
accuracy,0.4895927601809955,0.4895927601809955,0.4895927601809955,0.4895927601809955
case,0.5488050135471327,0.5008,0.5189378904312589,125.0
control,0.4247439490450521,0.475,0.4446799513046413,96.0
macro avg,0.48677448129609246,0.48789999999999994,0.4818089208679501,221.0
weighted avg,0.49491423439690774,0.4895927601809955,0.48668104809571455,221.0
