,precision,recall,f1-score,support
accuracy,0.6274203903441192,0.6274203903441192,0.6274203903441192,0.6274203903441192
case,0.6702372747962969,0.6866534653465346,0.6746069227929693,100.2
control,0.5765773559643246,0.5500341763499658,0.5566151183880744,76.4
macro avg,0.6234073153803108,0.6183438208482502,0.6156110205905219,176.6
weighted avg,0.629756558090766,0.6274203903441192,0.6235116037871963,176.6
