,precision,recall,f1-score,support
accuracy,0.5085972850678733,0.5085972850678733,0.5085972850678733,0.5085972850678733
case,0.5669412687660079,0.5568000000000001,0.5617753032259607,125.0
control,0.4355832609576747,0.4458333333333333,0.44058792019581006,96.0
macro avg,0.5012622648618413,0.5013166666666666,0.5011816117108854,221.0
weighted avg,0.50988077668637,0.5085972850678733,0.5091328200997414,221.0
