,precision,recall,f1-score,support
accuracy,0.5869187525794264,0.5869187525794264,0.5869187525794264,0.5869187525794264
case,0.6478985227274314,0.5952905236907731,0.6203670405283388,400.8
control,0.5206821883265531,0.5759391406835959,0.5467965796854093,305.6
macro avg,0.5842903555269923,0.5856148321871844,0.583581810106874,706.4
weighted avg,0.592862740662223,0.5869187525794264,0.5885392831565884,706.4
