,precision,recall,f1-score,support
accuracy,0.7010272213662044,0.7010272213662044,0.7010272213662044,0.7010272213662044
case,0.7505139906038882,0.7086138613861387,0.7282324233718382,100.2
control,0.646272724242684,0.6911483253588517,0.6669659932075476,76.4
macro avg,0.6983933574232861,0.6998810933724952,0.6975992082896929,176.6
weighted avg,0.705433524804579,0.7010272213662044,0.7017205844348475,176.6
