,precision,recall,f1-score,support
accuracy,0.5107152028762199,0.5107152028762199,0.5107152028762199,0.5107152028762199
case,0.5776951813691877,0.5068316831683168,0.5364119394324094,100.2
control,0.4450140205311726,0.515892002734108,0.4753792820247601,76.4
macro avg,0.5113546009501801,0.5113618429512125,0.5058956107285848,176.6
weighted avg,0.520302878648417,0.5107152028762199,0.5099932828512559,176.6
