,precision,recall,f1-score,support
accuracy,0.6296753228540175,0.6296753228540175,0.6296753228540175,0.6296753228540175
case,0.7020031193998209,0.6123054862842892,0.6496812131837736,400.8
control,0.5645485928247703,0.6524225865209472,0.6021256924856415,305.6
macro avg,0.6332758561122956,0.6323640364026183,0.6259034528347075,706.4
weighted avg,0.642534614726058,0.6296753228540175,0.6291137433033037,706.4
