,precision,recall,f1-score,support
accuracy,0.7451399589111454,0.7451399589111454,0.7451399589111454,0.7451399589111454
case,0.7900735617039965,0.7545346534653465,0.7691700576104961,100.2
control,0.7008352270317599,0.732946001367054,0.7125792877129199,76.4
macro avg,0.7454543943678782,0.7437403274162003,0.740874672661708,176.6
weighted avg,0.7515049012699199,0.7451399589111454,0.744680304111297,176.6
