,precision,recall,f1-score,support
accuracy,0.6950751489556077,0.6950751489556077,0.6950751489556077,0.6950751489556077
case,0.7405295738391618,0.712571072319202,0.7259653277921724,400.8
control,0.6412638218339838,0.6720882888674595,0.6559112737142803,305.6
macro avg,0.6908966978365728,0.6923296805933308,0.6909383007532264,706.4
weighted avg,0.6975800365303518,0.6950751489556077,0.6956647495280489,706.4
