,precision,recall,f1-score,support
accuracy,0.48576656394453,0.48576656394453,0.48576656394453,0.48576656394453
case,0.5497986478288565,0.5068316831683168,0.5266433144502644,100.2
control,0.41530900477391175,0.45823650034176355,0.4349839410592555,76.4
macro avg,0.4825538263013841,0.48253409175504014,0.48081362775475994,176.6
weighted avg,0.4916123167410527,0.48576656394453,0.4869669918757483,176.6
