,precision,recall,f1-score,support
accuracy,0.4760180995475113,0.4760180995475113,0.4760180995475113,0.4760180995475113
case,0.5378710703881877,0.52,0.5283289781265802,125.0
control,0.4012911812369901,0.41875,0.4093190152726772,96.0
macro avg,0.46958112581258893,0.469375,0.46882399669962876,221.0
weighted avg,0.4785422497614231,0.4760180995475113,0.47663234267873095,221.0
