,precision,recall,f1-score,support
accuracy,0.5257918552036199,0.5257918552036199,0.5257918552036199,0.5257918552036199
case,0.5809628654643951,0.5808,0.5805876146868268,125.0
control,0.45411991517254674,0.4541666666666667,0.4537584811620932,96.0
macro avg,0.517541390318471,0.5174833333333334,0.51717304792446,221.0
weighted avg,0.5258636653376194,0.5257918552036199,0.5254944164136394,221.0
