,precision,recall,f1-score,support
accuracy,0.7276334189469129,0.7276334189469129,0.7276334189469129,0.7276334189469129
case,0.7618499711096589,0.7629713216957607,0.7591157477373981,400.8
control,0.695756554630765,0.681225758062788,0.68219330017562,305.6
macro avg,0.7288032628702119,0.7220985398792743,0.720654523956509,706.4
weighted avg,0.7332427456949272,0.7276334189469129,0.7258457135781657,706.4
