,precision,recall,f1-score,support
accuracy,0.7910574545920801,0.7910574545920801,0.7910574545920801,0.7910574545920801
case,0.8349249111785468,0.7874201995012469,0.81044835279113,400.8
control,0.7406754526603156,0.7958255651987571,0.7672242033134765,305.6
macro avg,0.7878001819194312,0.791622882350002,0.7888362780523033,706.4
weighted avg,0.7941495793693762,0.7910574545920801,0.791748612065922,706.4
