,precision,recall,f1-score,support
accuracy,0.5176470588235293,0.5176470588235293,0.5176470588235293,0.5176470588235293
case,0.5730134850702227,0.5776,0.5693140963583092,125.0
control,0.44527336437450354,0.4395833333333333,0.4342177135322779,96.0
macro avg,0.5091434247223632,0.5085916666666667,0.5017659049452936,221.0
weighted avg,0.5175245638630324,0.5176470588235293,0.510629694768721,221.0
