,precision,recall,f1-score,support
accuracy,0.49502262443438916,0.49502262443438916,0.49502262443438916,0.49502262443438916
case,0.5572651460790649,0.52,0.5378152595375962,125.0
control,0.4254641056141854,0.4625,0.443033974430781,96.0
macro avg,0.4913646258466251,0.49124999999999996,0.4904246169841886,221.0
weighted avg,0.5000122054246375,0.49502262443438916,0.4966432985862195,221.0
