,precision,recall,f1-score,support
accuracy,0.8020975994807088,0.8020975994807088,0.8020975994807088,0.8020975994807088
case,0.840386244116098,0.8038877805486285,0.8216712258974901,400.8
control,0.7569046714843393,0.7997449908925318,0.777651215307502,305.6
macro avg,0.7986454578002187,0.8018163857205802,0.799661220602496,706.4
weighted avg,0.8042684513935564,0.8020975994807088,0.8026273199367939,706.4
