,precision,recall,f1-score,support
accuracy,0.5174884437596302,0.5174884437596302,0.5174884437596302,0.5174884437596302
case,0.5840852886433218,0.5308910891089109,0.554666824794434,100.2
control,0.445609710550887,0.4996924128503076,0.4696792030125363,76.4
macro avg,0.5148474995971044,0.5152917509796092,0.512173013903485,176.6
weighted avg,0.5241908410787994,0.5174884437596302,0.517952869347442,176.6
