,precision,recall,f1-score,support
accuracy,0.4280542986425339,0.4280542986425339,0.4280542986425339,0.4280542986425339
case,0.49268894278261566,0.37439999999999996,0.4246161423073877,125.0
control,0.3787676026732838,0.4979166666666667,0.42974666372861536,96.0
macro avg,0.4357282727279498,0.4361583333333333,0.4271814030180015,221.0
weighted avg,0.44320274979394664,0.4280542986425339,0.4268447850966993,221.0
