,precision,recall,f1-score,support
accuracy,0.6274066297766968,0.6274066297766968,0.6274066297766968,0.6274066297766968
case,0.6831181117027514,0.6422506234413965,0.6607730785095536,400.8
control,0.5660075551747588,0.6080274295510554,0.5846796040788533,305.6
macro avg,0.6245628334387551,0.625139026496226,0.6227263412942035,706.4
weighted avg,0.6324639252044042,0.6274066297766968,0.6278394237377476,706.4
