,precision,recall,f1-score,support
accuracy,0.4244343891402715,0.4244343891402715,0.4244343891402715,0.4244343891402715
case,0.4896930770179126,0.4288,0.4571513430432971,125.0
control,0.36034416304987815,0.41875,0.3872960167883153,96.0
macro avg,0.42501862003389534,0.423775,0.4222236799158062,221.0
weighted avg,0.4335053134842868,0.4244343891402715,0.4268069479280109,221.0
