,precision,recall,f1-score,support
accuracy,0.5212669683257919,0.5212669683257919,0.5212669683257919,0.5212669683257919
case,0.5784125345579891,0.5616,0.569496708541575,125.0
control,0.4521271522595052,0.46875,0.459835639904682,96.0
macro avg,0.5152698434087472,0.5151749999999999,0.5146661742231285,221.0
weighted avg,0.5235555359124938,0.5212669683257919,0.5218611312151419,221.0
