,precision,recall,f1-score,support
accuracy,0.5493212669683258,0.5493212669683258,0.5493212669683258,0.5493212669683258
case,0.606119220841512,0.5776,0.5911681671478591,125.0
control,0.4833522059494356,0.5125,0.4971309619186456,96.0
macro avg,0.5447357133954738,0.54505,0.5441495645332524,221.0
weighted avg,0.5527905627888454,0.5493212669683258,0.5503194264148071,221.0
