,precision,recall,f1-score,support
accuracy,0.7556607137848548,0.7556607137848548,0.7556607137848548,0.7556607137848548
case,0.7999418554406038,0.7594788029925187,0.7791370005074676,400.8
control,0.7040729902764786,0.7506353798349942,0.7265497109649554,305.6
macro avg,0.7520074228585412,0.7550570914137564,0.7528433557362114,706.4
weighted avg,0.7584652260327769,0.7556607137848548,0.7563895982569263,706.4
