,precision,recall,f1-score,support
accuracy,0.6990323394945727,0.6990323394945727,0.6990323394945727,0.6990323394945727
case,0.7873720975250053,0.6436970074812968,0.7076063514922332,400.8
control,0.6238618663420111,0.7715696989178185,0.6893662916276452,305.6
macro avg,0.7056169819335082,0.7076333531995577,0.6984863215599392,706.4
weighted avg,0.7166290649286049,0.6990323394945727,0.6997203650246716,706.4
