,precision,recall,f1-score,support
accuracy,0.5248868778280543,0.5248868778280543,0.5248868778280543,0.5248868778280543
case,0.5820053372512388,0.5631999999999999,0.5702240531002445,125.0
control,0.4582931048062748,0.475,0.46385239413015966,96.0
macro avg,0.5201492210287568,0.5191,0.5170382236152021,221.0
weighted avg,0.5282660869584038,0.5248868778280543,0.524017359610977,221.0
