,precision,recall,f1-score,support
accuracy,0.6533577298407807,0.6533577298407807,0.6533577298407807,0.6533577298407807
case,0.7025679228047561,0.6766336633663366,0.6886979763676759,100.2
control,0.5952665564765341,0.6226589200273411,0.6077927234568092,76.4
macro avg,0.6489172396406451,0.6496462916968389,0.6482453499122426,176.6
weighted avg,0.6561478622945374,0.6533577298407807,0.6537342281685812,176.6
