,precision,recall,f1-score,support
accuracy,0.5254750898818695,0.5254750898818695,0.5254750898818695,0.5254750898818695
case,0.5893702199205767,0.5488514851485149,0.5667499420018876,100.2
control,0.4537322321355923,0.4945317840054682,0.4716147575351268,76.4
macro avg,0.5215512260280845,0.5216916345769915,0.5191823497685072,176.6
weighted avg,0.5306996293714266,0.5254750898818695,0.5256587596333324,176.6
