,precision,recall,f1-score,support
accuracy,0.44434389140271496,0.44434389140271496,0.44434389140271496,0.44434389140271496
case,0.5098061518032203,0.45919999999999994,0.4828783194874008,125.0
control,0.3760464448205998,0.425,0.3987475291092039,96.0
macro avg,0.44292629831191005,0.44209999999999994,0.4408129242983024,221.0
weighted avg,0.4517023876840729,0.44434389140271496,0.4463328177846547,221.0
