,precision,recall,f1-score,support
accuracy,0.7565133769548545,0.7565133769548545,0.7565133769548545,0.7565133769548545
case,0.7987811549147542,0.7634788029925187,0.7806487786990706,400.8
control,0.7066404640020656,0.7473716918461373,0.7263258893512153,305.6
macro avg,0.7527108094584098,0.755425247419328,0.753487334025143,706.4
weighted avg,0.7589198304010378,0.7565133769548545,0.75714932072636,706.4
