,precision,recall,f1-score,support
accuracy,0.5107665639445301,0.5107665639445301,0.5107665639445301,0.5107665639445301
case,0.5691771924207167,0.5666534653465346,0.5664760694327182,100.2
control,0.4351090348242247,0.4371838687628161,0.434171947427162,76.4
macro avg,0.5021431136224707,0.5019186670546755,0.5003240084299401,176.6
weighted avg,0.5111778365255184,0.5107665639445301,0.5093028531939817,176.6
