,precision,recall,f1-score,support
accuracy,0.6499678993323061,0.6499678993323061,0.6499678993323061,0.6499678993323061
case,0.6980064133848932,0.6765940594059405,0.686190932910606,100.2
control,0.5932449631165355,0.6147641831852357,0.6024752965405584,76.4
macro avg,0.6456256882507144,0.6456791212955882,0.6443331147255822,176.6
weighted avg,0.6526678481644028,0.6499678993323061,0.6500267654105242,176.6
