,precision,recall,f1-score,support
accuracy,0.58545197740113,0.58545197740113,0.58545197740113,0.58545197740113
case,0.6681967619793706,0.5368910891089109,0.5936951827242526,100.2
control,0.5177571058296359,0.6493506493506493,0.574896199737913,76.4
macro avg,0.5929769339045032,0.5931208692297801,0.5842956912310827,176.6
weighted avg,0.6031599357206348,0.58545197740113,0.5855394503365714,176.6
