,precision,recall,f1-score,support
accuracy,0.6862976868306013,0.6862976868306013,0.6862976868306013,0.6862976868306013
case,0.7403098273129237,0.6891309226932668,0.7136601050940226,400.8
control,0.6261502986137841,0.6826100932176149,0.6529916847154509,305.6
macro avg,0.6832300629633539,0.6858705079554408,0.6833258949047366,706.4
weighted avg,0.6909270826251145,0.6862976868306013,0.6874101827141196,706.4
