,precision,recall,f1-score,support
accuracy,0.5809685420181031,0.5809685420181031,0.5809685420181031,0.5809685420181031
case,0.6418481232955745,0.5918192019950125,0.6156986041578779,400.8
control,0.5143132101248058,0.5667673845494482,0.5391388495322882,305.6
macro avg,0.5780806667101902,0.5792932932722303,0.5774187268450831,706.4
weighted avg,0.586676991367493,0.5809685420181031,0.5825725218693396,706.4
