,precision,recall,f1-score,support
accuracy,0.48506787330316736,0.48506787330316736,0.48506787330316736,0.48506787330316736
case,0.5527140192961797,0.46559999999999996,0.5051833158284385,125.0
control,0.4235275746147796,0.5104166666666667,0.462738595820131,96.0
macro avg,0.4881207969554796,0.4880083333333333,0.48396095582428467,221.0
weighted avg,0.49659683065629545,0.48506787330316736,0.48674579039496557,221.0
