,precision,recall,f1-score,support
accuracy,0.6760914227015922,0.6760914227015922,0.6760914227015922,0.6760914227015922
case,0.7242677265070379,0.6986138613861386,0.7094670094692087,100.2
control,0.6219351427797274,0.6470266575529733,0.6318050666139932,76.4
macro avg,0.6731014346433826,0.672820259469556,0.670636038041601,176.6
weighted avg,0.6800679036146929,0.6760914227015922,0.6758018742397383,176.6
