,precision,recall,f1-score,support
accuracy,0.6851502311248074,0.6851502311248074,0.6851502311248074,0.6851502311248074
case,0.736421834083204,0.6965742574257426,0.7144447597491076,100.2
control,0.6292284256462539,0.6704374572795626,0.6473683835368631,76.4
macro avg,0.682825129864729,0.6835058573526526,0.6809065716429854,176.6
weighted avg,0.690095826385089,0.6851502311248074,0.6853918523413001,176.6
