,precision,recall,f1-score,support
accuracy,0.7123415781481022,0.7123415781481022,0.7123415781481022,0.7123415781481022
case,0.758348566666709,0.7295536159600997,0.7405323437045027,400.8
control,0.665706713597588,0.6898210650380371,0.6737032700992276,305.6
macro avg,0.7120276401321486,0.7096873404990685,0.7071178069018652,706.4
weighted avg,0.7182809958324214,0.7123415781481022,0.7116148442121675,706.4
