,precision,recall,f1-score,support
accuracy,0.4868778280542986,0.4868778280542986,0.4868778280542986,0.4868778280542986
case,0.5527053889308448,0.4896,0.517147382594534,125.0
control,0.4198265446047508,0.4833333333333334,0.44755239405811176,96.0
macro avg,0.48626596676779776,0.48646666666666666,0.48234988832632286,221.0
weighted avg,0.4949842619837632,0.4868778280542986,0.4869160753569931,221.0
