,precision,recall,f1-score,support
accuracy,0.6024653312788906,0.6024653312788906,0.6024653312788906,0.6024653312788906
case,0.6594583117293934,0.6208514851485148,0.6380361720380041,100.2
control,0.5397073484833053,0.5785030758714969,0.5565268187728425,76.4
macro avg,0.5995828301063494,0.5996772805100059,0.5972814954054233,176.6
weighted avg,0.607675720953724,0.6024653312788906,0.6027528243644266,176.6
