,precision,recall,f1-score,support
accuracy,0.5243515665125834,0.5243515665125834,0.5243515665125834,0.5243515665125834
case,0.6027933399157257,0.496930693069307,0.5404840648625617,100.2
control,0.45515576541271424,0.5607313738892686,0.49877917694265045,76.4
macro avg,0.52897455266422,0.5288310334792878,0.5196316209026061,176.6
weighted avg,0.5389371508044407,0.5243515665125834,0.5223583565464522,176.6
