,precision,recall,f1-score,support
accuracy,0.7618958132154777,0.7618958132154777,0.7618958132154777,0.7618958132154777
case,0.8072122315019135,0.7624750623441396,0.784173365927257,400.8
control,0.7096659373997406,0.761131468981035,0.7344582856586991,305.6
macro avg,0.7584390844508271,0.7618032656625873,0.7593158257929781,706.4
weighted avg,0.7650106915883997,0.7618958132154777,0.7626660917204923,706.4
