,precision,recall,f1-score,support
accuracy,0.5210259373394968,0.5210259373394968,0.5210259373394968,0.5210259373394968
case,0.5862885939119284,0.536970297029703,0.5600698257859023,100.2
control,0.45022293548070563,0.5001025290498975,0.47339110769434295,76.4
macro avg,0.5182557646963171,0.5185364130398001,0.5167304667401226,176.6
weighted avg,0.5274453289232678,0.5210259373394968,0.5225843610304588,176.6
