,precision,recall,f1-score,support
accuracy,0.5141756548536209,0.5141756548536209,0.5141756548536209,0.5141756548536209
case,0.579441468189718,0.5288910891089109,0.5512839371338518,100.2
control,0.4442998508335643,0.4950786056049214,0.46670884357592674,76.4
macro avg,0.5118706595116411,0.5119848473569162,0.5089963903548893,176.6
weighted avg,0.5209887131229354,0.5141756548536209,0.5146574737492121,176.6
