,precision,recall,f1-score,support
accuracy,0.45701357466063347,0.45701357466063347,0.45701357466063347,0.45701357466063347
case,0.5236682914524093,0.45599999999999996,0.4864956674265425,125.0
control,0.3915054128316601,0.45833333333333337,0.42148581708725635,96.0
macro avg,0.45758685214203476,0.4571666666666666,0.45399074225689945,221.0
weighted avg,0.4662581722325364,0.45701357466063347,0.4582560944284815,221.0
