,precision,recall,f1-score,support
accuracy,0.4705882352941176,0.4705882352941176,0.4705882352941176,0.4705882352941176
case,0.5375511598148079,0.45759999999999995,0.49341622401311336,125.0
control,0.4080845497048733,0.4875,0.4435386553649973,96.0
macro avg,0.47281785475984056,0.4725499999999999,0.46847743968905525,221.0
weighted avg,0.4813122703552888,0.4705882352941176,0.4717499498492258,221.0
