,precision,recall,f1-score,support
accuracy,0.5903145798189693,0.5903145798189693,0.5903145798189693,0.5903145798189693
case,0.6554544161358077,0.5863291770573567,0.6189426654568256,400.8
control,0.5231681505792721,0.5955234115504126,0.5569823992521936,305.6
macro avg,0.5893112833575399,0.5909262943038845,0.5879625323545097,706.4
weighted avg,0.5982248793068641,0.5903145798189693,0.5921413573394225,706.4
