,precision,recall,f1-score,support
accuracy,0.6175048383025271,0.6175048383025271,0.6175048383025271,0.6175048383025271
case,0.7024208934707378,0.5703403990024938,0.6257861734215358,400.8
control,0.5499678365047144,0.6792928318868532,0.604593535448258,305.6
macro avg,0.6261943649877261,0.6248166154446734,0.6151898544348968,706.4
weighted avg,0.6364586374409079,0.6175048383025271,0.6166283188874285,706.4
