,precision,recall,f1-score,support
accuracy,0.46696832579185515,0.46696832579185515,0.46696832579185515,0.46696832579185515
case,0.5323208359431124,0.4688,0.49837449707461057,125.0
control,0.40216898892992425,0.4645833333333333,0.43097476621941044,96.0
macro avg,0.46724491243651833,0.4666916666666666,0.46467463164701056,221.0
weighted avg,0.4757842870143067,0.46696832579185515,0.4690967859338902,221.0
