,precision,recall,f1-score,support
accuracy,0.4597285067873303,0.4597285067873303,0.4597285067873303,0.4597285067873303
case,0.5286120919523757,0.4,0.4528918372993572,125.0
control,0.40727367378530166,0.5375,0.4618337698983246,96.0
macro avg,0.46794288286883867,0.46875,0.4573628035988409,221.0
weighted avg,0.4759040008028775,0.4597285067873303,0.4567761157133883,221.0
