,precision,recall,f1-score,support
accuracy,0.7681249023324024,0.7681249023324024,0.7681249023324024,0.7681249023324024
case,0.8259509304770788,0.7495062344139651,0.785785440823078,400.8
control,0.7069756718788976,0.7925533054751955,0.7472254662253157,305.6
macro avg,0.7664633011779882,0.7710297699445803,0.7665054535241969,706.4
weighted avg,0.7744829275325323,0.7681249023324024,0.7691030233537353,706.4
