,precision,recall,f1-score,support
accuracy,0.678087197631135,0.678087197631135,0.678087197631135,0.678087197631135
case,0.7311195056511917,0.6846147132169575,0.7069535516729742,400.8
control,0.6182860141572728,0.6695231972570449,0.6427122571638298,305.6
macro avg,0.6747027599042322,0.6770689552370013,0.674832904418402,706.4
weighted avg,0.6823052470394313,0.678087197631135,0.6791620487001346,706.4
