,precision,recall,f1-score,support
accuracy,0.49411764705882355,0.49411764705882355,0.49411764705882355,0.49411764705882355
case,0.5597119815909377,0.496,0.5257807032398034,125.0
control,0.4281974921630094,0.4916666666666667,0.4576078116643423,96.0
macro avg,0.49395473687697355,0.49383333333333335,0.49169425745207285,221.0
weighted avg,0.5025835155950956,0.49411764705882355,0.49616713947851715,221.0
