,precision,recall,f1-score,support
accuracy,0.4877828054298642,0.4877828054298642,0.4877828054298642,0.4877828054298642
case,0.5501093693071073,0.4736000000000001,0.5010556906574241,125.0
control,0.4264014846823905,0.50625,0.45700559543464314,96.0
macro avg,0.4882554269947489,0.48992500000000005,0.4790306430460336,221.0
weighted avg,0.49637200766017137,0.4877828054298642,0.4819208076647229,221.0
