,precision,recall,f1-score,support
accuracy,0.497737556561086,0.497737556561086,0.497737556561086,0.497737556561086
case,0.5608939273265934,0.5168,0.5378796803476608,125.0
control,0.4289374480495457,0.4729166666666667,0.44979112314941105,96.0
macro avg,0.4949156876880695,0.49485833333333334,0.4938354017485359,221.0
weighted avg,0.5035734657401835,0.497737556561086,0.4996149677185568,221.0
