,precision,recall,f1-score,support
accuracy,0.48465588084232153,0.48465588084232153,0.48465588084232153,0.48465588084232153
case,0.5497518789454274,0.46887128712871284,0.5008653580432034,100.2
control,0.42250734851563543,0.5049555707450444,0.45620238207184577,76.4
macro avg,0.4861296137305313,0.48691342893687867,0.4785338700575246,176.6
weighted avg,0.49473278485710204,0.48465588084232153,0.4816459671103893,176.6
