,precision,recall,f1-score,support
accuracy,0.5049773755656108,0.5049773755656108,0.5049773755656108,0.5049773755656108
case,0.5668527461015833,0.5279999999999999,0.5459318761670374,125.0
control,0.43598598219655804,0.475,0.45381579487718654,96.0
macro avg,0.5014193641490706,0.5015,0.49987383552211195,221.0
weighted avg,0.5100056450387669,0.5049773755656108,0.5059176508103601,221.0
