,precision,recall,f1-score,support
accuracy,0.5914469229197302,0.5914469229197302,0.5914469229197302,0.5914469229197302
case,0.6532896254236733,0.5968092269326684,0.6237291573429273,400.8
control,0.5249244716164099,0.5844101575056252,0.5530265714598019,305.6
macro avg,0.5891070485200416,0.5906096922191468,0.5883778644013646,706.4
weighted avg,0.5977573224407998,0.5914469229197302,0.5931432080728825,706.4
