,precision,recall,f1-score,support
accuracy,0.597919876733436,0.597919876733436,0.597919876733436,0.597919876733436
case,0.6656160542079504,0.586910891089109,0.623214237946945,100.2
control,0.5308462687043229,0.612406015037594,0.5681758818888337,76.4
macro avg,0.5982311614561368,0.5996584530633514,0.5956950599178893,176.6
weighted avg,0.607327136595443,0.597919876733436,0.5994009268333486,176.6
