,precision,recall,f1-score,support
accuracy,0.5031674208144796,0.5031674208144796,0.5031674208144796,0.5031674208144796
case,0.5632364508771703,0.5392,0.550115093533145,125.0
control,0.4329633394730596,0.45625,0.4433090907881466,96.0
macro avg,0.49809989517511505,0.497725,0.4967120921606458,221.0
weighted avg,0.5066472260138463,0.5031674208144796,0.5037197258249104,221.0
