,precision,recall,f1-score,support
accuracy,0.6749422187981511,0.6749422187981511,0.6749422187981511,0.6749422187981511
case,0.7304109622711072,0.6826336633663367,0.7040324987239636,100.2
control,0.6153774408887897,0.6646958304853042,0.6373149596160215,76.4
macro avg,0.6728942015799484,0.6736647469258205,0.6706737291699925,176.6
weighted avg,0.6806584613786334,0.6749422187981511,0.6752100298533876,176.6
