,precision,recall,f1-score,support
accuracy,0.687430831306522,0.687430831306522,0.687430831306522,0.687430831306522
case,0.7292494705203363,0.7155735660847881,0.7221576051438853,400.8
control,0.6352389023069309,0.6505646630236794,0.6425439713939052,305.6
macro avg,0.6822441864136336,0.6830691145542337,0.6823507882688953,706.4
weighted avg,0.6885847721878277,0.687430831306522,0.687708980047012,706.4
