,precision,recall,f1-score,support
accuracy,0.7163067824386647,0.7163067824386647,0.7163067824386647,0.7163067824386647
case,0.7739938485039867,0.7091022443890275,0.7389440068555184,400.8
control,0.6566748508832726,0.7258094931961856,0.6882117198304213,305.6
macro avg,0.7153343496936296,0.7174558687926065,0.7135778633429698,706.4
weighted avg,0.7232502988211049,0.7163067824386647,0.7169901452862725,706.4
