,precision,recall,f1-score,support
accuracy,0.653402670775552,0.653402670775552,0.653402670775552,0.653402670775552
case,0.7047940880598877,0.6686534653465347,0.6849397840414845,100.2
control,0.5973362490703064,0.6334244702665754,0.6130884277414392,76.4
macro avg,0.6510651685650971,0.6510389678065551,0.6490141058914618,176.6
weighted avg,0.6583357970782874,0.653402670775552,0.6538648345540881,176.6
