,precision,recall,f1-score,support
accuracy,0.5073125321006677,0.5073125321006677,0.5073125321006677,0.5073125321006677
case,0.5714796274264786,0.5268316831683169,0.5469382137538694,100.2
control,0.4371242066450914,0.4816131237183868,0.45697931163796657,76.4
macro avg,0.504301917035785,0.5042224034433518,0.501958762695918,176.6
weighted avg,0.5133634813733637,0.5073125321006677,0.5080460955519366,176.6
