,precision,recall,f1-score,support
accuracy,0.5085972850678733,0.5085972850678733,0.5085972850678733,0.5085972850678733
case,0.5713372762275235,0.5264,0.5477789946514501,125.0
control,0.440252349809667,0.4854166666666667,0.4615605859189632,96.0
macro avg,0.5057948130185952,0.5059083333333334,0.5046697902852066,221.0
weighted avg,0.5143954077383188,0.5085972850678733,0.5103266542065689,221.0
