,precision,recall,f1-score,support
accuracy,0.5231445814072933,0.5231445814072933,0.5231445814072933,0.5231445814072933
case,0.5845809873521012,0.5586930693069307,0.5679740846495938,100.2
control,0.4515862951040006,0.47628161312371836,0.45984719840706567,76.4
macro avg,0.518083641228051,0.5174873412153246,0.5139106415283298,176.6
weighted avg,0.527034280882905,0.5231445814072933,0.5212430740203527,176.6
