,precision,recall,f1-score,support
accuracy,0.6092823284756642,0.6092823284756642,0.6092823284756642,0.6092823284756642
case,0.6880835095429986,0.5768952618453865,0.6230346475591643,400.8
control,0.5433160207694935,0.6519318547090968,0.5888007151851172,305.6
macro avg,0.615699765156246,0.6144135582772418,0.6059176813721407,706.4
weighted avg,0.6254725137979691,0.6092823284756642,0.6081954867436887,706.4
