,precision,recall,f1-score,support
accuracy,0.7831234398227358,0.7831234398227358,0.7831234398227358,0.7831234398227358
case,0.8276925426542604,0.7804376558603491,0.803314556212275,400.8
control,0.7319993156722704,0.7866238079931426,0.7582599119512567,305.6
macro avg,0.7798459291632653,0.7835307319267459,0.7807872340817659,706.4
weighted avg,0.7862903958216008,0.7831234398227358,0.7838260495321732,706.4
