,precision,recall,f1-score,support
accuracy,0.7746320686297687,0.7746320686297687,0.7746320686297687,0.7746320686297687
case,0.81891095573945,0.7739526184538653,0.7957878825697099,400.8
control,0.7234656140547253,0.775516982749384,0.7485757157929475,305.6
macro avg,0.7711882848970877,0.7747348006016246,0.7721817991813287,706.4
weighted avg,0.7776190868912306,0.7746320686297687,0.7753641272388503,706.4
