,precision,recall,f1-score,support
accuracy,0.7177212095956662,0.7177212095956662,0.7177212095956662,0.7177212095956662
case,0.7687174708235818,0.7200660847880299,0.7426667558383216,400.8
control,0.6622394341849027,0.7146790956819886,0.6864721220894636,305.6
macro avg,0.7154784525042422,0.7173725902350092,0.7145694389638926,706.4
weighted avg,0.7226598300229787,0.7177212095956662,0.7183521606678993,706.4
