,precision,recall,f1-score,support
accuracy,0.5095022624434389,0.5095022624434389,0.5095022624434389,0.5095022624434389
case,0.5689627173894725,0.5472,0.557733742279681,125.0
control,0.4386249803565151,0.4604166666666667,0.44909944073294206,96.0
macro avg,0.5037938488729938,0.5038083333333334,0.5034165915063116,221.0
weighted avg,0.5123454198547941,0.5095022624434389,0.510544181426799,221.0
