,precision,recall,f1-score,support
accuracy,0.6500256805341551,0.6500256805341551,0.6500256805341551,0.6500256805341551
case,0.713312416029668,0.6467128712871287,0.6758215246239446,100.2
control,0.5871647169247666,0.6541695146958305,0.6158766919243764,76.4
macro avg,0.6502385664772172,0.6504411929914797,0.6458491082741606,176.6
weighted avg,0.6587291454181338,0.6500256805341551,0.6499269681242327,176.6
