,precision,recall,f1-score,support
accuracy,0.6203385008674885,0.6203385008674885,0.6203385008674885,0.6203385008674885
case,0.7216103425637852,0.5503952618453865,0.6180073540496217,400.8
control,0.5497456386571973,0.7119961427193828,0.6165669077527571,305.6
macro avg,0.6356779906104912,0.6311957022823848,0.6172871309011894,706.4
weighted avg,0.6472502636056159,0.6203385008674887,0.6173964033250645,706.4
