,precision,recall,f1-score,support
accuracy,0.7601980999394962,0.7601980999394962,0.7601980999394962,0.7601980999394962
case,0.8079038845578917,0.7574925187032419,0.7818858973758237,400.8
control,0.7059680523798021,0.7637437051323261,0.7337196007251254,305.6
macro avg,0.7569359684688469,0.7606181119177841,0.7578027490504746,706.4
weighted avg,0.7638051816027934,0.7601980999394962,0.7610491779151063,706.4
