,precision,recall,f1-score,support
accuracy,0.49592760180995477,0.49592760180995477,0.49592760180995477,0.49592760180995477
case,0.5571027394008451,0.5312,0.5438377480115706,125.0
control,0.42428409602810646,0.45,0.43675795786603633,96.0
macro avg,0.49069341771447583,0.49060000000000004,0.49029785293880346,221.0
weighted avg,0.49940776309413515,0.49592760180995477,0.4973234500298,221.0
