,precision,recall,f1-score,support
accuracy,0.514027149321267,0.514027149321267,0.514027149321267,0.514027149321267
case,0.5700691940264133,0.5728,0.5712033740216127,125.0
control,0.4402847644812371,0.4375,0.43858405722984006,96.0
macro avg,0.5051769792538252,0.50515,0.5048937156257264,221.0
weighted avg,0.5136922472556581,0.514027149321267,0.5135949830170418,221.0
