,precision,recall,f1-score,support
accuracy,0.6035952747817154,0.6035952747817154,0.6035952747817154,0.6035952747817154
case,0.664812213929861,0.6128316831683168,0.6366222084999316,100.2
control,0.5378338645395135,0.5915242652084757,0.5621318582877818,76.4
macro avg,0.6013230392346872,0.6021779741883962,0.5993770333938567,176.6
weighted avg,0.6098921069478667,0.6035952747817154,0.6043936231776986,176.6
