,precision,recall,f1-score,support
accuracy,0.5257918552036199,0.5257918552036199,0.5257918552036199,0.5257918552036199
case,0.587624617906292,0.5424,0.5639935048435379,125.0
control,0.4582507316152176,0.5041666666666667,0.47999242137173165,96.0
macro avg,0.5229376747607548,0.5232833333333333,0.5219929631076348,221.0
weighted avg,0.5314260066667302,0.5257918552036199,0.5275043464123461,221.0
