,precision,recall,f1-score,support
accuracy,0.5085972850678733,0.5085972850678733,0.5085972850678733,0.5085972850678733
case,0.5709470892103539,0.5439999999999999,0.5548256179174749,125.0
control,0.4356060701170906,0.4625,0.4463819836434942,96.0
macro avg,0.5032765796637222,0.50325,0.5006038007804845,221.0
weighted avg,0.5121564202829635,0.5085972850678733,0.5077188808572841,221.0
