,precision,recall,f1-score,support
accuracy,0.5017077555213149,0.5017077555213149,0.5017077555213149,0.5017077555213149
case,0.5681139587106976,0.5190495049504951,0.5405429766160806,100.2
control,0.4294580305983814,0.4791182501708818,0.4508938392386307,76.4
macro avg,0.49878599465453954,0.49908387756068845,0.49571840792735566,176.6
weighted avg,0.5081424591688194,0.5017077555213149,0.501732838767898,176.6
