,precision,recall,f1-score,support
accuracy,0.5096366204417052,0.5096366204417052,0.5096366204417052,0.5096366204417052
case,0.5744054623378397,0.5208712871287128,0.5454747243860928,100.2
control,0.44103272978448294,0.4946684894053314,0.4654651879672607,76.4
macro avg,0.5077190960611613,0.5077698882670221,0.5054699561766768,176.6
weighted avg,0.5167133730277026,0.5096366204417052,0.5109152131141419,176.6
