,precision,recall,f1-score,support
accuracy,0.59087994999419,0.59087994999419,0.59087994999419,0.59087994999419
case,0.6560693474569319,0.5863142144638405,0.6191759931966887,400.8
control,0.5238839279181058,0.5968563162970106,0.5579399300774088,305.6
macro avg,0.5899766376875188,0.5915852653804256,0.5885579616370488,706.4
weighted avg,0.5988828937351358,0.59087994999419,0.5926863415998674,706.4
