,precision,recall,f1-score,support
accuracy,0.669253980482794,0.669253980482794,0.669253980482794,0.669253980482794
case,0.7316885021100823,0.6627326732673267,0.6940933934965209,100.2
control,0.6055416565598146,0.6778879015721121,0.6382418283999709,76.4
macro avg,0.6686150793349485,0.6703102874197194,0.6661676109482457,176.6
weighted avg,0.6771455648338971,0.669253980482794,0.6699289079611631,176.6
