,precision,recall,f1-score,support
accuracy,0.48325791855203615,0.48325791855203615,0.48325791855203615,0.48325791855203615
case,0.5581806012993374,0.4112,0.46390479076132446,125.0
control,0.4306758572275814,0.5770833333333333,0.4880052870934928,96.0
macro avg,0.4944282292634594,0.4941416666666667,0.47595503892740865,221.0
weighted avg,0.5027939251414705,0.48325791855203615,0.47437378464317137,221.0
