,precision,recall,f1-score,support
accuracy,0.6684626819622472,0.6684626819622472,0.6684626819622472,0.6684626819622472
case,0.7212125628315247,0.678640897755611,0.6989740889334319,400.8
control,0.608624048990706,0.6551226829529626,0.6306645940634095,305.6
macro avg,0.6649183059111154,0.6668817903542867,0.6648193414984207,706.4
weighted avg,0.672506171486626,0.6684626819622472,0.6694210076787451,706.4
