,precision,recall,f1-score,support
accuracy,0.5571135079609656,0.5571135079609656,0.5571135079609656,0.5571135079609656
case,0.6495541435369617,0.4891683168316831,0.5474269651317403,100.2
control,0.4963000663565711,0.6469241285030758,0.5544486370520236,76.4
macro avg,0.5729271049467664,0.5680462226673795,0.550937801091882,176.6
weighted avg,0.5833283557769873,0.5571135079609656,0.550342598226858,176.6
