,precision,recall,f1-score,support
accuracy,0.7635951292417789,0.7635951292417789,0.7635951292417789,0.7635951292417789
case,0.8088001190556172,0.7639763092269327,0.7856571343263362,400.8
control,0.7117015088084186,0.7630901103610843,0.7363843848929641,305.6
macro avg,0.7602508139320179,0.7635332097940084,0.7610207596096502,706.4
weighted avg,0.7667923309954775,0.7635951292417789,0.7643413561843339,706.4
