,precision,recall,f1-score,support
accuracy,0.469683257918552,0.469683257918552,0.469683257918552,0.469683257918552
case,0.5358392114368502,0.4768,0.504283049491342,125.0
control,0.4023066949959392,0.4604166666666667,0.4291282813546055,96.0
macro avg,0.4690729532163947,0.46860833333333335,0.46670566542297376,221.0
weighted avg,0.47783413642179384,0.469683257918552,0.47163663437312164,221.0
