,precision,recall,f1-score,support
accuracy,0.5619909502262443,0.5619909502262443,0.5619909502262443,0.5619909502262443
case,0.6103619645623614,0.624,0.6170155179511203,125.0
control,0.4957640925382861,0.48125,0.48826979015036664,96.0
macro avg,0.5530630285503237,0.552625,0.5526426540507435,221.0
weighted avg,0.5605818934568807,0.5619909502262443,0.5610897719381234,221.0
