,precision,recall,f1-score,support
accuracy,0.7225330667425303,0.7225330667425303,0.7225330667425303,0.7225330667425303
case,0.7766011805537273,0.7175635910224438,0.7458703008733841,400.8
control,0.6630448874441672,0.7290560377156327,0.6944332761205253,305.6
macro avg,0.7198230339989473,0.7233098143690383,0.7201517884969547,706.4
weighted avg,0.7274763876793509,0.7225330667425303,0.7236174094168724,706.4
