,precision,recall,f1-score,support
accuracy,0.5367295839753468,0.5367295839753468,0.5367295839753468,0.5367295839753468
case,0.6009779048717301,0.5507524752475248,0.5714744141661743,100.2
control,0.46901861689309676,0.5182501708817498,0.48915070673884004,76.4
macro avg,0.5349982608824134,0.5345013230646373,0.5303125604525072,176.6
weighted avg,0.5438969389520972,0.5367295839753468,0.5358818261651781,176.6
