,precision,recall,f1-score,support
accuracy,0.530316742081448,0.530316742081448,0.530316742081448,0.530316742081448
case,0.5834791701944987,0.5968,0.5895902894973926,125.0
control,0.45696424648383027,0.44375,0.44959065454615194,96.0
macro avg,0.5202217083391645,0.520275,0.5195904720217722,221.0
weighted avg,0.5285224612523078,0.530316742081448,0.5287759684326002,221.0
