,precision,recall,f1-score,support
accuracy,0.537904468412943,0.537904468412943,0.537904468412943,0.537904468412943
case,0.5988626727360302,0.5667722772277228,0.5797594070991865,100.2
control,0.46756062424969985,0.49976076555023924,0.48000615583785555,76.4
macro avg,0.5332116484928651,0.533266521388981,0.529882781468521,176.6
weighted avg,0.5420593124843831,0.537904468412943,0.5366658554119259,176.6
