,precision,recall,f1-score,support
accuracy,0.6305167667717804,0.6305167667717804,0.6305167667717804,0.6305167667717804
case,0.6785217455627296,0.6666658354114714,0.6699153145486434,400.8
control,0.575946386137469,0.5831308261009323,0.5757038926442122,305.6
macro avg,0.6272340658500993,0.6248983307562017,0.6228096035964278,706.4
weighted avg,0.6341500706800479,0.6305167667717804,0.6291546915274626,706.4
