,precision,recall,f1-score,support
accuracy,0.6408834103749358,0.6408834103749358,0.6408834103749358,0.6408834103749358
case,0.6975976926881159,0.6507524752475248,0.6731087845274326,100.2
control,0.5772815150666089,0.6278537252221463,0.6012215257995012,76.4
macro avg,0.6374396038773623,0.6393031002348355,0.6371651551634668,176.6
weighted avg,0.6455643277508694,0.6408834103749358,0.6420364452229488,176.6
