,precision,recall,f1-score,support
accuracy,0.6590716486902928,0.6590716486902928,0.6590716486902928,0.6590716486902928
case,0.7197214937568972,0.6528316831683169,0.6833450815534468,100.2
control,0.5981993835941204,0.6673957621326043,0.6294409051059058,76.4
macro avg,0.6589604386755088,0.6601137226504605,0.6563929933296763,176.6
weighted avg,0.6671970275339129,0.6590716486902928,0.6600190866675464,176.6
