,precision,recall,f1-score,support
accuracy,0.5928625521394714,0.5928625521394714,0.5928625521394714,0.5928625521394714
case,0.6562316287563468,0.5928154613466334,0.6228440516530441,400.8
control,0.5263700997514044,0.5929347476695597,0.5576014330356017,305.6
macro avg,0.5913008642538755,0.5928751045080964,0.5902227423443229,706.4
weighted avg,0.6000530571226437,0.5928625521394714,0.5946176205033236,706.4
