,precision,recall,f1-score,support
accuracy,0.5367809450436569,0.5367809450436569,0.5367809450436569,0.5367809450436569
case,0.601386772747315,0.5468910891089109,0.5719759541792945,100.2
control,0.4681910195867503,0.5234791524265209,0.49348621243162294,76.4
macro avg,0.5347888961670326,0.5351851207677158,0.5327310833054587,176.6
weighted avg,0.543773034342257,0.5367809450436569,0.5380338115407042,176.6
