,precision,recall,f1-score,support
accuracy,0.5004524886877828,0.5004524886877828,0.5004524886877828,0.5004524886877828
case,0.5580856570972232,0.5359999999999999,0.5439403018916817,125.0
control,0.43389519533803667,0.4541666666666667,0.44020022477954956,96.0
macro avg,0.4959904262176299,0.49508333333333326,0.49207026333561565,221.0
weighted avg,0.5041386691837304,0.5004524886877828,0.4988767389832442,221.0
