,precision,recall,f1-score,support
accuracy,0.5556561085972851,0.5556561085972851,0.5556561085972851,0.5556561085972851
case,0.6076781481276852,0.6064,0.6068164474759274,125.0
control,0.48828759875632066,0.48958333333333337,0.48861637590403095,96.0
macro avg,0.5479828734420029,0.5479916666666667,0.5477164116899792,221.0
weighted avg,0.5558161900297168,0.5556561085972851,0.5554716200057824,221.0
