,precision,recall,f1-score,support
accuracy,0.5592760180995475,0.5592760180995475,0.5592760180995475,0.5592760180995475
case,0.6275539217681214,0.5472,0.5827409602085052,125.0
control,0.49341705342930486,0.575,0.5293255828822231,96.0
macro avg,0.5604854875987131,0.5610999999999999,0.5560332715453641,221.0
weighted avg,0.5692863228517124,0.5592760180995475,0.559537900374464,221.0
