,precision,recall,f1-score,support
accuracy,0.706682266769777,0.706682266769777,0.706682266769777,0.706682266769777
case,0.7605167516363431,0.7055910224438903,0.7316610539309814,400.8
control,0.6478357340336105,0.7081260045001607,0.6761732018684773,305.6
macro avg,0.7041762428349768,0.7068585134720256,0.7039171278997294,706.4
weighted avg,0.7117724546412437,0.706682266769777,0.7076550954616538,706.4
