,precision,recall,f1-score,support
accuracy,0.6639236930572864,0.6639236930572864,0.6639236930572864,0.6639236930572864
case,0.7096342860114703,0.6911246882793017,0.6998292108122193,400.8
control,0.6083924768823837,0.6283017250616093,0.6176198245165686,305.6
macro avg,0.659013381446927,0.6597132066704555,0.658724517664394,706.4
weighted avg,0.6658423419163775,0.6639236930572864,0.664256220579723,706.4
