,precision,recall,f1-score,support
accuracy,0.6012455059065228,0.6012455059065228,0.6012455059065228,0.6012455059065228
case,0.6820474833808168,0.5626930693069306,0.6148625542533714,100.2
control,0.5319251297356887,0.6513328776486672,0.584160486537112,76.4
macro avg,0.6069863065582528,0.6070129734777989,0.5995115203952417,176.6
weighted avg,0.6170528664728815,0.6012455059065228,0.6016590354989247,176.6
