,precision,recall,f1-score,support
accuracy,0.6964827644237511,0.6964827644237511,0.6964827644237511,0.6964827644237511
case,0.7737494228940872,0.6597344139650873,0.7100963752899654,400.8
control,0.6285645707684603,0.7447958855673417,0.6795978419214791,305.6
macro avg,0.7011569968312739,0.7022651497662145,0.6948471086057222,706.4
weighted avg,0.7109612888024174,0.6964827644237511,0.6968874842111086,706.4
