,precision,recall,f1-score,support
accuracy,0.6325037764804404,0.6325037764804404,0.6325037764804404,0.6325037764804404
case,0.6958544028615591,0.6337581047381546,0.6594899987196322,400.8
control,0.5709707484891371,0.6309075324118718,0.5955501088077295,305.6
macro avg,0.633412575675348,0.6323328185750132,0.6275200537636809,706.4
weighted avg,0.641833383564516,0.6325037764804404,0.6318207204895078,706.4
