,precision,recall,f1-score,support
accuracy,0.5039291217257319,0.5039291217257319,0.5039291217257319,0.5039291217257319
case,0.5678555392137301,0.5168118811881188,0.5381491318265027,100.2
control,0.43585397361259426,0.4869788106630212,0.45703281066887946,76.4
macro avg,0.5018547564131622,0.50189534592557,0.4975909712476911,176.6
weighted avg,0.5107521365456489,0.5039291217257319,0.5030698575443626,176.6
