,precision,recall,f1-score,support
accuracy,0.48325791855203615,0.48325791855203615,0.48325791855203615,0.48325791855203615
case,0.5439441809147393,0.5344,0.5388737039570454,125.0
control,0.40728137082984245,0.4166666666666667,0.4116149645443241,96.0
macro avg,0.4756127758722909,0.47553333333333336,0.47524433425068474,221.0
weighted avg,0.4845793403348746,0.48325791855203615,0.48359388955151933,221.0
