,precision,recall,f1-score,support
accuracy,0.5221719457013575,0.5221719457013575,0.5221719457013575,0.5221719457013575
case,0.576918697597297,0.5824,0.5795623989854539,125.0
control,0.44927867383512543,0.44375,0.44638266900363677,96.0
macro avg,0.5130986857162112,0.513075,0.5129725339945452,221.0
weighted avg,0.5214732574110144,0.5221719457013575,0.5217105705770628,221.0
