,precision,recall,f1-score,support
accuracy,0.4769230769230769,0.4769230769230769,0.4769230769230769,0.4769230769230769
case,0.5417602877371157,0.504,0.5200646291333269,125.0
control,0.40305221032490535,0.4416666666666667,0.4192247599144151,96.0
macro avg,0.47240624903101053,0.4728333333333333,0.4696446945238709,221.0
weighted avg,0.4815070052413139,0.4769230769230769,0.476260885038234,221.0
