,precision,recall,f1-score,support
accuracy,0.7480151940730293,0.7480151940730293,0.7480151940730293,0.7480151940730293
case,0.7892610043930615,0.7584800498753117,0.7735381373180219,400.8
control,0.6986311887044289,0.7342869388192435,0.7159812479567489,305.6
macro avg,0.7439460965487451,0.7463834943472776,0.7447596926373854,706.4
weighted avg,0.7500527088865839,0.7480151940730293,0.748638640765252,706.4
