,precision,recall,f1-score,support
accuracy,0.5357280431432974,0.5357280431432974,0.5357280431432974,0.5357280431432974
case,0.5913138900196534,0.583009900990099,0.5859239970932941,100.2
control,0.4666385923106896,0.4739576213260423,0.4687513225925124,76.4
macro avg,0.5289762411651715,0.5284837611580707,0.5273376598429033,176.6
weighted avg,0.5373898844134217,0.5357280431432974,0.5351873026075296,176.6
