,precision,recall,f1-score,support
accuracy,0.5266968325791855,0.5266968325791855,0.5266968325791855,0.5266968325791855
case,0.5801585979478395,0.5904,0.5848857448545244,125.0
control,0.4544128900351553,0.44375,0.44848823572865104,96.0
macro avg,0.5172857439914974,0.517075,0.5166869902915877,221.0
weighted avg,0.5255360279948184,0.5266968325791855,0.5256361481301631,221.0
