,precision,recall,f1-score,support
accuracy,0.6817667116772381,0.6817667116772381,0.6817667116772381,0.6817667116772381
case,0.7306476164750965,0.6961009975062344,0.7126476034235296,400.8
control,0.625015478435796,0.6629465338047787,0.6430261543161923,305.6
macro avg,0.6778315474554463,0.6795237656555065,0.6778368788698609,706.4
weighted avg,0.6849472972968804,0.6817667116772381,0.6825315590973271,706.4
