,precision,recall,f1-score,support
accuracy,0.4949537750385208,0.4949537750385208,0.4949537750385208,0.4949537750385208
case,0.5607158701119965,0.509029702970297,0.5335392841463156,100.2
control,0.42510822510822505,0.47658920027341073,0.449294425087108,76.4
macro avg,0.4929120476101108,0.49280945162185386,0.4914168546167118,176.6
weighted avg,0.5020571791206628,0.4949537750385208,0.4970766236384715,176.6
