,precision,recall,f1-score,support
accuracy,0.5357466063348417,0.5357466063348417,0.5357466063348417,0.5357466063348417
case,0.5953777944556216,0.5599999999999999,0.5755061124543996,125.0
control,0.4692918601141204,0.5041666666666667,0.48422743178678623,96.0
macro avg,0.532334827284871,0.5320833333333334,0.5298667721205929,221.0
weighted avg,0.5406074338366891,0.5357466063348417,0.5358556448340789,221.0
