,precision,recall,f1-score,support
accuracy,0.7027210693550132,0.7027210693550132,0.7027210693550132,0.7027210693550132
case,0.7725304476159494,0.6761745635910225,0.7201338202675402,400.8
control,0.6360338764160272,0.7375591985428052,0.6820618217786295,305.6
macro avg,0.7042821620159883,0.7068668810669138,0.7010978210230848,706.4
weighted avg,0.7134841548288277,0.7027210693550132,0.7036607264488968,706.4
