,precision,recall,f1-score,support
accuracy,0.6613828967642527,0.6613828967642527,0.6613828967642527,0.6613828967642527
case,0.704225097600502,0.6946534653465346,0.6989020345259618,100.2
control,0.6086193202137915,0.61784005468216,0.6124510762414861,76.4
macro avg,0.6564222089071468,0.6562467600143472,0.6556765553837239,176.6
weighted avg,0.6628906522980903,0.6613828967642527,0.6614950246981361,176.6
