,precision,recall,f1-score,support
accuracy,0.7536777109519937,0.7536777109519937,0.7536777109519937,0.7536777109519937
case,0.7987514105635656,0.7564812967581047,0.7770261349366543,400.8
control,0.7013730688012766,0.7499989285331619,0.7248512886267848,305.6
macro avg,0.750062239682421,0.7532401126456334,0.7509387117817196,706.4
weighted avg,0.7566233162004722,0.7536777109519937,0.7544545197784217,706.4
