,precision,recall,f1-score,support
accuracy,0.6840459681561376,0.6840459681561376,0.6840459681561376,0.6840459681561376
case,0.7339266614938594,0.6966930693069306,0.714328150606809,100.2
control,0.6270041011619959,0.6674641148325359,0.6459733387635609,76.4
macro avg,0.6804653813279277,0.6820785920697332,0.6801507446851849,176.6
weighted avg,0.6876831210857031,0.6840459681561376,0.6847621197818141,176.6
