,precision,recall,f1-score,support
accuracy,0.4778280542986425,0.4778280542986425,0.4778280542986425,0.4778280542986425
case,0.5440252195392382,0.47359999999999997,0.5063138120806168,125.0
control,0.4136167730178619,0.4833333333333333,0.4457150063128224,96.0
macro avg,0.47882099627855,0.47846666666666665,0.4760144091967196,221.0
weighted avg,0.4873772065706765,0.4778280542986425,0.47999034894166537,221.0
