,precision,recall,f1-score,support
accuracy,0.6024075500770416,0.6024075500770416,0.6024075500770416,0.6024075500770416
case,0.6634097845233706,0.6028118811881188,0.6298898041719758,100.2
control,0.5409156149276424,0.6020505809979494,0.568048752042935,76.4
macro avg,0.6021626997255065,0.6024312310930341,0.5989692781074554,176.6
weighted avg,0.6104636705248341,0.6024075500770416,0.6031224069447237,176.6
