,precision,recall,f1-score,support
accuracy,0.5727656658826547,0.5727656658826547,0.5727656658826547,0.5727656658826547
case,0.6386833347864356,0.568862842892768,0.6017291286204632,400.8
control,0.505428520533934,0.5778699239258545,0.5392036223832163,305.6
macro avg,0.5720559276601848,0.5733663834093112,0.5704663755018398,706.4
weighted avg,0.5810349091734671,0.5727656658826547,0.5746825523968078,706.4
