,precision,recall,f1-score,support
accuracy,0.6916769175905854,0.6916769175905854,0.6916769175905854,0.6916769175905854
case,0.7471169386989572,0.6906059850374066,0.7175904914572983,400.8
control,0.6308583247745811,0.6930526090217508,0.6603145084955706,305.6
macro avg,0.6889876317367692,0.6918292970295786,0.6889524999764344,706.4
weighted avg,0.6968173511283611,0.6916769175905854,0.6928160352375933,706.4
