,precision,recall,f1-score,support
accuracy,0.5789911488113603,0.5789911488113603,0.5789911488113603,0.5789911488113603
case,0.6431109937679438,0.5798466334164589,0.6096371703088286,400.8
control,0.5120453538792488,0.5778806385942354,0.54278293557653,305.6
macro avg,0.5775781738235963,0.5788636360053472,0.5762100529426792,706.4
weighted avg,0.5864116027072257,0.5789911488113603,0.5807133378697473,706.4
