,precision,recall,f1-score,support
accuracy,0.7805762688773936,0.7805762688773936,0.7805762688773936,0.7805762688773936
case,0.8253566297040968,0.77793391521197,0.8009171602226429,400.8
control,0.7291797023879663,0.784037287045966,0.7555817089985337,305.6
macro avg,0.7772681660460317,0.780985601128968,0.7782494346105883,706.4
weighted avg,0.7837466418109076,0.7805762688773936,0.7813041135011833,706.4
