,precision,recall,f1-score,support
accuracy,0.7151792475888625,0.7151792475888625,0.7151792475888625,0.7151792475888625
case,0.7832911127388431,0.6916234413965088,0.7323882343580055,400.8
control,0.6518665906401113,0.7460409300332155,0.6935808407509281,305.6
macro avg,0.7175788516894771,0.7188321857148621,0.7129845375544669,706.4
weighted avg,0.7264284595774195,0.7151792475888625,0.7156033943507871,706.4
