,precision,recall,f1-score,support
accuracy,0.4756997945557268,0.4756997945557268,0.4756997945557268,0.4756997945557268
case,0.5414056854978992,0.493089108910891,0.5151804207011939,100.2
control,0.4051801108943966,0.4528366370471633,0.4268313686532438,76.4
macro avg,0.47329289819614784,0.4729628729790273,0.4710058946772189,176.6
weighted avg,0.4824781996620658,0.4756997945557268,0.47697455141629774,176.6
