,precision,recall,f1-score,support
accuracy,0.647505118783833,0.647505118783833,0.647505118783833,0.647505118783833
case,0.6938505372704227,0.6801172069825436,0.6854805366166248,400.8
control,0.5929325648485835,0.6047123111539697,0.5966466274096192,305.6
macro avg,0.6433915510595031,0.6424147590682567,0.641063582013122,706.4
weighted avg,0.6501890380004713,0.647505118783833,0.6470528025710633,706.4
