,precision,recall,f1-score,support
accuracy,0.7089560862865947,0.7089560862865947,0.7089560862865947,0.7089560862865947
case,0.7578231305934101,0.7187128712871287,0.7358229370960474,100.2
control,0.6576564460676794,0.6964798359535201,0.6740096848455981,76.4
macro avg,0.7077397883305447,0.7075963536203245,0.7049163109708227,176.6
weighted avg,0.7145582180983561,0.7089560862865947,0.7090463338957367,176.6
