,precision,recall,f1-score,support
accuracy,0.6863315356959425,0.6863315356959425,0.6863315356959425,0.6863315356959425
case,0.7262023110389115,0.7167722772277227,0.7206352050452483,100.2
control,0.6384400167733502,0.6466507177033493,0.6413705042472773,76.4
macro avg,0.6823211639061308,0.681711497465536,0.6810028546462628,176.6
weighted avg,0.6882900309271365,0.6863315356959425,0.6863192042348834,176.6
