,precision,recall,f1-score,support
accuracy,0.6137776065742168,0.6137776065742168,0.6137776065742168,0.6137776065742168
case,0.6850281095239079,0.6007920792079208,0.6378275397326268,100.2
control,0.5459246467176093,0.6308954203691046,0.5832076192736075,76.4
macro avg,0.6154763781207586,0.6158437497885128,0.6105175795031171,176.6
weighted avg,0.624874019875101,0.6137776065742168,0.614191549620992,176.6
