,precision,recall,f1-score,support
accuracy,0.5504815100154083,0.5504815100154083,0.5504815100154083,0.5504815100154083
case,0.6067906277148896,0.6128910891089109,0.6069538848193292,100.2
control,0.47442976185833236,0.46893369788106626,0.4671636976829312,76.4
macro avg,0.540610194786611,0.5409123934949885,0.5370587912511302,176.6
weighted avg,0.5495207002515746,0.5504815100154083,0.546409413573333,176.6
