,precision,recall,f1-score,support
accuracy,0.5212669683257919,0.5212669683257919,0.5212669683257919,0.5212669683257919
case,0.5772497540402227,0.5664,0.5689422417534519,125.0
control,0.45319474758409106,0.4625,0.45414041684634965,96.0
macro avg,0.515222250812157,0.51445,0.5115413292999007,221.0
weighted avg,0.5233616064393691,0.5212669683257919,0.5190735757304573,221.0
