,precision,recall,f1-score,support
accuracy,0.7819914974095548,0.7819914974095548,0.7819914974095548,0.7819914974095548
case,0.8296561980015131,0.7749389027431421,0.8012608526087016,400.8
control,0.7286093829164395,0.7912268295296261,0.7584986882262313,305.6
macro avg,0.7791327904589763,0.783082866136384,0.7798797704174665,706.4
weighted avg,0.78593782616414,0.7819914974095548,0.7827623510684832,706.4
