,precision,recall,f1-score,support
accuracy,0.530316742081448,0.530316742081448,0.530316742081448,0.530316742081448
case,0.5914308891240166,0.5488000000000001,0.5692116045645479,125.0
control,0.46283800745536896,0.50625,0.48346501870715414,96.0
macro avg,0.5271344482896929,0.527525,0.526338311635851,221.0
weighted avg,0.5355715378109389,0.530316742081448,0.5319642188527387,221.0
