,precision,recall,f1-score,support
accuracy,0.5438914027149322,0.5438914027149322,0.5438914027149322,0.5438914027149322
case,0.6015094378894388,0.5791999999999999,0.5899674209251193,125.0
control,0.4746195286195286,0.4979166666666667,0.485787237972112,96.0
macro avg,0.5380644832544836,0.5385583333333334,0.5378773294486157,221.0
weighted avg,0.5463898392925547,0.5438914027149322,0.5447126808188356,221.0
