,precision,recall,f1-score,support
accuracy,0.49411764705882355,0.49411764705882355,0.49411764705882355,0.49411764705882355
case,0.5610617028089364,0.49119999999999997,0.521102232273799,125.0
control,0.42786712409003436,0.4979166666666667,0.45807009235347423,96.0
macro avg,0.4944644134494853,0.4945583333333333,0.48958616231363666,221.0
weighted avg,0.5032034242704089,0.49411764705882355,0.4937217552043367,221.0
