,precision,recall,f1-score,support
accuracy,0.4995475113122172,0.4995475113122172,0.4995475113122172,0.4995475113122172
case,0.5619645941729555,0.5232,0.5415580328111332,125.0
control,0.43008033906265697,0.46875,0.4482397537744422,96.0
macro avg,0.49602246661780625,0.49597499999999994,0.4948988932927877,221.0
weighted avg,0.5046755059802466,0.4995475113122172,0.5010215858087698,221.0
