,precision,recall,f1-score,support
accuracy,0.5266968325791855,0.5266968325791855,0.5266968325791855,0.5266968325791855
case,0.5892661097168265,0.5359999999999999,0.5609974453506563,125.0
control,0.4605988414783389,0.5145833333333333,0.48576391153964893,96.0
macro avg,0.5249324755975827,0.5252916666666667,0.5233806784451527,221.0
weighted avg,0.5333744456856283,0.5266968325791855,0.5283168152789065,221.0
