,precision,recall,f1-score,support
accuracy,0.5119350282485875,0.5119350282485875,0.5119350282485875,0.5119350282485875
case,0.5695906211217431,0.569029702970297,0.5678105619657698,100.2
control,0.43704380106205243,0.43714969241285023,0.4350040553646702,76.4
macro avg,0.5033172110918978,0.5030896976915736,0.5014073086652201,176.6
weighted avg,0.5122554788271506,0.5119350282485875,0.5103393840605337,176.6
