,precision,recall,f1-score,support
accuracy,0.49230769230769234,0.49230769230769234,0.49230769230769234,0.49230769230769234
case,0.5552528423528975,0.5104,0.5316409570766432,125.0
control,0.4242668279432985,0.46875,0.4451598464990812,96.0
macro avg,0.48975983514809796,0.489575,0.48840040178786215,221.0
weighted avg,0.4983539401659224,0.49230769230769234,0.494074501803132,221.0
