,precision,recall,f1-score,support
accuracy,0.5185520361990951,0.5185520361990951,0.5185520361990951,0.5185520361990951
case,0.5777783324290787,0.5519999999999999,0.5637862105617539,125.0
control,0.44936225742260216,0.475,0.4608576837967032,96.0
macro avg,0.5135702949258405,0.5135,0.5123219471792286,221.0
weighted avg,0.5219957840099758,0.5185520361990951,0.5190751763108722,221.0
