,precision,recall,f1-score,support
accuracy,0.49592760180995477,0.49592760180995477,0.49592760180995477,0.49592760180995477
case,0.5563372390914333,0.5408000000000001,0.5481855084271513,125.0
control,0.4217886197466732,0.4375,0.42917546309202204,96.0
macro avg,0.4890629294190532,0.4891500000000001,0.4886804857595866,221.0
weighted avg,0.49789078000954656,0.49592760180995477,0.496488837150353,221.0
