,precision,recall,f1-score,support
accuracy,0.5266628145865434,0.5266628145865434,0.5266628145865434,0.5266628145865434
case,0.5860202509229493,0.558910891089109,0.571629700494922,100.2
control,0.4570867894018621,0.4843130553656869,0.46976259651065416,76.4
macro avg,0.5215535201624057,0.5216119732273979,0.5206961485027881,176.6
weighted avg,0.5302502067641237,0.5266628145865434,0.5275767184287679,176.6
