,precision,recall,f1-score,support
accuracy,0.5393665158371042,0.5393665158371042,0.5393665158371042,0.5393665158371042
case,0.5909349208996084,0.6112,0.5991865411879689,125.0
control,0.4671255674817318,0.4458333333333333,0.4535057086076213,96.0
macro avg,0.5290302441906701,0.5285166666666666,0.5263461248977951,221.0
weighted avg,0.5371534823108475,0.5393665158371042,0.5359043695693563,221.0
