,precision,recall,f1-score,support
accuracy,0.5874845234422269,0.5874845234422269,0.5874845234422269,0.5874845234422269
case,0.6545282254396766,0.5783391521197008,0.6139881007987724,400.8
control,0.5201517462634586,0.5994578377799207,0.5569153297117919,305.6
macro avg,0.5873399858515675,0.5888984949498107,0.5854517152552822,706.4
weighted avg,0.596393878442068,0.5874845234422269,0.5893015594779475,706.4
