,precision,recall,f1-score,support
accuracy,0.49368900873138166,0.49368900873138166,0.49368900873138166,0.49368900873138166
case,0.5624186036284629,0.48302970297029707,0.5196175337963788,100.2
control,0.4283651035521908,0.5075871496924128,0.46455090334873894,76.4
macro avg,0.49539185359032684,0.4953084263313549,0.4920842185725588,176.6
weighted avg,0.5044320250365626,0.49368900873138166,0.4958159427292569,176.6
