,precision,recall,f1-score,support
accuracy,0.5481445814072933,0.5481445814072933,0.5481445814072933,0.5481445814072933
case,0.5983714243568701,0.6189306930693069,0.6077905087620813,100.2
control,0.4774730531813865,0.45522898154477104,0.4650064414322158,76.4
macro avg,0.5379222387691283,0.5370798373070389,0.5363984750971486,176.6
weighted avg,0.5460867347179306,0.5481445814072933,0.5460460932884402,176.6
