,precision,recall,f1-score,support
accuracy,0.7610403452324188,0.7610403452324188,0.7610403452324188,0.7610403452324188
case,0.8081189477020517,0.7589775561097257,0.7827059641403938,400.8
control,0.7076051187251522,0.7637458480660023,0.7345144590578995,305.6
macro avg,0.757862033213602,0.761361702087864,0.7586102115991467,706.4
weighted avg,0.7646353230434287,0.7610403452324188,0.7618576583654341,706.4
