,precision,recall,f1-score,support
accuracy,0.6443929783508501,0.6443929783508501,0.6443929783508501,0.6443929783508501
case,0.687328326763817,0.6866159600997507,0.6863437656650344,400.8
control,0.5896065735619512,0.5890453230472517,0.5883942131915763,305.6
macro avg,0.6384674501628841,0.6378306415735011,0.6373689894283053,706.4
weighted avg,0.6450563514993546,0.6443929783508501,0.6439650430958507,706.4
