,precision,recall,f1-score,support
accuracy,0.7749125499356897,0.7749125499356897,0.7749125499356897,0.7749125499356897
case,0.8191408798469073,0.7744501246882793,0.7960884968754064,400.8
control,0.723978534493632,0.7754976963462981,0.7487523151598096,305.6
macro avg,0.7715597071702698,0.7749739105172887,0.772420406017608,706.4
weighted avg,0.7779684501714736,0.7749125499356897,0.7756128285260392,706.4
