,precision,recall,f1-score,support
accuracy,0.6998908577298407,0.6998908577298407,0.6998908577298407,0.6998908577298407
case,0.7537982831261243,0.7045940594059406,0.727479975904003,100.2
control,0.640693839434679,0.6940533151059467,0.6652776825200867,76.4
macro avg,0.6972460612804016,0.6993236872559436,0.6963788292120449,176.6
weighted avg,0.7049209834733761,0.6998908577298407,0.7005262246558995,176.6
