,precision,recall,f1-score,support
accuracy,0.6851694915254237,0.6851694915254237,0.6851694915254237,0.6851694915254237
case,0.7297023865666452,0.7086534653465346,0.7183630482780626,100.2
control,0.6322389870807443,0.6546821599453179,0.6423815969915592,76.4
macro avg,0.6809706868236948,0.6816678126459262,0.680372322634811,176.6
weighted avg,0.6875906461174203,0.6851694915254237,0.6854513106229314,176.6
