,precision,recall,f1-score,support
accuracy,0.6115883410374936,0.6115883410374936,0.6115883410374936,0.6115883410374936
case,0.6650986381243891,0.6407524752475247,0.6514433032376961,100.2
control,0.5486357843675663,0.5733766233766234,0.5592232790394035,76.4
macro avg,0.6068672112459776,0.6070645493120741,0.6053332911385498,176.6
weighted avg,0.614712732865041,0.6115883410374936,0.6115383660221181,176.6
