,precision,recall,f1-score,support
accuracy,0.49592760180995477,0.49592760180995477,0.49592760180995477,0.49592760180995477
case,0.5526702674733841,0.5551999999999999,0.5527084133922363,125.0
control,0.4216274657817122,0.41875,0.4186973003899402,96.0
macro avg,0.487148866627548,0.486975,0.4857028568910883,221.0
weighted avg,0.49574669750777095,0.49592760180995477,0.49449544122834305,221.0
