,precision,recall,f1-score,support
accuracy,0.6871415348738436,0.6871415348738436,0.6871415348738436,0.6871415348738436
case,0.7436058359584627,0.685135910224439,0.7129581258523905,400.8
control,0.6257521603588913,0.6897910639665702,0.6559763262306412,305.6
macro avg,0.684678998158677,0.6874634870955045,0.6844672260415157,706.4
weighted avg,0.6926238871796244,0.6871415348738436,0.6883045212908462,706.4
