,precision,recall,f1-score,support
accuracy,0.7131942413181018,0.7131942413181018,0.7131942413181018,0.7131942413181018
case,0.7678869848977387,0.7105997506234414,0.7371966603780113,400.8
control,0.6549836391651308,0.7166784528018858,0.683451840645651,305.6
macro avg,0.7114353120314347,0.7136391017126635,0.7103242505118312,706.4
weighted avg,0.7190585860308845,0.7131942413181018,0.7139360201084286,706.4
