,precision,recall,f1-score,support
accuracy,0.567420814479638,0.567420814479638,0.567420814479638,0.567420814479638
case,0.6199649385932021,0.6096,0.6144446853189729,125.0
control,0.5017340894679607,0.5125,0.5066921691133299,96.0
macro avg,0.5608495140305815,0.56105,0.5605684272161514,221.0
weighted avg,0.56860674168812,0.567420814479638,0.5676381624423135,221.0
