,precision,recall,f1-score,support
accuracy,0.548183102208526,0.548183102208526,0.548183102208526,0.548183102208526
case,0.6069225111096718,0.5706732673267327,0.5863743016729186,100.2
control,0.482374706553811,0.518215994531784,0.49760139153648664,76.4
macro avg,0.5446486088317414,0.5444446309292583,0.5419878466047027,176.6
weighted avg,0.5530307138708255,0.548183102208526,0.5480667331864879,176.6
