,precision,recall,f1-score,support
accuracy,0.769022855675398,0.769022855675398,0.769022855675398,0.769022855675398
case,0.8060590390002155,0.7824950495049505,0.7935892447758782,100.2
control,0.7252799297991019,0.7514695830485304,0.7374041529509905,76.4
macro avg,0.7656694843996588,0.7669823162767405,0.7654966988634343,176.6
weighted avg,0.7711410832796226,0.769022855675398,0.7692719399950743,176.6
