,precision,recall,f1-score,support
accuracy,0.7143285878567622,0.7143285878567622,0.7143285878567622,0.7143285878567622
case,0.7673062622548004,0.7130798004987531,0.738941835495817,400.8
control,0.6558953305810356,0.7159541412193293,0.684300369050902,305.6
macro avg,0.7116007964179178,0.7145169708590412,0.7116211022733595,706.4
weighted avg,0.7191070650212051,0.7143285878567622,0.7153051772335495,706.4
