,precision,recall,f1-score,support
accuracy,0.733300343389256,0.733300343389256,0.733300343389256,0.733300343389256
case,0.7780688357086505,0.7514663341645885,0.7597422125197043,400.8
control,0.6968915590180025,0.7092874745526626,0.6941481583251349,305.6
macro avg,0.7374801973633265,0.7303769043586256,0.7269451854224196,706.4
weighted avg,0.7429100792250377,0.733300343389256,0.7313875938958814,706.4
