,precision,recall,f1-score,support
accuracy,0.5104072398190045,0.5104072398190045,0.5104072398190045,0.5104072398190045
case,0.5792872576743798,0.49119999999999997,0.5296569802632805,125.0
control,0.44737694660734145,0.5354166666666667,0.4856910794707936,96.0
macro avg,0.5133321021408607,0.5133083333333334,0.507674029867037,221.0
weighted avg,0.5219868510570238,0.5104072398190045,0.5105586704167704,221.0
