,precision,recall,f1-score,support
accuracy,0.6149653312788905,0.6149653312788905,0.6149653312788905,0.6149653312788905
case,0.6651757500896023,0.6507920792079208,0.655939534270264,100.2
control,0.55559258727656,0.5683526999316473,0.5594032891205676,76.4
macro avg,0.6103841686830812,0.6095723895697841,0.6076714116954157,176.6
weighted avg,0.6178127304450137,0.6149653312788905,0.6141168924032852,176.6
