,precision,recall,f1-score,support
accuracy,0.8590028488886929,0.8590028488886929,0.8590028488886929,0.8590028488886929
case,0.8819828736287173,0.8677618453865337,0.8747231011581642,400.8
control,0.8303807737392059,0.8475216972034716,0.83872487318852,305.6
macro avg,0.8561818236839616,0.8576417712950025,0.8567239871733421,706.4
weighted avg,0.859659901203423,0.8590028488886929,0.859148777960633,706.4
