,precision,recall,f1-score,support
accuracy,0.5028505392912173,0.5028505392912173,0.5028505392912173,0.5028505392912173
case,0.5897110551807844,0.43712871287128713,0.496401716621185,100.2
control,0.44034104093946647,0.5892002734107997,0.5003095409595475,76.4
macro avg,0.5150260480601254,0.5131644931410435,0.4983556287903662,176.6
weighted avg,0.5251494304758338,0.5028505392912173,0.4980841414134856,176.6
