,precision,recall,f1-score,support
accuracy,0.7519966615305599,0.7519966615305599,0.7519966615305599,0.7519966615305599
case,0.7870941822892222,0.7724554455445545,0.7794116841304317,100.2
control,0.7087619047619047,0.7250854408749146,0.7164017340290721,76.4
macro avg,0.7479280435255635,0.7487704432097345,0.747906709079752,176.6
weighted avg,0.7531910143033472,0.7519966615305599,0.752161930640626,176.6
