,precision,recall,f1-score,support
accuracy,0.4968325791855204,0.4968325791855204,0.4968325791855204,0.4968325791855204
case,0.5562036853909177,0.5456,0.5507531086349315,125.0
control,0.42286190876263785,0.4333333333333333,0.42791596101448687,96.0
macro avg,0.4895327970767778,0.48946666666666666,0.4893345348247092,221.0
weighted avg,0.49828146567908577,0.4968325791855204,0.49739398568668414,221.0
