,precision,recall,f1-score,support
accuracy,0.5411764705882354,0.5411764705882354,0.5411764705882354,0.5411764705882354
case,0.5942112060602116,0.5968,0.5954206641239194,125.0
control,0.4713163130864994,0.46875,0.4699166202664776,96.0
macro avg,0.5327637595733555,0.532775,0.5326686421951985,221.0
weighted avg,0.5408269991576036,0.5411764705882354,0.5409030704120895,221.0
