,precision,recall,f1-score,support
accuracy,0.765530303030303,0.765530303030303,0.765530303030303,0.765530303030303
case,0.8011286666574599,0.7824158415841584,0.7911875369135256,100.2
control,0.722669369392693,0.7432330827067669,0.7321170585488259,76.4
macro avg,0.7618990180250764,0.7628244621454627,0.7616522977311757,176.6
weighted avg,0.7671603262775764,0.765530303030303,0.7656524795238728,176.6
