,precision,recall,f1-score,support
accuracy,0.5131221719457013,0.5131221719457013,0.5131221719457013,0.5131221719457013
case,0.5696794037940379,0.5696,0.5696071317941291,125.0
control,0.4394497187669635,0.4395833333333333,0.4394738281295737,96.0
macro avg,0.5045645612805008,0.5045916666666667,0.5045404799618514,221.0
weighted avg,0.5131090428772997,0.5131221719457013,0.5130786378945937,221.0
