,precision,recall,f1-score,support
accuracy,0.7394838212634822,0.7394838212634822,0.7394838212634822,0.7394838212634822
case,0.774552266451135,0.7645148514851485,0.769234951017743,100.2
control,0.6954980459255673,0.7065276828434723,0.7005579847360519,76.4
macro avg,0.7350251561883512,0.7355212671643104,0.7348964678768974,176.6
weighted avg,0.7403477868958845,0.7394838212634822,0.7395495276161574,176.6
