,precision,recall,f1-score,support
accuracy,0.5208782742681047,0.5208782742681047,0.5208782742681047,0.5208782742681047
case,0.5842735609380093,0.548950495049505,0.565046211948834,100.2
control,0.4483248527406721,0.4843814080656186,0.4644790480655459,76.4
macro avg,0.5162992068393406,0.5166659515575617,0.5147626300071899,176.6
weighted avg,0.5254738614577753,0.5208782742681047,0.5214769477520075,176.6
