,precision,recall,f1-score,support
accuracy,0.873165151399802,0.873165151399802,0.873165151399802,0.873165151399802
case,0.9027437657614273,0.8702605985037406,0.8861797267243408,400.8
control,0.8375556169364753,0.8769827493839066,0.8567798974848758,305.6
macro avg,0.8701496913489514,0.8736216739438236,0.8714798121046081,706.4
weighted avg,0.8745440827937513,0.873165151399802,0.8734600095786782,706.4
