,precision,recall,f1-score,support
accuracy,0.736412083134659,0.736412083134659,0.736412083134659,0.736412083134659
case,0.7740188971656139,0.7644900249376558,0.7660719470278501,400.8
control,0.6999808631458666,0.6997128468873888,0.6941300716502021,305.6
macro avg,0.7369998801557403,0.7321014359125224,0.7301010093390261,706.4
weighted avg,0.74201488268608,0.736412083134659,0.734934311839522,706.4
