,precision,recall,f1-score,support
accuracy,0.5176470588235293,0.5176470588235293,0.5176470588235293,0.5176470588235293
case,0.5768716205107287,0.5568,0.5663256524300138,125.0
control,0.446202917675358,0.4666666666666667,0.4558253101440591,96.0
macro avg,0.5115372690930433,0.5117333333333333,0.5110754812870365,221.0
weighted avg,0.5201105550256808,0.5176470588235293,0.5183255037447122,221.0
