,precision,recall,f1-score,support
accuracy,0.4877828054298643,0.4877828054298643,0.4877828054298643,0.4877828054298643
case,0.5497994282545056,0.5184,0.5332226292539293,125.0
control,0.41696702973401994,0.4479166666666667,0.43142035341548607,96.0
macro avg,0.4833832289942627,0.48315833333333325,0.48232149133470764,221.0
weighted avg,0.4920984768609914,0.4877828054298643,0.4890008261747866,221.0
