,precision,recall,f1-score,support
accuracy,0.7182933914597449,0.7182933914597449,0.7182933914597449,0.7182933914597449
case,0.7499552656677257,0.7559812967581048,0.7527646478058502,400.8
control,0.6765894876713399,0.6688353155469838,0.6723824589909126,305.6
macro avg,0.7132723766695328,0.7124083061525444,0.7125735533983815,706.4
weighted avg,0.718209980116381,0.7182933914597449,0.7179934491001523,706.4
