,precision,recall,f1-score,support
accuracy,0.8575860176062122,0.8575860176062122,0.8575860176062122,0.8575860176062122
case,0.8804799254093849,0.8667581047381546,0.8734281762786725,400.8
control,0.8293247102342187,0.8455501982213651,0.8371383911916871,305.6
macro avg,0.8549023178218018,0.8561541514797598,0.8552832837351797,706.4
weighted avg,0.8583480059550024,0.8575860176062122,0.8577293218797089,706.4
