,precision,recall,f1-score,support
accuracy,0.6840010272213661,0.6840010272213661,0.6840010272213661,0.6840010272213661
case,0.7265640249710752,0.7105940594059406,0.7181913131001496,100.2
control,0.6319331232565915,0.6489747095010253,0.6398957509785355,76.4
macro avg,0.6792485741138334,0.6797843844534829,0.6790435320393425,176.6
weighted avg,0.6856184058536284,0.6840010272213661,0.6843481246910679,176.6
