,precision,recall,f1-score,support
accuracy,0.4895927601809955,0.4895927601809955,0.4895927601809955,0.4895927601809955
case,0.5495733126721764,0.544,0.5466945108015249,125.0
control,0.41308301394655594,0.41875,0.415799852089736,96.0
macro avg,0.4813281633093661,0.481375,0.4812471814456304,221.0
weighted avg,0.4902834091533547,0.4895927601809955,0.48983529253758035,221.0
