,precision,recall,f1-score,support
accuracy,0.7279118968149344,0.7279118968149344,0.7279118968149344,0.7279118968149344
case,0.7647650818274437,0.7524887780548629,0.7583056647271513,400.8
control,0.6821967363607964,0.6956305582342226,0.68842152781625,305.6
macro avg,0.72348090909412,0.7240596681445427,0.7233635962717007,706.4
weighted avg,0.7290375468035883,0.7279118968149344,0.7280795456358671,706.4
