,precision,recall,f1-score,support
accuracy,0.6271189360943379,0.6271189360943379,0.6271189360943379,0.6271189360943379
case,0.6924482822026475,0.6167680798004987,0.6524141256473384,400.8
control,0.5603804365828613,0.6406964534447659,0.597846397316475,305.6
macro avg,0.6264143593927545,0.6287322666226324,0.6251302614819066,706.4
weighted avg,0.6353146185398306,0.6271189360943379,0.6288072913540448,706.4
