,precision,recall,f1-score,support
accuracy,0.5436119671289162,0.5436119671289162,0.5436119671289162,0.5436119671289162
case,0.5928444476830236,0.6188118811881188,0.6044475920947904,100.2
control,0.47379561208120613,0.4450444292549555,0.4572922577331485,76.4
macro avg,0.5333200298821149,0.5319281552215372,0.5308699249139694,176.6
weighted avg,0.5413554495501451,0.5436119671289162,0.5407794284705207,176.6
