,precision,recall,f1-score,support
accuracy,0.5277606574216744,0.5277606574216744,0.5277606574216744,0.5277606574216744
case,0.5848488993005786,0.5671287128712871,0.5693484087418845,100.2
control,0.46342901991835284,0.47645249487354746,0.46074045315793305,76.4
macro avg,0.5241389596094658,0.5217906038724174,0.5150444309499088,176.6
weighted avg,0.5323283724765687,0.5277606574216744,0.5222971272999829,176.6
