,precision,recall,f1-score,support
accuracy,0.517578325629173,0.517578325629173,0.517578325629173,0.517578325629173
case,0.5859661941436624,0.5130495049504951,0.5460253882937686,100.2
control,0.45029348779188166,0.5235816814764183,0.48322453729649323,76.4
macro avg,0.518129840967772,0.5183155932134567,0.5146249627951309,176.6
weighted avg,0.527279271097466,0.517578325629173,0.5188469590163388,176.6
