,precision,recall,f1-score,support
accuracy,0.818516975129322,0.818516975129322,0.818516975129322,0.818516975129322
case,0.8553808481478352,0.8188740648379053,0.8366259359645702,400.8
control,0.7750407618544326,0.8180606450230365,0.7958324272111023,305.6
macro avg,0.815210805001134,0.8184673549304708,0.8162291815878362,706.4
weighted avg,0.8206295203378792,0.818516975129322,0.818978001005098,706.4
