,precision,recall,f1-score,support
accuracy,0.5058823529411764,0.5058823529411764,0.5058823529411764,0.5058823529411764
case,0.571318370931481,0.5072,0.5370056889190153,125.0
control,0.4398700394333628,0.5041666666666667,0.4695294589145019,96.0
macro avg,0.5055942051824218,0.5056833333333334,0.5032675739167585,221.0
weighted avg,0.5142186432218911,0.5058823529411764,0.5076947473785932,221.0
