,precision,recall,f1-score,support
accuracy,0.7327491011813045,0.7327491011813045,0.7327491011813045,0.7327491011813045
case,0.7696716945342228,0.7584554455445545,0.7635962169056416,100.2
control,0.6866718264939846,0.6993164730006836,0.6923178715443437,76.4
macro avg,0.7281717605141037,0.728885959272619,0.7279570442249926,176.6
weighted avg,0.7338028883654965,0.7327491011813045,0.7327185129830192,176.6
