,precision,recall,f1-score,support
accuracy,0.8422985843707803,0.8422985843707803,0.8422985843707803,0.8422985843707803
case,0.8705639143444305,0.8483142144638404,0.8592239252719975,400.8
control,0.80764950748693,0.8344155148398157,0.8207090541424101,305.6
macro avg,0.8391067109156802,0.8413648646518281,0.8399664897072038,706.4
weighted avg,0.8433497024056826,0.8422985843707803,0.8425621569397347,706.4
