,precision,recall,f1-score,support
accuracy,0.5040723981900452,0.5040723981900452,0.5040723981900452,0.5040723981900452
case,0.562482972159805,0.5471999999999999,0.5545153125003874,125.0
control,0.4329714366783316,0.4479166666666667,0.4400748316513513,96.0
macro avg,0.4977272044190683,0.4975583333333334,0.49729507207586937,221.0
weighted avg,0.5062245676067667,0.5040723981900452,0.5048036104121183,221.0
