,precision,recall,f1-score,support
accuracy,0.5515215716486903,0.5515215716486903,0.5515215716486903,0.5515215716486903
case,0.6083253945367348,0.5867722772277227,0.5956176533621463,100.2
control,0.48421442427251443,0.5052973342447027,0.4925075699091135,76.4
macro avg,0.5462699094046245,0.5460348057362128,0.5440626116356299,176.6
weighted avg,0.5546497070860599,0.5515215716486903,0.5510168519058106,176.6
