,precision,recall,f1-score,support
accuracy,0.502262443438914,0.502262443438914,0.502262443438914,0.502262443438914
case,0.5664419935256637,0.5136000000000001,0.5385667000024232,125.0
control,0.4346235797057766,0.4875,0.4593892655972277,96.0
macro avg,0.5005327866157201,0.50055,0.4989779827998254,221.0
weighted avg,0.509181506074491,0.502262443438914,0.5041728823422478,221.0
