,precision,recall,f1-score,support
accuracy,0.8539053014973694,0.8539053014973694,0.8539053014973694,0.8539053014973694
case,0.8788301628714178,0.861283042394015,0.8699653099419754,400.8
control,0.8226945197295112,0.844228008143148,0.83331790223586,305.6
macro avg,0.8507623413004646,0.8527555252685814,0.8516416060889178,706.4
weighted avg,0.8545465597900435,0.8539053014973694,0.8541121145298177,706.4
