,precision,recall,f1-score,support
accuracy,0.7239583124641886,0.7239583124641886,0.7239583124641886,0.7239583124641886
case,0.753323265843788,0.7634700748129676,0.758228200995429,400.8
control,0.6848485675579333,0.6721097182042216,0.6781824439294422,305.6
macro avg,0.7190859167008605,0.7177898965085946,0.7182053224624356,706.4
weighted avg,0.7236944878598749,0.7239583124641886,0.7236025262283408,706.4
