,precision,recall,f1-score,support
accuracy,0.7101438109912686,0.7101438109912686,0.7101438109912686,0.7101438109912686
case,0.746404713735123,0.7406534653465346,0.7431552686379026,100.2
control,0.6649656604697822,0.6700956937799043,0.6669594694494516,76.4
macro avg,0.7056851871024526,0.7053745795632195,0.7050573690436772,176.6
weighted avg,0.7111776184233184,0.7101438109912686,0.7102015633302623,176.6
