,precision,recall,f1-score,support
accuracy,0.4624434389140271,0.4624434389140271,0.4624434389140271,0.4624434389140271
case,0.525233957782121,0.512,0.5177985889004796,125.0
control,0.38454891633284694,0.3979166666666667,0.3902776008092599,96.0
macro avg,0.454891437057484,0.45495833333333335,0.45403809485486973,221.0
weighted avg,0.46412190357791144,0.4624434389140271,0.4624048565169633,221.0
