,precision,recall,f1-score,support
accuracy,0.4995475113122172,0.4995475113122172,0.4995475113122172,0.4995475113122172
case,0.5584648784783355,0.5456000000000001,0.5512674559922706,125.0
control,0.4271677701642679,0.4395833333333333,0.4324251546887615,96.0
macro avg,0.4928163243213016,0.49259166666666665,0.49184630534051604,221.0
weighted avg,0.5014308404776544,0.4995475113122172,0.49964365090115354,221.0
