,precision,recall,f1-score,support
accuracy,0.7463218883604265,0.7463218883604265,0.7463218883604265,0.7463218883604265
case,0.8101949417128571,0.722564837905237,0.7634104997432208,400.8
control,0.6820216905240265,0.7775141969356049,0.7262247795494093,305.6
macro avg,0.7461083161184419,0.750039517420421,0.7448176396463151,706.4
weighted avg,0.7547524761870167,0.7463218883604265,0.7473196085743345,706.4
