,precision,recall,f1-score,support
accuracy,0.6577062238801784,0.6577062238801784,0.6577062238801784,0.6577062238801784
case,0.7085848858588115,0.6756483790523691,0.6907755996526942,400.8
control,0.5997129292881771,0.6341305046608807,0.615374865916527,305.6
macro avg,0.6541489075734944,0.6548894418566249,0.6530752327846105,706.4
weighted avg,0.6614786424149425,0.6577062238801784,0.6581623291211098,706.4
