,precision,recall,f1-score,support
accuracy,0.48699922958397535,0.48699922958397535,0.48699922958397535,0.48699922958397535
case,0.5563939110550445,0.474950495049505,0.5120227091025054,100.2
control,0.42178851550102997,0.5028366370471634,0.4584388429071666,76.4
macro avg,0.4890912132780373,0.4888935660483341,0.485230776004836,176.6
weighted avg,0.498172886161072,0.48699922958397535,0.48883963463958413,176.6
