,precision,recall,f1-score,support
accuracy,0.6452464428960095,0.6452464428960095,0.6452464428960095,0.6452464428960095
case,0.6978140052275628,0.6651608478802993,0.6788606201735975,400.8
control,0.588430738402581,0.6190571091824708,0.5998240797706899,305.6
macro avg,0.6431223718150718,0.6421089785313849,0.6393423499721437,706.4
weighted avg,0.6504847112196523,0.6452464428960095,0.6446799325244921,706.4
