,precision,recall,f1-score,support
accuracy,0.6070240532754206,0.6070240532754206,0.6070240532754206,0.6070240532754206
case,0.6695498413744966,0.6067967581047381,0.636589916638495,400.8
control,0.5409224322816671,0.6073288331726132,0.5721634450952309,305.6
macro avg,0.6052361368280819,0.6070627956386757,0.6043766808668629,706.4
weighted avg,0.6139049705942136,0.6070240532754206,0.6087172713625992,706.4
