,precision,recall,f1-score,support
accuracy,0.5209938366718028,0.5209938366718028,0.5209938366718028,0.5209938366718028
case,0.583518094604482,0.548970297029703,0.5648752306188377,100.2
control,0.44955934529159347,0.48458646616541345,0.46553298374353214,76.4
macro avg,0.5165387199480377,0.5167783815975582,0.5152041071811849,176.6
weighted avg,0.525573168778789,0.5209938366718028,0.5218408438484252,176.6
