,precision,recall,f1-score,support
accuracy,0.5004524886877828,0.5004524886877828,0.5004524886877828,0.5004524886877828
case,0.5620783542829251,0.5248,0.5416801882995566,125.0
control,0.4317922511907474,0.46875,0.4483065225492432,96.0
macro avg,0.49693530273683617,0.49677499999999997,0.4949933554243998,221.0
weighted avg,0.5054834859713908,0.5004524886877828,0.5011196819102801,221.0
