,precision,recall,f1-score,support
accuracy,0.8323907825829122,0.8323907825829122,0.8323907825829122,0.8323907825829122
case,0.8654018573380469,0.8343291770573567,0.8495754936621003,400.8
control,0.7925621628131067,0.8298510661095039,0.8107696543181657,305.6
macro avg,0.8289820100755767,0.8320901215834302,0.8301725739901331,706.4
weighted avg,0.8338904994197429,0.8323907825829122,0.8327870560786751,706.4
