,precision,recall,f1-score,support
accuracy,0.49592760180995477,0.49592760180995477,0.49592760180995477,0.49592760180995477
case,0.553686796446496,0.5648,0.5586244671275191,125.0
control,0.4165687037970155,0.40625,0.4105476698040548,96.0
macro avg,0.4851277501217558,0.485525,0.484586068465787,221.0
weighted avg,0.4941241860648213,0.49592760180995477,0.4943015144440233,221.0
