,precision,recall,f1-score,support
accuracy,0.7113572162300976,0.7113572162300976,0.7113572162300976,0.7113572162300976
case,0.75119878927967,0.7406732673267327,0.7447711223969982,100.2
control,0.663005961904783,0.6732057416267943,0.6661415699775268,76.4
macro avg,0.7071023755922264,0.7069395044767635,0.7054563461872625,176.6
weighted avg,0.7130865594083919,0.7113572162300976,0.7107098755053162,176.6
