,precision,recall,f1-score,support
accuracy,0.7180073005277056,0.7180073005277056,0.7180073005277056,0.7180073005277056
case,0.7822801566039593,0.6995785536159602,0.7373361900163936,400.8
control,0.6548600004588525,0.7421407907425265,0.6943906185803173,305.6
macro avg,0.7185700785314059,0.7208596721792433,0.7158634042983555,706.4
weighted avg,0.7271501556605373,0.7180073005277056,0.7187620602438314,706.4
