,precision,recall,f1-score,support
accuracy,0.7143253823561231,0.7143253823561231,0.7143253823561231,0.7143253823561231
case,0.7663565538312805,0.7145748129675811,0.739471862065051,400.8
control,0.6560749650883371,0.71399549983928,0.6837061774133216,305.6
macro avg,0.7112157594598087,0.7142851564034306,0.7115890197391863,706.4
weighted avg,0.7186473647550237,0.7143253823561231,0.7153475262796757,706.4
