,precision,recall,f1-score,support
accuracy,0.4624434389140271,0.4624434389140271,0.4624434389140271,0.4624434389140271
case,0.5241658106657122,0.5344,0.5291784121515808,125.0
control,0.3784637928995756,0.36875,0.37346892945577154,96.0
macro avg,0.45131480178264394,0.45157499999999995,0.4513236708036762,221.0
weighted avg,0.4608744364324583,0.4624434389140271,0.4615399038312292,221.0
