,precision,recall,f1-score,support
accuracy,0.48144796380090493,0.48144796380090493,0.48144796380090493,0.48144796380090493
case,0.5428997353680823,0.5216000000000001,0.5316459335814588,125.0
control,0.40823371104996103,0.4291666666666667,0.4180161879762533,96.0
macro avg,0.4755667232090216,0.4753833333333334,0.47483106077885606,221.0
weighted avg,0.48440227684075365,0.48144796380090493,0.4822864060787452,221.0
