,precision,recall,f1-score,support
accuracy,0.8499489123335644,0.8499489123335644,0.8499489123335644,0.8499489123335644
case,0.8689025829100133,0.8662780548628429,0.8675143698114217,400.8
control,0.8256465935904241,0.8285374477659916,0.8269710556002694,305.6
macro avg,0.8472745882502188,0.8474077513144171,0.8472427127058456,706.4
weighted avg,0.8501912992350235,0.8499489123335644,0.8499746792425537,706.4
