,precision,recall,f1-score,support
accuracy,0.7222485785608104,0.7222485785608104,0.7222485785608104,0.7222485785608104
case,0.8034044465064168,0.6805997506234414,0.7341403472425213,400.8
control,0.6527735433073535,0.7767855994856959,0.7070638730498173,305.6
macro avg,0.7280889949068852,0.7286926750545687,0.7206021101461694,706.4
weighted avg,0.7382226047198226,0.7222485785608104,0.722437417663584,706.4
