,precision,recall,f1-score,support
accuracy,0.5095022624434389,0.5095022624434389,0.5095022624434389,0.5095022624434389
case,0.568408332847328,0.5519999999999999,0.5599299837478335,125.0
control,0.43769129072889407,0.4541666666666667,0.4455966441920748,96.0
macro avg,0.503049811788111,0.5030833333333333,0.5027633139699541,221.0
weighted avg,0.511626269302669,0.5095022624434389,0.5102648226738388,221.0
