,precision,recall,f1-score,support
accuracy,0.5158371040723982,0.5158371040723982,0.5158371040723982,0.5158371040723982
case,0.5759501211659203,0.5472,0.5610693749777079,125.0
control,0.4459673293562485,0.475,0.459872298092285,96.0
macro avg,0.5109587252610843,0.5111,0.5104708365349964,221.0
weighted avg,0.5194870079816285,0.5158371040723982,0.5171104637514609,221.0
