,precision,recall,f1-score,support
accuracy,0.7428929121725731,0.7428929121725731,0.7428929121725731,0.7428929121725731
case,0.7804652233098238,0.7604950495049505,0.7701035168064815,100.2
control,0.6975823288929573,0.7198906356801094,0.7081834554421884,76.4
macro avg,0.7390237761013906,0.7401928425925299,0.739143486124335,176.6
weighted avg,0.7446448649300967,0.7428929121725731,0.7433159446770461,176.6
