,precision,recall,f1-score,support
accuracy,0.5412942989214177,0.5412942989214177,0.5412942989214177,0.5412942989214177
case,0.6005711015627649,0.566950495049505,0.5828092669823104,100.2
control,0.47381506022773284,0.5077238550922761,0.48967676523839404,76.4
macro avg,0.5371930808952489,0.5373371750708905,0.5362430161103522,176.6
weighted avg,0.5457603491262218,0.5412942989214177,0.5425148351293172,176.6
