,precision,recall,f1-score,support
accuracy,0.49411764705882355,0.49411764705882355,0.49411764705882355,0.49411764705882355
case,0.560609110643172,0.49119999999999997,0.523516987849769,125.0
control,0.4286950161686738,0.4979166666666667,0.46063729078742294,96.0
macro avg,0.4946520634059229,0.49455833333333327,0.492077139318596,221.0
weighted avg,0.5033070605547021,0.49411764705882355,0.49620273030232454,221.0
