,precision,recall,f1-score,support
accuracy,0.553755778120185,0.553755778120185,0.553755778120185,0.553755778120185
case,0.6206602025425555,0.5628514851485148,0.5881188661283944,100.2
control,0.48317370892018785,0.5417293233082707,0.5086642035907658,76.4
macro avg,0.5519169557313716,0.5522904042283927,0.54839153485958,176.6
weighted avg,0.5611860993432336,0.553755778120185,0.5537694291581153,176.6
