,precision,recall,f1-score,support
accuracy,0.7151740386503239,0.7151740386503239,0.7151740386503239,0.7151740386503239
case,0.7552671193213165,0.7370386533665835,0.7457357163371238,400.8
control,0.6664301670543915,0.6865380906460945,0.6759007613577518,305.6
macro avg,0.710848643187854,0.711788372006339,0.7108182388474378,706.4
weighted avg,0.716842296526033,0.7151740386503239,0.7155191146318307,706.4
